,Value,Station No,Max Width [mm],Max Depth [mm],Station Thickness [mm]
Positive Shear [N],595.7606688080471,14,568.014304,342.4999985,102.67857099999992
Negative Shear [N],-944.3377414092413,22,651.596665,342.5,102.67857099999992
Positive Bending Moment [Nm],367.91986321311646,15,585.722941,342.5,102.67857099999992
Negative Bending Moment [Nm],-655.9013995024304,56,34.109421,94.3063755,102.67857100000037
Moment at the end [Nm],-655.9013995024304,56,,,
