,Value,Station No,Max Width [mm],Max Depth [mm],Station Thickness [mm]
Positive Shear [N],598.794779623201,14,568.014304,342.4999985,102.67857099999992
Negative Shear [N],-942.8683892210495,22,651.596665,342.5,102.67857099999992
Positive Bending Moment [Nm],371.70847523901915,15,585.722941,342.5,102.67857099999992
Negative Bending Moment [Nm],-655.9013995024578,52,34.109421,94.3063755,102.67857100000037
Moment at the end [Nm],-655.9013995024578,56,,,
