,Value,Station No,Max Width [mm],Max Depth [mm],Station Thickness [mm]
Positive Shear [N],865.9528120163644,11,498.472576,342.499633,102.6785719999998
Negative Shear [N],-1002.5968676160142,45,524.569515,342.499935,102.67857099999947
Positive Bending Moment [Nm],629.7064202282951,26,659.473852,342.5,102.67857099999992
Negative Bending Moment [Nm],-33.63731279999928,56,34.109421,94.3063755,102.67857100000037
Moment at the end [Nm],-33.63731279999928,56,,,
