,Value,Station No,Max Width [mm],Max Depth [mm],Station Thickness [mm]
Positive Shear [N],309.75466528076964,10,469.21875,342.498115,102.67857100000015
Negative Shear [N],-900.5394607735415,23,654.8738149999999,342.5,102.67857200000026
Positive Bending Moment [Nm],113.34906453407777,10,469.21875,342.498115,102.67857100000015
Negative Bending Moment [Nm],-1733.9163267199253,56,34.109421,94.3063755,102.67857100000037
Moment at the end [Nm],-1733.9163267199253,56,,,
