,Value,Station No,Max Width [mm],Max Depth [mm],Station Thickness [mm]
Positive Shear [N],737.6159931608067,49,400.518859,342.460967,102.67857100000037
Negative Shear [N],-545.4797332906592,10,469.21875,342.498115,102.67857100000015
Positive Bending Moment [Nm],581.6603468249273,49,400.518859,342.460967,102.67857100000037
Negative Bending Moment [Nm],-48.12192348836966,28,659.984967,342.5,102.67857099999992
Moment at the end [Nm],478.0173008200132,56,,,
