,Value,Station No,Max Width [mm],Max Depth [mm],Station Thickness [mm]
Positive Shear [N],598.794779623201,14,568.014304,342.4999985,102.67857099999992
Negative Shear [N],-661.5984227172673,42,585.722941,342.5,102.67857100000037
Positive Bending Moment [Nm],439.97054042503106,28,659.984967,342.5,102.67857099999992
Negative Bending Moment [Nm],-11.426504022446716,56,34.109421,94.3063755,102.67857100000037
Moment at the end [Nm],-11.426504022446716,56,,,
