,Value,Station No,Max Width [mm],Max Depth [mm],Station Thickness [mm]
Positive Shear [N],260.51306829091584,10,469.21875,342.498115,102.67857100000015
Negative Shear [N],-922.5797435964166,23,654.8738149999999,342.5,102.67857200000026
Positive Bending Moment [Nm],79.90699506433747,10,469.21875,342.498115,102.67857100000015
Negative Bending Moment [Nm],-1734.108418516654,55,99.892949,246.3406025,102.6785719999998
Moment at the end [Nm],-1733.9163267200233,56,,,
