,Value,Station No,Max Width [mm],Max Depth [mm],Station Thickness [mm]
Positive Shear [N],694.9733150521092,42,585.722941,342.5,102.67857100000037
Negative Shear [N],-543.4545300860511,8,400.518859,342.460967,102.67857100000003
Positive Bending Moment [Nm],552.8009973372137,52,269.282526,340.27340100000004,102.67857099999947
Negative Bending Moment [Nm],0.0,1,34.109421,94.3063755,102.678571
Moment at the end [Nm],481.3383733150167,56,,,
