,Value,Station No,Max Width [mm],Max Depth [mm],Station Thickness [mm]
Positive Shear [N],869.2269383421361,11,498.472576,342.499633,102.6785719999998
Negative Shear [N],-1005.8237796161616,45,524.569515,342.499935,102.67857099999947
Positive Bending Moment [Nm],635.6105314577962,26,659.473852,342.5,102.67857099999992
Negative Bending Moment [Nm],-33.637312800006754,56,34.109421,94.3063755,102.67857100000037
Moment at the end [Nm],-33.637312800006754,56,,,
