,Value,Station No,Max Width [mm],Max Depth [mm],Station Thickness [mm]
Positive Shear [N],706.9402196232008,14,568.014304,342.4999985,102.67857099999992
Negative Shear [N],-777.4685370029813,42,585.722941,342.5,102.67857100000037
Positive Bending Moment [Nm],454.94184066759146,15,585.722941,342.5,102.67857099999992
Negative Bending Moment [Nm],-10.905926562453933,54,34.109421,94.3063755,102.67857100000037
Moment at the end [Nm],-10.905926562453933,56,,,
