,Value,Station No,Max Width [mm],Max Depth [mm],Station Thickness [mm]
Positive Shear [N],236.01811208362815,9,329.38775499999997,309.86028650000003,107.14285699999994
Negative Shear [N],-1011.6761916230054,22,605.306122,348.1050795,107.14285699999982
Positive Bending Moment [Nm],106.6249966583195,10,360.408163,315.338843,107.14285699999994
Negative Bending Moment [Nm],-2076.325671754034,56,22.44898,117.620104,107.14285699999982
Moment at the end [Nm],-2076.325671754034,56,,,
