,Value,Station No,Max Width [mm],Max Depth [mm],Station Thickness [mm]
Positive Shear [N],429.77392446835324,38,566.122449,344.5775255,107.14285699999982
Negative Shear [N],-429.77392446835313,19,566.122449,344.5775255,107.14285699999982
Positive Bending Moment [Nm],0.7145934115573935,56,22.44898,117.620104,107.14285699999982
Negative Bending Moment [Nm],-283.60733719260895,19,566.122449,344.5775255,107.14285699999982
Moment at the end [Nm],0.7145934115573935,56,,,
