,Value,Station No,Max Width [mm],Max Depth [mm],Station Thickness [mm]
Positive Shear [N],649.4616528248039,42,585.722941,342.5,102.67857100000037
Negative Shear [N],-498.0158922328865,8,400.518859,342.460967,102.67857100000003
Positive Bending Moment [Nm],563.6701139432594,52,269.282526,340.27340100000004,102.67857099999947
Negative Bending Moment [Nm],0.0,1,34.109421,94.3063755,102.678571
Moment at the end [Nm],481.3383733150182,56,,,
