,Value,Station No,Max Width [mm],Max Depth [mm]
Positive Shear [N],604.0540282540019,41,600.996265,342.5
Negative Shear [N],-602.7049224581712,15,585.722941,342.5
Positive Bending Moment [Nm],243.65822125004613,15,585.722941,342.5
Negative Bending Moment [Nm],-194.4670904654451,28,659.984967,342.5
Moment at the end [Nm],-0.49437736244758534,56,,
