,Value,Station No,Max Width [mm],Max Depth [mm],Station Thickness [mm]
Positive Shear [N],1834.4408395752962,18,624.958546,342.5,102.6785719999998
Negative Shear [N],-1834.4408395753026,38,634.008291,342.5,102.67857099999992
Positive Bending Moment [Nm],662.8717809354249,26,659.473852,342.5,102.67857099999992
Negative Bending Moment [Nm],-369.4089049682673,45,524.569515,342.499935,102.67857099999947
Moment at the end [Nm],-4.805330400014481,56,,,
