,Value,Station No,Max Width [mm],Max Depth [mm],Station Thickness [mm]
Positive Shear [N],420.4717189009066,38,634.008291,342.5,102.67857099999992
Negative Shear [N],-420.47171890090686,19,634.008291,342.5,102.67857100000015
Positive Bending Moment [Nm],4.4423457447317777e-13,56,34.109421,94.3063755,102.67857100000037
Negative Bending Moment [Nm],-291.8407854070631,19,634.008291,342.5,102.67857100000015
Moment at the end [Nm],4.4423457447317777e-13,56,,,
