,Value,Station No,Max Width [mm],Max Depth [mm],Station Thickness [mm]
Positive Shear [N],992.660873186495,11,498.472576,342.499633,102.6785719999998
Negative Shear [N],-1106.7711315953393,45,524.569515,342.499935,102.67857099999947
Positive Bending Moment [Nm],982.0921064998269,31,659.473852,342.5,102.67857099999992
Negative Bending Moment [Nm],-26.411672929942508,56,34.109421,94.3063755,102.67857100000037
Moment at the end [Nm],-26.411672929942327,56,,,
