,Value,Station No,Max Width [mm],Max Depth [mm]
Positive Shear [N],723.6709089525855,45,524.569515,342.499935
Negative Shear [N],-642.7263848589532,14,568.014304,342.4999985
Positive Bending Moment [Nm],411.6315872120397,46,498.472576,342.499633
Negative Bending Moment [Nm],-254.71366350630691,28,659.984967,342.5
Moment at the end [Nm],266.31048543120215,56,,
