Station,Length,Shear
1,0,0.0
1,1,0.0
1,2,0.0
1,3,0.0
1,4,0.0
1,5,0.0
1,6,0.0
1,7,0.0
1,8,0.0
1,9,0.0
1,10,0.0
1,11,0.0
1,12,0.0
1,13,0.0
1,14,0.0
1,15,0.0
1,16,0.0
1,17,0.0
1,18,0.0
1,19,0.0
1,20,0.0
1,21,0.0
1,22,0.0
1,23,0.0
1,24,0.0
1,25,0.0
1,26,0.0
1,27,0.0
1,28,0.0
1,29,0.0
1,30,0.0
1,31,0.0
1,32,0.0
1,33,0.0
1,34,0.0
1,35,0.0
1,36,0.0
1,37,0.0
1,38,0.0
1,39,0.0
1,40,0.0
1,41,0.0
1,42,0.0
1,43,0.0
1,44,0.0
1,45,0.0
1,46,0.0
1,47,0.0
1,48,0.0
1,49,0.0
1,50,0.0
1,51,-17.668148209093296
1,52,-17.668148209093296
1,53,-17.668148209093296
1,54,-17.668148209093296
1,55,-17.668148209093296
1,56,-17.668148209093296
1,57,-17.668148209093296
1,58,-17.668148209093296
1,59,-17.668148209093296
1,60,-17.668148209093296
1,61,-17.668148209093296
1,62,-17.668148209093296
1,63,-17.668148209093296
1,64,-17.668148209093296
1,65,-17.668148209093296
1,66,-17.668148209093296
1,67,-17.668148209093296
1,68,-17.668148209093296
1,69,-17.668148209093296
1,70,-17.668148209093296
1,71,-17.668148209093296
1,72,-17.668148209093296
1,73,-17.668148209093296
1,74,-17.668148209093296
1,75,-17.668148209093296
1,76,-17.668148209093296
1,77,-17.668148209093296
1,78,-17.668148209093296
1,79,-17.668148209093296
1,80,-17.668148209093296
1,81,-17.668148209093296
1,82,-17.668148209093296
1,83,-17.668148209093296
1,84,-17.668148209093296
1,85,-17.668148209093296
1,86,-17.668148209093296
1,87,-17.668148209093296
1,88,-17.668148209093296
1,89,-17.668148209093296
1,90,-17.668148209093296
1,91,-17.668148209093296
1,92,-17.668148209093296
1,93,-17.668148209093296
1,94,-17.668148209093296
1,95,-17.668148209093296
1,96,-17.668148209093296
1,97,-17.668148209093296
1,98,-17.668148209093296
1,99,-17.668148209093296
1,100,-17.668148209093296
2,101,-17.668148209093296
2,102,-17.668148209093296
2,103,-17.668148209093296
2,104,-17.668148209093296
2,105,-17.668148209093296
2,106,-17.668148209093296
2,107,-17.668148209093296
2,108,-17.668148209093296
2,109,-17.668148209093296
2,110,-17.668148209093296
2,111,-17.668148209093296
2,112,-17.668148209093296
2,113,-17.668148209093296
2,114,-17.668148209093296
2,115,-17.668148209093296
2,116,-17.668148209093296
2,117,-17.668148209093296
2,118,-17.668148209093296
2,119,-17.668148209093296
2,120,-17.668148209093296
2,121,-17.668148209093296
2,122,-17.668148209093296
2,123,-17.668148209093296
2,124,-17.668148209093296
2,125,-17.668148209093296
2,126,-17.668148209093296
2,127,-17.668148209093296
2,128,-17.668148209093296
2,129,-17.668148209093296
2,130,-17.668148209093296
2,131,-17.668148209093296
2,132,-17.668148209093296
2,133,-17.668148209093296
2,134,-17.668148209093296
2,135,-17.668148209093296
2,136,-17.668148209093296
2,137,-17.668148209093296
2,138,-17.668148209093296
2,139,-17.668148209093296
2,140,-17.668148209093296
2,141,-17.668148209093296
2,142,-17.668148209093296
2,143,-17.668148209093296
2,144,-17.668148209093296
2,145,-17.668148209093296
2,146,-17.668148209093296
2,147,-17.668148209093296
2,148,-17.668148209093296
2,149,-17.668148209093296
2,150,-17.668148209093296
2,151,-17.668148209093296
2,152,-29.02657148111047
2,153,-29.02657148111047
2,154,-29.02657148111047
2,155,-29.02657148111047
2,156,-29.02657148111047
2,157,-29.02657148111047
2,158,-29.02657148111047
2,159,-29.02657148111047
2,160,-29.02657148111047
2,161,-29.02657148111047
2,162,-29.02657148111047
2,163,-29.02657148111047
2,164,-29.02657148111047
2,165,-29.02657148111047
2,166,-29.02657148111047
2,167,-29.02657148111047
2,168,-29.02657148111047
2,169,-29.02657148111047
2,170,-29.02657148111047
2,171,-29.02657148111047
2,172,-29.02657148111047
2,173,-29.02657148111047
2,174,-29.02657148111047
2,175,-29.02657148111047
2,176,-29.02657148111047
2,177,-29.02657148111047
2,178,-29.02657148111047
2,179,-29.02657148111047
2,180,-29.02657148111047
2,181,-29.02657148111047
2,182,-29.02657148111047
2,183,-29.02657148111047
2,184,-29.02657148111047
2,185,-29.02657148111047
2,186,-29.02657148111047
2,187,-29.02657148111047
2,188,-29.02657148111047
2,189,-29.02657148111047
2,190,-29.02657148111047
2,191,-29.02657148111047
2,192,-29.02657148111047
2,193,-29.02657148111047
2,194,-29.02657148111047
2,195,-29.02657148111047
2,196,-29.02657148111047
2,197,-29.02657148111047
2,198,-29.02657148111047
2,199,-29.02657148111047
2,200,-29.02657148111047
2,201,-29.02657148111047
3,202,-29.02657148111047
3,203,-29.02657148111047
3,204,-29.02657148111047
3,205,-29.02657148111047
3,206,-29.02657148111047
3,207,-29.02657148111047
3,208,-29.02657148111047
3,209,-29.02657148111047
3,210,-29.02657148111047
3,211,-29.02657148111047
3,212,-29.02657148111047
3,213,-29.02657148111047
3,214,-29.02657148111047
3,215,-29.02657148111047
3,216,-29.02657148111047
3,217,-29.02657148111047
3,218,-29.02657148111047
3,219,-29.02657148111047
3,220,-29.02657148111047
3,221,-29.02657148111047
3,222,-29.02657148111047
3,223,-29.02657148111047
3,224,-29.02657148111047
3,225,-29.02657148111047
3,226,-29.02657148111047
3,227,-29.02657148111047
3,228,-29.02657148111047
3,229,-29.02657148111047
3,230,-29.02657148111047
3,231,-29.02657148111047
3,232,-29.02657148111047
3,233,-29.02657148111047
3,234,-29.02657148111047
3,235,-29.02657148111047
3,236,-29.02657148111047
3,237,-29.02657148111047
3,238,-29.02657148111047
3,239,-29.02657148111047
3,240,-29.02657148111047
3,241,-29.02657148111047
3,242,-29.02657148111047
3,243,-29.02657148111047
3,244,-29.02657148111047
3,245,-29.02657148111047
3,246,-29.02657148111047
3,247,-29.02657148111047
3,248,-29.02657148111047
3,249,-29.02657148111047
3,250,-29.02657148111047
3,251,-29.02657148111047
3,252,-29.02657148111047
3,253,-29.682329917029872
3,254,-29.682329917029872
3,255,-29.682329917029872
3,256,-29.682329917029872
3,257,-29.682329917029872
3,258,-29.682329917029872
3,259,-29.682329917029872
3,260,-29.682329917029872
3,261,-29.682329917029872
3,262,-29.682329917029872
3,263,-29.682329917029872
3,264,-29.682329917029872
3,265,-29.682329917029872
3,266,-29.682329917029872
3,267,-29.682329917029872
3,268,-29.682329917029872
3,269,-29.682329917029872
3,270,-29.682329917029872
3,271,-29.682329917029872
3,272,-29.682329917029872
3,273,-29.682329917029872
3,274,-29.682329917029872
3,275,-29.682329917029872
3,276,-29.682329917029872
3,277,-29.682329917029872
3,278,-29.682329917029872
3,279,-29.682329917029872
3,280,-29.682329917029872
3,281,-29.682329917029872
3,282,-29.682329917029872
3,283,-29.682329917029872
3,284,-29.682329917029872
3,285,-29.682329917029872
3,286,-29.682329917029872
3,287,-29.682329917029872
3,288,-29.682329917029872
3,289,-29.682329917029872
3,290,-29.682329917029872
3,291,-29.682329917029872
3,292,-29.682329917029872
3,293,-29.682329917029872
3,294,-29.682329917029872
3,295,-29.682329917029872
3,296,-29.682329917029872
3,297,-29.682329917029872
3,298,-29.682329917029872
3,299,-29.682329917029872
3,300,-29.682329917029872
3,301,-29.682329917029872
3,302,-29.682329917029872
4,303,-29.682329917029872
4,304,-29.682329917029872
4,305,-29.682329917029872
4,306,-29.682329917029872
4,307,-29.682329917029872
4,308,-29.682329917029872
4,309,-29.682329917029872
4,310,-29.682329917029872
4,311,-29.682329917029872
4,312,-29.682329917029872
4,313,-29.682329917029872
4,314,-29.682329917029872
4,315,-29.682329917029872
4,316,-29.682329917029872
4,317,-29.682329917029872
4,318,-29.682329917029872
4,319,-29.682329917029872
4,320,-29.682329917029872
4,321,-29.682329917029872
4,322,-29.682329917029872
4,323,-29.682329917029872
4,324,-29.682329917029872
4,325,-29.682329917029872
4,326,-29.682329917029872
4,327,-29.682329917029872
4,328,-29.682329917029872
4,329,-29.682329917029872
4,330,-29.682329917029872
4,331,-29.682329917029872
4,332,-29.682329917029872
4,333,-29.682329917029872
4,334,-29.682329917029872
4,335,-29.682329917029872
4,336,-29.682329917029872
4,337,-29.682329917029872
4,338,-29.682329917029872
4,339,-29.682329917029872
4,340,-29.682329917029872
4,341,-29.682329917029872
4,342,-29.682329917029872
4,343,-29.682329917029872
4,344,-29.682329917029872
4,345,-29.682329917029872
4,346,-29.682329917029872
4,347,-29.682329917029872
4,348,-29.682329917029872
4,349,-29.682329917029872
4,350,-29.682329917029872
4,351,-29.682329917029872
4,352,-29.682329917029872
4,353,-29.682329917029872
4,354,-14.371902416395312
4,355,-14.371902416395312
4,356,-14.371902416395312
4,357,-14.371902416395312
4,358,-14.371902416395312
4,359,-14.371902416395312
4,360,-14.371902416395312
4,361,-14.371902416395312
4,362,-14.371902416395312
4,363,-14.371902416395312
4,364,-14.371902416395312
4,365,-14.371902416395312
4,366,-14.371902416395312
4,367,-14.371902416395312
4,368,-14.371902416395312
4,369,-14.371902416395312
4,370,-14.371902416395312
4,371,-14.371902416395312
4,372,-14.371902416395312
4,373,-14.371902416395312
4,374,-14.371902416395312
4,375,-14.371902416395312
4,376,-14.371902416395312
4,377,-14.371902416395312
4,378,-14.371902416395312
4,379,-14.371902416395312
4,380,-14.371902416395312
4,381,-14.371902416395312
4,382,-14.371902416395312
4,383,-14.371902416395312
4,384,-14.371902416395312
4,385,-14.371902416395312
4,386,-14.371902416395312
4,387,-14.371902416395312
4,388,-14.371902416395312
4,389,-14.371902416395312
4,390,-14.371902416395312
4,391,-14.371902416395312
4,392,-14.371902416395312
4,393,-14.371902416395312
4,394,-14.371902416395312
4,395,-14.371902416395312
4,396,-14.371902416395312
4,397,-14.371902416395312
4,398,-14.371902416395312
4,399,-14.371902416395312
4,400,-14.371902416395312
4,401,-14.371902416395312
4,402,-14.371902416395312
4,403,-14.371902416395312
5,404,-14.371902416395312
5,405,-14.371902416395312
5,406,-14.371902416395312
5,407,-14.371902416395312
5,408,-14.371902416395312
5,409,-14.371902416395312
5,410,-14.371902416395312
5,411,-14.371902416395312
5,412,-14.371902416395312
5,413,-14.371902416395312
5,414,-14.371902416395312
5,415,-14.371902416395312
5,416,-14.371902416395312
5,417,-14.371902416395312
5,418,-14.371902416395312
5,419,-14.371902416395312
5,420,-14.371902416395312
5,421,-14.371902416395312
5,422,-14.371902416395312
5,423,-14.371902416395312
5,424,-14.371902416395312
5,425,-14.371902416395312
5,426,-14.371902416395312
5,427,-14.371902416395312
5,428,-14.371902416395312
5,429,-14.371902416395312
5,430,-14.371902416395312
5,431,-14.371902416395312
5,432,-14.371902416395312
5,433,-14.371902416395312
5,434,-14.371902416395312
5,435,-14.371902416395312
5,436,-14.371902416395312
5,437,-14.371902416395312
5,438,-14.371902416395312
5,439,-14.371902416395312
5,440,-14.371902416395312
5,441,-14.371902416395312
5,442,-14.371902416395312
5,443,-14.371902416395312
5,444,-14.371902416395312
5,445,-14.371902416395312
5,446,-14.371902416395312
5,447,-14.371902416395312
5,448,-14.371902416395312
5,449,-14.371902416395312
5,450,-14.371902416395312
5,451,-14.371902416395312
5,452,-14.371902416395312
5,453,-14.371902416395312
5,454,-14.371902416395312
5,455,19.085038084875983
5,456,19.085038084875983
5,457,19.085038084875983
5,458,19.085038084875983
5,459,19.085038084875983
5,460,19.085038084875983
5,461,19.085038084875983
5,462,19.085038084875983
5,463,19.085038084875983
5,464,19.085038084875983
5,465,19.085038084875983
5,466,19.085038084875983
5,467,19.085038084875983
5,468,19.085038084875983
5,469,19.085038084875983
5,470,19.085038084875983
5,471,19.085038084875983
5,472,19.085038084875983
5,473,19.085038084875983
5,474,19.085038084875983
5,475,19.085038084875983
5,476,19.085038084875983
5,477,19.085038084875983
5,478,19.085038084875983
5,479,19.085038084875983
5,480,19.085038084875983
5,481,19.085038084875983
5,482,19.085038084875983
5,483,19.085038084875983
5,484,19.085038084875983
5,485,19.085038084875983
5,486,19.085038084875983
5,487,19.085038084875983
5,488,19.085038084875983
5,489,19.085038084875983
5,490,19.085038084875983
5,491,19.085038084875983
5,492,19.085038084875983
5,493,19.085038084875983
5,494,19.085038084875983
5,495,19.085038084875983
5,496,19.085038084875983
5,497,19.085038084875983
5,498,19.085038084875983
5,499,19.085038084875983
5,500,19.085038084875983
5,501,19.085038084875983
5,502,19.085038084875983
5,503,19.085038084875983
6,504,19.085038084875983
6,505,19.085038084875983
6,506,19.085038084875983
6,507,19.085038084875983
6,508,19.085038084875983
6,509,19.085038084875983
6,510,19.085038084875983
6,511,19.085038084875983
6,512,19.085038084875983
6,513,19.085038084875983
6,514,19.085038084875983
6,515,19.085038084875983
6,516,19.085038084875983
6,517,19.085038084875983
6,518,19.085038084875983
6,519,19.085038084875983
6,520,19.085038084875983
6,521,19.085038084875983
6,522,19.085038084875983
6,523,19.085038084875983
6,524,19.085038084875983
6,525,19.085038084875983
6,526,19.085038084875983
6,527,19.085038084875983
6,528,19.085038084875983
6,529,19.085038084875983
6,530,19.085038084875983
6,531,19.085038084875983
6,532,19.085038084875983
6,533,19.085038084875983
6,534,19.085038084875983
6,535,19.085038084875983
6,536,19.085038084875983
6,537,19.085038084875983
6,538,19.085038084875983
6,539,19.085038084875983
6,540,19.085038084875983
6,541,19.085038084875983
6,542,19.085038084875983
6,543,19.085038084875983
6,544,19.085038084875983
6,545,19.085038084875983
6,546,19.085038084875983
6,547,19.085038084875983
6,548,19.085038084875983
6,549,19.085038084875983
6,550,19.085038084875983
6,551,19.085038084875983
6,552,19.085038084875983
6,553,19.085038084875983
6,554,19.085038084875983
6,555,70.72472447469903
6,556,70.72472447469903
6,557,70.72472447469903
6,558,70.72472447469903
6,559,70.72472447469903
6,560,70.72472447469903
6,561,70.72472447469903
6,562,70.72472447469903
6,563,70.72472447469903
6,564,70.72472447469903
6,565,70.72472447469903
6,566,70.72472447469903
6,567,70.72472447469903
6,568,70.72472447469903
6,569,70.72472447469903
6,570,70.72472447469903
6,571,70.72472447469903
6,572,70.72472447469903
6,573,70.72472447469903
6,574,70.72472447469903
6,575,70.72472447469903
6,576,70.72472447469903
6,577,70.72472447469903
6,578,70.72472447469903
6,579,70.72472447469903
6,580,70.72472447469903
6,581,70.72472447469903
6,582,70.72472447469903
6,583,70.72472447469903
6,584,70.72472447469903
6,585,70.72472447469903
6,586,70.72472447469903
6,587,70.72472447469903
6,588,70.72472447469903
6,589,70.72472447469903
6,590,70.72472447469903
6,591,70.72472447469903
6,592,70.72472447469903
6,593,70.72472447469903
6,594,70.72472447469903
6,595,70.72472447469903
6,596,70.72472447469903
6,597,70.72472447469903
6,598,70.72472447469903
6,599,70.72472447469903
6,600,70.72472447469903
6,601,70.72472447469903
6,602,70.72472447469903
6,603,70.72472447469903
6,604,70.72472447469903
7,605,70.72472447469903
7,606,70.72472447469903
7,607,70.72472447469903
7,608,70.72472447469903
7,609,70.72472447469903
7,610,70.72472447469903
7,611,70.72472447469903
7,612,70.72472447469903
7,613,70.72472447469903
7,614,70.72472447469903
7,615,70.72472447469903
7,616,70.72472447469903
7,617,70.72472447469903
7,618,70.72472447469903
7,619,70.72472447469903
7,620,70.72472447469903
7,621,70.72472447469903
7,622,70.72472447469903
7,623,70.72472447469903
7,624,70.72472447469903
7,625,70.72472447469903
7,626,70.72472447469903
7,627,70.72472447469903
7,628,70.72472447469903
7,629,70.72472447469903
7,630,70.72472447469903
7,631,70.72472447469903
7,632,70.72472447469903
7,633,70.72472447469903
7,634,70.72472447469903
7,635,70.72472447469903
7,636,70.72472447469903
7,637,70.72472447469903
7,638,70.72472447469903
7,639,70.72472447469903
7,640,70.72472447469903
7,641,70.72472447469903
7,642,70.72472447469903
7,643,70.72472447469903
7,644,70.72472447469903
7,645,70.72472447469903
7,646,70.72472447469903
7,647,70.72472447469903
7,648,70.72472447469903
7,649,70.72472447469903
7,650,70.72472447469903
7,651,70.72472447469903
7,652,70.72472447469903
7,653,70.72472447469903
7,654,70.72472447469903
7,655,70.72472447469903
7,656,139.63915975410532
7,657,139.63915975410532
7,658,139.63915975410532
7,659,139.63915975410532
7,660,139.63915975410532
7,661,139.63915975410532
7,662,139.63915975410532
7,663,139.63915975410532
7,664,139.63915975410532
7,665,139.63915975410532
7,666,139.63915975410532
7,667,139.63915975410532
7,668,139.63915975410532
7,669,139.63915975410532
7,670,139.63915975410532
7,671,139.63915975410532
7,672,139.63915975410532
7,673,139.63915975410532
7,674,139.63915975410532
7,675,139.63915975410532
7,676,139.63915975410532
7,677,139.63915975410532
7,678,139.63915975410532
7,679,139.63915975410532
7,680,139.63915975410532
7,681,139.63915975410532
7,682,139.63915975410532
7,683,139.63915975410532
7,684,139.63915975410532
7,685,139.63915975410532
7,686,139.63915975410532
7,687,139.63915975410532
7,688,139.63915975410532
7,689,139.63915975410532
7,690,139.63915975410532
7,691,139.63915975410532
7,692,139.63915975410532
7,693,139.63915975410532
7,694,139.63915975410532
7,695,139.63915975410532
7,696,139.63915975410532
7,697,139.63915975410532
7,698,139.63915975410532
7,699,139.63915975410532
7,700,139.63915975410532
7,701,139.63915975410532
7,702,139.63915975410532
7,703,139.63915975410532
7,704,139.63915975410532
7,705,139.63915975410532
8,706,139.63915975410532
8,707,139.63915975410532
8,708,139.63915975410532
8,709,139.63915975410532
8,710,139.63915975410532
8,711,139.63915975410532
8,712,139.63915975410532
8,713,139.63915975410532
8,714,139.63915975410532
8,715,139.63915975410532
8,716,139.63915975410532
8,717,139.63915975410532
8,718,139.63915975410532
8,719,139.63915975410532
8,720,139.63915975410532
8,721,139.63915975410532
8,722,139.63915975410532
8,723,139.63915975410532
8,724,139.63915975410532
8,725,139.63915975410532
8,726,139.63915975410532
8,727,139.63915975410532
8,728,139.63915975410532
8,729,139.63915975410532
8,730,139.63915975410532
8,731,139.63915975410532
8,732,139.63915975410532
8,733,139.63915975410532
8,734,139.63915975410532
8,735,139.63915975410532
8,736,139.63915975410532
8,737,139.63915975410532
8,738,139.63915975410532
8,739,139.63915975410532
8,740,139.63915975410532
8,741,139.63915975410532
8,742,139.63915975410532
8,743,139.63915975410532
8,744,139.63915975410532
8,745,139.63915975410532
8,746,139.63915975410532
8,747,139.63915975410532
8,748,139.63915975410532
8,749,139.63915975410532
8,750,139.63915975410532
8,751,139.63915975410532
8,752,139.63915975410532
8,753,139.63915975410532
8,754,139.63915975410532
8,755,139.63915975410532
8,756,139.63915975410532
8,757,224.16321905622462
8,758,224.16321905622462
8,759,224.16321905622462
8,760,224.16321905622462
8,761,224.16321905622462
8,762,224.16321905622462
8,763,224.16321905622462
8,764,224.16321905622462
8,765,224.16321905622462
8,766,224.16321905622462
8,767,224.16321905622462
8,768,224.16321905622462
8,769,224.16321905622462
8,770,224.16321905622462
8,771,224.16321905622462
8,772,224.16321905622462
8,773,224.16321905622462
8,774,224.16321905622462
8,775,224.16321905622462
8,776,224.16321905622462
8,777,224.16321905622462
8,778,224.16321905622462
8,779,224.16321905622462
8,780,224.16321905622462
8,781,224.16321905622462
8,782,224.16321905622462
8,783,224.16321905622462
8,784,224.16321905622462
8,785,224.16321905622462
8,786,224.16321905622462
8,787,224.16321905622462
8,788,224.16321905622462
8,789,224.16321905622462
8,790,224.16321905622462
8,791,224.16321905622462
8,792,224.16321905622462
8,793,224.16321905622462
8,794,224.16321905622462
8,795,224.16321905622462
8,796,224.16321905622462
8,797,224.16321905622462
8,798,224.16321905622462
8,799,224.16321905622462
8,800,224.16321905622462
8,801,224.16321905622462
8,802,224.16321905622462
8,803,224.16321905622462
8,804,224.16321905622462
8,805,224.16321905622462
8,806,224.16321905622462
9,807,224.16321905622462
9,808,224.16321905622462
9,809,224.16321905622462
9,810,224.16321905622462
9,811,224.16321905622462
9,812,224.16321905622462
9,813,224.16321905622462
9,814,224.16321905622462
9,815,224.16321905622462
9,816,224.16321905622462
9,817,224.16321905622462
9,818,224.16321905622462
9,819,224.16321905622462
9,820,224.16321905622462
9,821,224.16321905622462
9,822,224.16321905622462
9,823,224.16321905622462
9,824,224.16321905622462
9,825,224.16321905622462
9,826,224.16321905622462
9,827,224.16321905622462
9,828,224.16321905622462
9,829,224.16321905622462
9,830,224.16321905622462
9,831,224.16321905622462
9,832,224.16321905622462
9,833,224.16321905622462
9,834,224.16321905622462
9,835,224.16321905622462
9,836,224.16321905622462
9,837,224.16321905622462
9,838,224.16321905622462
9,839,224.16321905622462
9,840,224.16321905622462
9,841,224.16321905622462
9,842,224.16321905622462
9,843,224.16321905622462
9,844,224.16321905622462
9,845,224.16321905622462
9,846,224.16321905622462
9,847,224.16321905622462
9,848,224.16321905622462
9,849,224.16321905622462
9,850,224.16321905622462
9,851,224.16321905622462
9,852,224.16321905622462
9,853,224.16321905622462
9,854,224.16321905622462
9,855,224.16321905622462
9,856,224.16321905622462
9,857,224.16321905622462
9,858,322.26984825749525
9,859,322.26984825749525
9,860,322.26984825749525
9,861,322.26984825749525
9,862,322.26984825749525
9,863,322.26984825749525
9,864,322.26984825749525
9,865,322.26984825749525
9,866,322.26984825749525
9,867,322.26984825749525
9,868,322.26984825749525
9,869,322.26984825749525
9,870,322.26984825749525
9,871,322.26984825749525
9,872,322.26984825749525
9,873,322.26984825749525
9,874,322.26984825749525
9,875,322.26984825749525
9,876,322.26984825749525
9,877,322.26984825749525
9,878,322.26984825749525
9,879,322.26984825749525
9,880,322.26984825749525
9,881,322.26984825749525
9,882,322.26984825749525
9,883,322.26984825749525
9,884,322.26984825749525
9,885,322.26984825749525
9,886,322.26984825749525
9,887,322.26984825749525
9,888,322.26984825749525
9,889,322.26984825749525
9,890,322.26984825749525
9,891,322.26984825749525
9,892,322.26984825749525
9,893,322.26984825749525
9,894,322.26984825749525
9,895,322.26984825749525
9,896,322.26984825749525
9,897,322.26984825749525
9,898,322.26984825749525
9,899,322.26984825749525
9,900,322.26984825749525
9,901,322.26984825749525
9,902,322.26984825749525
9,903,322.26984825749525
9,904,322.26984825749525
9,905,322.26984825749525
9,906,322.26984825749525
9,907,322.26984825749525
10,908,322.26984825749525
10,909,322.26984825749525
10,910,322.26984825749525
10,911,322.26984825749525
10,912,322.26984825749525
10,913,322.26984825749525
10,914,322.26984825749525
10,915,322.26984825749525
10,916,322.26984825749525
10,917,322.26984825749525
10,918,322.26984825749525
10,919,322.26984825749525
10,920,322.26984825749525
10,921,322.26984825749525
10,922,322.26984825749525
10,923,322.26984825749525
10,924,322.26984825749525
10,925,322.26984825749525
10,926,322.26984825749525
10,927,322.26984825749525
10,928,322.26984825749525
10,929,322.26984825749525
10,930,322.26984825749525
10,931,322.26984825749525
10,932,322.26984825749525
10,933,322.26984825749525
10,934,322.26984825749525
10,935,322.26984825749525
10,936,322.26984825749525
10,937,322.26984825749525
10,938,322.26984825749525
10,939,322.26984825749525
10,940,322.26984825749525
10,941,322.26984825749525
10,942,322.26984825749525
10,943,322.26984825749525
10,944,322.26984825749525
10,945,322.26984825749525
10,946,322.26984825749525
10,947,322.26984825749525
10,948,322.26984825749525
10,949,322.26984825749525
10,950,322.26984825749525
10,951,322.26984825749525
10,952,322.26984825749525
10,953,322.26984825749525
10,954,322.26984825749525
10,955,322.26984825749525
10,956,322.26984825749525
10,957,322.26984825749525
10,958,322.26984825749525
10,959,432.65580877418756
10,960,432.65580877418756
10,961,432.65580877418756
10,962,432.65580877418756
10,963,432.65580877418756
10,964,432.65580877418756
10,965,432.65580877418756
10,966,432.65580877418756
10,967,432.65580877418756
10,968,432.65580877418756
10,969,432.65580877418756
10,970,432.65580877418756
10,971,432.65580877418756
10,972,432.65580877418756
10,973,432.65580877418756
10,974,432.65580877418756
10,975,432.65580877418756
10,976,432.65580877418756
10,977,432.65580877418756
10,978,432.65580877418756
10,979,432.65580877418756
10,980,432.65580877418756
10,981,432.65580877418756
10,982,432.65580877418756
10,983,432.65580877418756
10,984,432.65580877418756
10,985,432.65580877418756
10,986,432.65580877418756
10,987,432.65580877418756
10,988,432.65580877418756
10,989,432.65580877418756
10,990,432.65580877418756
10,991,432.65580877418756
10,992,432.65580877418756
10,993,432.65580877418756
10,994,432.65580877418756
10,995,432.65580877418756
10,996,432.65580877418756
10,997,432.65580877418756
10,998,432.65580877418756
10,999,432.65580877418756
10,1000,432.65580877418756
10,1001,432.65580877418756
10,1002,432.65580877418756
10,1003,432.65580877418756
10,1004,432.65580877418756
10,1005,432.65580877418756
10,1006,432.65580877418756
10,1007,432.65580877418756
10,1008,432.65580877418756
11,1009,432.65580877418756
11,1010,432.65580877418756
11,1011,432.65580877418756
11,1012,432.65580877418756
11,1013,432.65580877418756
11,1014,432.65580877418756
11,1015,432.65580877418756
11,1016,432.65580877418756
11,1017,432.65580877418756
11,1018,432.65580877418756
11,1019,432.65580877418756
11,1020,432.65580877418756
11,1021,432.65580877418756
11,1022,432.65580877418756
11,1023,432.65580877418756
11,1024,432.65580877418756
11,1025,432.65580877418756
11,1026,432.65580877418756
11,1027,432.65580877418756
11,1028,432.65580877418756
11,1029,432.65580877418756
11,1030,432.65580877418756
11,1031,432.65580877418756
11,1032,432.65580877418756
11,1033,432.65580877418756
11,1034,432.65580877418756
11,1035,432.65580877418756
11,1036,432.65580877418756
11,1037,432.65580877418756
11,1038,432.65580877418756
11,1039,432.65580877418756
11,1040,432.65580877418756
11,1041,432.65580877418756
11,1042,432.65580877418756
11,1043,432.65580877418756
11,1044,432.65580877418756
11,1045,432.65580877418756
11,1046,432.65580877418756
11,1047,432.65580877418756
11,1048,432.65580877418756
11,1049,432.65580877418756
11,1050,432.65580877418756
11,1051,432.65580877418756
11,1052,432.65580877418756
11,1053,432.65580877418756
11,1054,432.65580877418756
11,1055,432.65580877418756
11,1056,432.65580877418756
11,1057,432.65580877418756
11,1058,432.65580877418756
11,1059,432.65580877418756
11,1060,554.6099187207442
11,1061,554.6099187207442
11,1062,554.6099187207442
11,1063,554.6099187207442
11,1064,554.6099187207442
11,1065,554.6099187207442
11,1066,554.6099187207442
11,1067,554.6099187207442
11,1068,554.6099187207442
11,1069,554.6099187207442
11,1070,554.6099187207442
11,1071,554.6099187207442
11,1072,554.6099187207442
11,1073,554.6099187207442
11,1074,554.6099187207442
11,1075,554.6099187207442
11,1076,554.6099187207442
11,1077,554.6099187207442
11,1078,554.6099187207442
11,1079,554.6099187207442
11,1080,554.6099187207442
11,1081,554.6099187207442
11,1082,554.6099187207442
11,1083,554.6099187207442
11,1084,554.6099187207442
11,1085,554.6099187207442
11,1086,554.6099187207442
11,1087,554.6099187207442
11,1088,554.6099187207442
11,1089,554.6099187207442
11,1090,554.6099187207442
11,1091,554.6099187207442
11,1092,554.6099187207442
11,1093,554.6099187207442
11,1094,554.6099187207442
11,1095,554.6099187207442
11,1096,554.6099187207442
11,1097,554.6099187207442
11,1098,554.6099187207442
11,1099,554.6099187207442
11,1100,-666.7350812792558
11,1101,-666.7350812792558
11,1102,-666.7350812792558
11,1103,-666.7350812792558
11,1104,-666.7350812792558
11,1105,-666.7350812792558
11,1106,-666.7350812792558
11,1107,-666.7350812792558
11,1108,-666.7350812792558
11,1109,-666.7350812792558
12,1110,-666.7350812792558
12,1111,-666.7350812792558
12,1112,-666.7350812792558
12,1113,-666.7350812792558
12,1114,-666.7350812792558
12,1115,-666.7350812792558
12,1116,-666.7350812792558
12,1117,-666.7350812792558
12,1118,-666.7350812792558
12,1119,-666.7350812792558
12,1120,-666.7350812792558
12,1121,-666.7350812792558
12,1122,-666.7350812792558
12,1123,-666.7350812792558
12,1124,-666.7350812792558
12,1125,-666.7350812792558
12,1126,-666.7350812792558
12,1127,-666.7350812792558
12,1128,-666.7350812792558
12,1129,-666.7350812792558
12,1130,-666.7350812792558
12,1131,-666.7350812792558
12,1132,-666.7350812792558
12,1133,-666.7350812792558
12,1134,-666.7350812792558
12,1135,-666.7350812792558
12,1136,-666.7350812792558
12,1137,-666.7350812792558
12,1138,-666.7350812792558
12,1139,-666.7350812792558
12,1140,-666.7350812792558
12,1141,-666.7350812792558
12,1142,-666.7350812792558
12,1143,-666.7350812792558
12,1144,-666.7350812792558
12,1145,-666.7350812792558
12,1146,-666.7350812792558
12,1147,-666.7350812792558
12,1148,-666.7350812792558
12,1149,-666.7350812792558
12,1150,-666.7350812792558
12,1151,-666.7350812792558
12,1152,-666.7350812792558
12,1153,-666.7350812792558
12,1154,-666.7350812792558
12,1155,-666.7350812792558
12,1156,-666.7350812792558
12,1157,-666.7350812792558
12,1158,-666.7350812792558
12,1159,-666.7350812792558
12,1160,-666.7350812792558
12,1161,-533.9563933621233
12,1162,-533.9563933621233
12,1163,-533.9563933621233
12,1164,-533.9563933621233
12,1165,-533.9563933621233
12,1166,-533.9563933621233
12,1167,-533.9563933621233
12,1168,-533.9563933621233
12,1169,-533.9563933621233
12,1170,-533.9563933621233
12,1171,-533.9563933621233
12,1172,-533.9563933621233
12,1173,-533.9563933621233
12,1174,-533.9563933621233
12,1175,-533.9563933621233
12,1176,-533.9563933621233
12,1177,-533.9563933621233
12,1178,-533.9563933621233
12,1179,-533.9563933621233
12,1180,-533.9563933621233
12,1181,-533.9563933621233
12,1182,-533.9563933621233
12,1183,-533.9563933621233
12,1184,-533.9563933621233
12,1185,-533.9563933621233
12,1186,-533.9563933621233
12,1187,-533.9563933621233
12,1188,-533.9563933621233
12,1189,-533.9563933621233
12,1190,-533.9563933621233
12,1191,-533.9563933621233
12,1192,-533.9563933621233
12,1193,-533.9563933621233
12,1194,-533.9563933621233
12,1195,-533.9563933621233
12,1196,-533.9563933621233
12,1197,-533.9563933621233
12,1198,-533.9563933621233
12,1199,-533.9563933621233
12,1200,-533.9563933621233
12,1201,-533.9563933621233
12,1202,-533.9563933621233
12,1203,-533.9563933621233
12,1204,-533.9563933621233
12,1205,-533.9563933621233
12,1206,-533.9563933621233
12,1207,-533.9563933621233
12,1208,-533.9563933621233
12,1209,-533.9563933621233
12,1210,-533.9563933621233
13,1211,-533.9563933621233
13,1212,-533.9563933621233
13,1213,-533.9563933621233
13,1214,-533.9563933621233
13,1215,-533.9563933621233
13,1216,-533.9563933621233
13,1217,-533.9563933621233
13,1218,-533.9563933621233
13,1219,-533.9563933621233
13,1220,-533.9563933621233
13,1221,-533.9563933621233
13,1222,-533.9563933621233
13,1223,-533.9563933621233
13,1224,-533.9563933621233
13,1225,-533.9563933621233
13,1226,-533.9563933621233
13,1227,-533.9563933621233
13,1228,-533.9563933621233
13,1229,-533.9563933621233
13,1230,-533.9563933621233
13,1231,-533.9563933621233
13,1232,-533.9563933621233
13,1233,-533.9563933621233
13,1234,-533.9563933621233
13,1235,-533.9563933621233
13,1236,-533.9563933621233
13,1237,-533.9563933621233
13,1238,-533.9563933621233
13,1239,-533.9563933621233
13,1240,-533.9563933621233
13,1241,-533.9563933621233
13,1242,-533.9563933621233
13,1243,-533.9563933621233
13,1244,-533.9563933621233
13,1245,-533.9563933621233
13,1246,-533.9563933621233
13,1247,-533.9563933621233
13,1248,-533.9563933621233
13,1249,-533.9563933621233
13,1250,-533.9563933621233
13,1251,-533.9563933621233
13,1252,-533.9563933621233
13,1253,-533.9563933621233
13,1254,-533.9563933621233
13,1255,-533.9563933621233
13,1256,-533.9563933621233
13,1257,-533.9563933621233
13,1258,-533.9563933621233
13,1259,-533.9563933621233
13,1260,-533.9563933621233
13,1261,-533.9563933621233
13,1262,-391.3262371599924
13,1263,-391.3262371599924
13,1264,-391.3262371599924
13,1265,-391.3262371599924
13,1266,-391.3262371599924
13,1267,-391.3262371599924
13,1268,-391.3262371599924
13,1269,-391.3262371599924
13,1270,-391.3262371599924
13,1271,-391.3262371599924
13,1272,-391.3262371599924
13,1273,-391.3262371599924
13,1274,-391.3262371599924
13,1275,-391.3262371599924
13,1276,-391.3262371599924
13,1277,-391.3262371599924
13,1278,-391.3262371599924
13,1279,-391.3262371599924
13,1280,-391.3262371599924
13,1281,-391.3262371599924
13,1282,-391.3262371599924
13,1283,-391.3262371599924
13,1284,-391.3262371599924
13,1285,-391.3262371599924
13,1286,-391.3262371599924
13,1287,-391.3262371599924
13,1288,-391.3262371599924
13,1289,-391.3262371599924
13,1290,-391.3262371599924
13,1291,-391.3262371599924
13,1292,-391.3262371599924
13,1293,-391.3262371599924
13,1294,-391.3262371599924
13,1295,-391.3262371599924
13,1296,-391.3262371599924
13,1297,-391.3262371599924
13,1298,-391.3262371599924
13,1299,-391.3262371599924
13,1300,-391.3262371599924
13,1301,-391.3262371599924
13,1302,-391.3262371599924
13,1303,-391.3262371599924
13,1304,-391.3262371599924
13,1305,-391.3262371599924
13,1306,-391.3262371599924
13,1307,-391.3262371599924
13,1308,-391.3262371599924
13,1309,-391.3262371599924
13,1310,-391.3262371599924
13,1311,-391.3262371599924
14,1312,-391.3262371599924
14,1313,-391.3262371599924
14,1314,-391.3262371599924
14,1315,-391.3262371599924
14,1316,-391.3262371599924
14,1317,-391.3262371599924
14,1318,-391.3262371599924
14,1319,-391.3262371599924
14,1320,-391.3262371599924
14,1321,-391.3262371599924
14,1322,-391.3262371599924
14,1323,-391.3262371599924
14,1324,-391.3262371599924
14,1325,-391.3262371599924
14,1326,-391.3262371599924
14,1327,-391.3262371599924
14,1328,-391.3262371599924
14,1329,-391.3262371599924
14,1330,-391.3262371599924
14,1331,-391.3262371599924
14,1332,-391.3262371599924
14,1333,-391.3262371599924
14,1334,-391.3262371599924
14,1335,-391.3262371599924
14,1336,-391.3262371599924
14,1337,-391.3262371599924
14,1338,-391.3262371599924
14,1339,-391.3262371599924
14,1340,-391.3262371599924
14,1341,-391.3262371599924
14,1342,-391.3262371599924
14,1343,-391.3262371599924
14,1344,-391.3262371599924
14,1345,-391.3262371599924
14,1346,-391.3262371599924
14,1347,-391.3262371599924
14,1348,-391.3262371599924
14,1349,-391.3262371599924
14,1350,-391.3262371599924
14,1351,-391.3262371599924
14,1352,-391.3262371599924
14,1353,-391.3262371599924
14,1354,-391.3262371599924
14,1355,-391.3262371599924
14,1356,-391.3262371599924
14,1357,-391.3262371599924
14,1358,-391.3262371599924
14,1359,-391.3262371599924
14,1360,-391.3262371599924
14,1361,-391.3262371599924
14,1362,-391.3262371599924
14,1363,-239.78459413914015
14,1364,-239.78459413914015
14,1365,-239.78459413914015
14,1366,-239.78459413914015
14,1367,-239.78459413914015
14,1368,-239.78459413914015
14,1369,-239.78459413914015
14,1370,-239.78459413914015
14,1371,-239.78459413914015
14,1372,-239.78459413914015
14,1373,-239.78459413914015
14,1374,-239.78459413914015
14,1375,-239.78459413914015
14,1376,-239.78459413914015
14,1377,-239.78459413914015
14,1378,-239.78459413914015
14,1379,-239.78459413914015
14,1380,-239.78459413914015
14,1381,-239.78459413914015
14,1382,-239.78459413914015
14,1383,-239.78459413914015
14,1384,-239.78459413914015
14,1385,-239.78459413914015
14,1386,-239.78459413914015
14,1387,-239.78459413914015
14,1388,-239.78459413914015
14,1389,-239.78459413914015
14,1390,-239.78459413914015
14,1391,-239.78459413914015
14,1392,-239.78459413914015
14,1393,-239.78459413914015
14,1394,-239.78459413914015
14,1395,-239.78459413914015
14,1396,-239.78459413914015
14,1397,-239.78459413914015
14,1398,-239.78459413914015
14,1399,-239.78459413914015
14,1400,-239.78459413914015
14,1401,-239.78459413914015
14,1402,-239.78459413914015
14,1403,-239.78459413914015
14,1404,-239.78459413914015
14,1405,-239.78459413914015
14,1406,-239.78459413914015
14,1407,-239.78459413914015
14,1408,-239.78459413914015
14,1409,-239.78459413914015
14,1410,-239.78459413914015
14,1411,-239.78459413914015
15,1412,-239.78459413914015
15,1413,-239.78459413914015
15,1414,-239.78459413914015
15,1415,-239.78459413914015
15,1416,-239.78459413914015
15,1417,-239.78459413914015
15,1418,-239.78459413914015
15,1419,-239.78459413914015
15,1420,-239.78459413914015
15,1421,-239.78459413914015
15,1422,-239.78459413914015
15,1423,-239.78459413914015
15,1424,-239.78459413914015
15,1425,-239.78459413914015
15,1426,-239.78459413914015
15,1427,-239.78459413914015
15,1428,-239.78459413914015
15,1429,-239.78459413914015
15,1430,-239.78459413914015
15,1431,-239.78459413914015
15,1432,-239.78459413914015
15,1433,-239.78459413914015
15,1434,-239.78459413914015
15,1435,-239.78459413914015
15,1436,-239.78459413914015
15,1437,-239.78459413914015
15,1438,-239.78459413914015
15,1439,-239.78459413914015
15,1440,-239.78459413914015
15,1441,-239.78459413914015
15,1442,-239.78459413914015
15,1443,-239.78459413914015
15,1444,-239.78459413914015
15,1445,-239.78459413914015
15,1446,-239.78459413914015
15,1447,-239.78459413914015
15,1448,-239.78459413914015
15,1449,-239.78459413914015
15,1450,-239.78459413914015
15,1451,-239.78459413914015
15,1452,-239.78459413914015
15,1453,-239.78459413914015
15,1454,-239.78459413914015
15,1455,-239.78459413914015
15,1456,-239.78459413914015
15,1457,-239.78459413914015
15,1458,-239.78459413914015
15,1459,-239.78459413914015
15,1460,-239.78459413914015
15,1461,-239.78459413914015
15,1462,-239.78459413914015
15,1463,-80.0214173104821
15,1464,-80.0214173104821
15,1465,-80.0214173104821
15,1466,-80.0214173104821
15,1467,-80.0214173104821
15,1468,-80.0214173104821
15,1469,-80.0214173104821
15,1470,-80.0214173104821
15,1471,-80.0214173104821
15,1472,-80.0214173104821
15,1473,-80.0214173104821
15,1474,-80.0214173104821
15,1475,-80.0214173104821
15,1476,-80.0214173104821
15,1477,-80.0214173104821
15,1478,-80.0214173104821
15,1479,-80.0214173104821
15,1480,-80.0214173104821
15,1481,-80.0214173104821
15,1482,-80.0214173104821
15,1483,-80.0214173104821
15,1484,-80.0214173104821
15,1485,-80.0214173104821
15,1486,-80.0214173104821
15,1487,-80.0214173104821
15,1488,-80.0214173104821
15,1489,-80.0214173104821
15,1490,-80.0214173104821
15,1491,-80.0214173104821
15,1492,-80.0214173104821
15,1493,-80.0214173104821
15,1494,-80.0214173104821
15,1495,-80.0214173104821
15,1496,-80.0214173104821
15,1497,-80.0214173104821
15,1498,-80.0214173104821
15,1499,-80.0214173104821
15,1500,-80.0214173104821
15,1501,-80.0214173104821
15,1502,-80.0214173104821
15,1503,-80.0214173104821
15,1504,-80.0214173104821
15,1505,-80.0214173104821
15,1506,-80.0214173104821
15,1507,-80.0214173104821
15,1508,-80.0214173104821
15,1509,-80.0214173104821
15,1510,-80.0214173104821
15,1511,-80.0214173104821
15,1512,-80.0214173104821
16,1513,-80.0214173104821
16,1514,-80.0214173104821
16,1515,-80.0214173104821
16,1516,-80.0214173104821
16,1517,-80.0214173104821
16,1518,-80.0214173104821
16,1519,-80.0214173104821
16,1520,-80.0214173104821
16,1521,-80.0214173104821
16,1522,-80.0214173104821
16,1523,-80.0214173104821
16,1524,-80.0214173104821
16,1525,-80.0214173104821
16,1526,-80.0214173104821
16,1527,-80.0214173104821
16,1528,-80.0214173104821
16,1529,-80.0214173104821
16,1530,-80.0214173104821
16,1531,-80.0214173104821
16,1532,-80.0214173104821
16,1533,-80.0214173104821
16,1534,-80.0214173104821
16,1535,-80.0214173104821
16,1536,-80.0214173104821
16,1537,-80.0214173104821
16,1538,-80.0214173104821
16,1539,-80.0214173104821
16,1540,-80.0214173104821
16,1541,-80.0214173104821
16,1542,-80.0214173104821
16,1543,-80.0214173104821
16,1544,-80.0214173104821
16,1545,-80.0214173104821
16,1546,-80.0214173104821
16,1547,-80.0214173104821
16,1548,-80.0214173104821
16,1549,-80.0214173104821
16,1550,-80.0214173104821
16,1551,-80.0214173104821
16,1552,-80.0214173104821
16,1553,-80.0214173104821
16,1554,-80.0214173104821
16,1555,-80.0214173104821
16,1556,-80.0214173104821
16,1557,-80.0214173104821
16,1558,-80.0214173104821
16,1559,-80.0214173104821
16,1560,-80.0214173104821
16,1561,-80.0214173104821
16,1562,-80.0214173104821
16,1563,-80.0214173104821
16,1564,87.27479824727106
16,1565,87.27479824727106
16,1566,87.27479824727106
16,1567,87.27479824727106
16,1568,87.27479824727106
16,1569,87.27479824727106
16,1570,87.27479824727106
16,1571,87.27479824727106
16,1572,87.27479824727106
16,1573,87.27479824727106
16,1574,87.27479824727106
16,1575,87.27479824727106
16,1576,87.27479824727106
16,1577,87.27479824727106
16,1578,87.27479824727106
16,1579,87.27479824727106
16,1580,87.27479824727106
16,1581,87.27479824727106
16,1582,87.27479824727106
16,1583,87.27479824727106
16,1584,87.27479824727106
16,1585,87.27479824727106
16,1586,87.27479824727106
16,1587,87.27479824727106
16,1588,87.27479824727106
16,1589,87.27479824727106
16,1590,87.27479824727106
16,1591,87.27479824727106
16,1592,87.27479824727106
16,1593,87.27479824727106
16,1594,87.27479824727106
16,1595,87.27479824727106
16,1596,87.27479824727106
16,1597,87.27479824727106
16,1598,87.27479824727106
16,1599,87.27479824727106
16,1600,87.27479824727106
16,1601,87.27479824727106
16,1602,87.27479824727106
16,1603,87.27479824727106
16,1604,87.27479824727106
16,1605,87.27479824727106
16,1606,87.27479824727106
16,1607,87.27479824727106
16,1608,87.27479824727106
16,1609,87.27479824727106
16,1610,87.27479824727106
16,1611,87.27479824727106
16,1612,87.27479824727106
16,1613,87.27479824727106
17,1614,87.27479824727106
17,1615,87.27479824727106
17,1616,87.27479824727106
17,1617,87.27479824727106
17,1618,87.27479824727106
17,1619,87.27479824727106
17,1620,87.27479824727106
17,1621,87.27479824727106
17,1622,87.27479824727106
17,1623,87.27479824727106
17,1624,87.27479824727106
17,1625,87.27479824727106
17,1626,87.27479824727106
17,1627,87.27479824727106
17,1628,87.27479824727106
17,1629,87.27479824727106
17,1630,87.27479824727106
17,1631,87.27479824727106
17,1632,87.27479824727106
17,1633,87.27479824727106
17,1634,87.27479824727106
17,1635,87.27479824727106
17,1636,87.27479824727106
17,1637,87.27479824727106
17,1638,87.27479824727106
17,1639,87.27479824727106
17,1640,87.27479824727106
17,1641,87.27479824727106
17,1642,87.27479824727106
17,1643,87.27479824727106
17,1644,87.27479824727106
17,1645,87.27479824727106
17,1646,87.27479824727106
17,1647,87.27479824727106
17,1648,87.27479824727106
17,1649,87.27479824727106
17,1650,87.27479824727106
17,1651,87.27479824727106
17,1652,87.27479824727106
17,1653,87.27479824727106
17,1654,87.27479824727106
17,1655,87.27479824727106
17,1656,87.27479824727106
17,1657,87.27479824727106
17,1658,87.27479824727106
17,1659,87.27479824727106
17,1660,87.27479824727106
17,1661,87.27479824727106
17,1662,87.27479824727106
17,1663,87.27479824727106
17,1664,87.27479824727106
17,1665,261.4168821825574
17,1666,261.4168821825574
17,1667,261.4168821825574
17,1668,261.4168821825574
17,1669,261.4168821825574
17,1670,261.4168821825574
17,1671,261.4168821825574
17,1672,261.4168821825574
17,1673,261.4168821825574
17,1674,261.4168821825574
17,1675,261.4168821825574
17,1676,261.4168821825574
17,1677,261.4168821825574
17,1678,261.4168821825574
17,1679,261.4168821825574
17,1680,261.4168821825574
17,1681,261.4168821825574
17,1682,261.4168821825574
17,1683,261.4168821825574
17,1684,261.4168821825574
17,1685,261.4168821825574
17,1686,261.4168821825574
17,1687,261.4168821825574
17,1688,261.4168821825574
17,1689,261.4168821825574
17,1690,261.4168821825574
17,1691,261.4168821825574
17,1692,261.4168821825574
17,1693,261.4168821825574
17,1694,261.4168821825574
17,1695,261.4168821825574
17,1696,261.4168821825574
17,1697,261.4168821825574
17,1698,261.4168821825574
17,1699,261.4168821825574
17,1700,261.4168821825574
17,1701,261.4168821825574
17,1702,261.4168821825574
17,1703,261.4168821825574
17,1704,261.4168821825574
17,1705,261.4168821825574
17,1706,261.4168821825574
17,1707,261.4168821825574
17,1708,261.4168821825574
17,1709,261.4168821825574
17,1710,261.4168821825574
17,1711,261.4168821825574
17,1712,261.4168821825574
17,1713,261.4168821825574
17,1714,261.4168821825574
18,1715,261.4168821825574
18,1716,261.4168821825574
18,1717,261.4168821825574
18,1718,261.4168821825574
18,1719,261.4168821825574
18,1720,261.4168821825574
18,1721,261.4168821825574
18,1722,261.4168821825574
18,1723,261.4168821825574
18,1724,261.4168821825574
18,1725,261.4168821825574
18,1726,261.4168821825574
18,1727,261.4168821825574
18,1728,261.4168821825574
18,1729,261.4168821825574
18,1730,261.4168821825574
18,1731,261.4168821825574
18,1732,261.4168821825574
18,1733,261.4168821825574
18,1734,261.4168821825574
18,1735,261.4168821825574
18,1736,261.4168821825574
18,1737,261.4168821825574
18,1738,261.4168821825574
18,1739,261.4168821825574
18,1740,261.4168821825574
18,1741,261.4168821825574
18,1742,261.4168821825574
18,1743,261.4168821825574
18,1744,261.4168821825574
18,1745,261.4168821825574
18,1746,261.4168821825574
18,1747,261.4168821825574
18,1748,261.4168821825574
18,1749,261.4168821825574
18,1750,261.4168821825574
18,1751,261.4168821825574
18,1752,261.4168821825574
18,1753,261.4168821825574
18,1754,261.4168821825574
18,1755,261.4168821825574
18,1756,261.4168821825574
18,1757,261.4168821825574
18,1758,261.4168821825574
18,1759,261.4168821825574
18,1760,261.4168821825574
18,1761,261.4168821825574
18,1762,261.4168821825574
18,1763,261.4168821825574
18,1764,261.4168821825574
18,1765,261.4168821825574
18,1766,441.7206292950473
18,1767,441.7206292950473
18,1768,441.7206292950473
18,1769,441.7206292950473
18,1770,441.7206292950473
18,1771,441.7206292950473
18,1772,441.7206292950473
18,1773,441.7206292950473
18,1774,441.7206292950473
18,1775,441.7206292950473
18,1776,441.7206292950473
18,1777,441.7206292950473
18,1778,441.7206292950473
18,1779,441.7206292950473
18,1780,441.7206292950473
18,1781,441.7206292950473
18,1782,441.7206292950473
18,1783,441.7206292950473
18,1784,441.7206292950473
18,1785,441.7206292950473
18,1786,441.7206292950473
18,1787,441.7206292950473
18,1788,441.7206292950473
18,1789,441.7206292950473
18,1790,441.7206292950473
18,1791,441.7206292950473
18,1792,441.7206292950473
18,1793,441.7206292950473
18,1794,441.7206292950473
18,1795,441.7206292950473
18,1796,441.7206292950473
18,1797,441.7206292950473
18,1798,441.7206292950473
18,1799,441.7206292950473
18,1800,441.7206292950473
18,1801,441.7206292950473
18,1802,441.7206292950473
18,1803,441.7206292950473
18,1804,441.7206292950473
18,1805,441.7206292950473
18,1806,441.7206292950473
18,1807,441.7206292950473
18,1808,441.7206292950473
18,1809,441.7206292950473
18,1810,441.7206292950473
18,1811,441.7206292950473
18,1812,441.7206292950473
18,1813,441.7206292950473
18,1814,441.7206292950473
18,1815,441.7206292950473
19,1816,441.7206292950473
19,1817,441.7206292950473
19,1818,441.7206292950473
19,1819,441.7206292950473
19,1820,441.7206292950473
19,1821,441.7206292950473
19,1822,441.7206292950473
19,1823,441.7206292950473
19,1824,441.7206292950473
19,1825,441.7206292950473
19,1826,441.7206292950473
19,1827,441.7206292950473
19,1828,441.7206292950473
19,1829,441.7206292950473
19,1830,441.7206292950473
19,1831,441.7206292950473
19,1832,441.7206292950473
19,1833,441.7206292950473
19,1834,441.7206292950473
19,1835,441.7206292950473
19,1836,441.7206292950473
19,1837,441.7206292950473
19,1838,441.7206292950473
19,1839,441.7206292950473
19,1840,441.7206292950473
19,1841,441.7206292950473
19,1842,441.7206292950473
19,1843,441.7206292950473
19,1844,441.7206292950473
19,1845,441.7206292950473
19,1846,441.7206292950473
19,1847,441.7206292950473
19,1848,441.7206292950473
19,1849,441.7206292950473
19,1850,441.7206292950473
19,1851,441.7206292950473
19,1852,441.7206292950473
19,1853,441.7206292950473
19,1854,441.7206292950473
19,1855,441.7206292950473
19,1856,441.7206292950473
19,1857,441.7206292950473
19,1858,441.7206292950473
19,1859,441.7206292950473
19,1860,441.7206292950473
19,1861,441.7206292950473
19,1862,441.7206292950473
19,1863,441.7206292950473
19,1864,441.7206292950473
19,1865,441.7206292950473
19,1866,441.7206292950473
19,1867,627.5087485146375
19,1868,627.5087485146375
19,1869,627.5087485146375
19,1870,627.5087485146375
19,1871,627.5087485146375
19,1872,627.5087485146375
19,1873,627.5087485146375
19,1874,627.5087485146375
19,1875,627.5087485146375
19,1876,627.5087485146375
19,1877,627.5087485146375
19,1878,627.5087485146375
19,1879,627.5087485146375
19,1880,627.5087485146375
19,1881,627.5087485146375
19,1882,627.5087485146375
19,1883,627.5087485146375
19,1884,627.5087485146375
19,1885,627.5087485146375
19,1886,627.5087485146375
19,1887,627.5087485146375
19,1888,627.5087485146375
19,1889,627.5087485146375
19,1890,627.5087485146375
19,1891,627.5087485146375
19,1892,627.5087485146375
19,1893,627.5087485146375
19,1894,627.5087485146375
19,1895,627.5087485146375
19,1896,627.5087485146375
19,1897,627.5087485146375
19,1898,627.5087485146375
19,1899,627.5087485146375
19,1900,627.5087485146375
19,1901,627.5087485146375
19,1902,627.5087485146375
19,1903,627.5087485146375
19,1904,627.5087485146375
19,1905,627.5087485146375
19,1906,627.5087485146375
19,1907,627.5087485146375
19,1908,627.5087485146375
19,1909,627.5087485146375
19,1910,627.5087485146375
19,1911,627.5087485146375
19,1912,627.5087485146375
19,1913,627.5087485146375
19,1914,627.5087485146375
19,1915,627.5087485146375
19,1916,627.5087485146375
20,1917,627.5087485146375
20,1918,627.5087485146375
20,1919,627.5087485146375
20,1920,627.5087485146375
20,1921,627.5087485146375
20,1922,627.5087485146375
20,1923,627.5087485146375
20,1924,627.5087485146375
20,1925,627.5087485146375
20,1926,627.5087485146375
20,1927,627.5087485146375
20,1928,627.5087485146375
20,1929,627.5087485146375
20,1930,627.5087485146375
20,1931,627.5087485146375
20,1932,627.5087485146375
20,1933,627.5087485146375
20,1934,627.5087485146375
20,1935,627.5087485146375
20,1936,627.5087485146375
20,1937,627.5087485146375
20,1938,627.5087485146375
20,1939,627.5087485146375
20,1940,627.5087485146375
20,1941,627.5087485146375
20,1942,627.5087485146375
20,1943,627.5087485146375
20,1944,627.5087485146375
20,1945,627.5087485146375
20,1946,627.5087485146375
20,1947,627.5087485146375
20,1948,627.5087485146375
20,1949,627.5087485146375
20,1950,-593.8362514853625
20,1951,-593.8362514853625
20,1952,-593.8362514853625
20,1953,-593.8362514853625
20,1954,-593.8362514853625
20,1955,-593.8362514853625
20,1956,-593.8362514853625
20,1957,-593.8362514853625
20,1958,-593.8362514853625
20,1959,-593.8362514853625
20,1960,-593.8362514853625
20,1961,-593.8362514853625
20,1962,-593.8362514853625
20,1963,-593.8362514853625
20,1964,-593.8362514853625
20,1965,-593.8362514853625
20,1966,-593.8362514853625
20,1967,-593.8362514853625
20,1968,-403.229878693395
20,1969,-403.229878693395
20,1970,-403.229878693395
20,1971,-403.229878693395
20,1972,-403.229878693395
20,1973,-403.229878693395
20,1974,-403.229878693395
20,1975,-403.229878693395
20,1976,-403.229878693395
20,1977,-403.229878693395
20,1978,-403.229878693395
20,1979,-403.229878693395
20,1980,-403.229878693395
20,1981,-403.229878693395
20,1982,-403.229878693395
20,1983,-403.229878693395
20,1984,-403.229878693395
20,1985,-403.229878693395
20,1986,-403.229878693395
20,1987,-403.229878693395
20,1988,-403.229878693395
20,1989,-403.229878693395
20,1990,-403.229878693395
20,1991,-403.229878693395
20,1992,-403.229878693395
20,1993,-403.229878693395
20,1994,-403.229878693395
20,1995,-403.229878693395
20,1996,-403.229878693395
20,1997,-403.229878693395
20,1998,-403.229878693395
20,1999,-403.229878693395
20,2000,-403.229878693395
20,2001,-403.229878693395
20,2002,-403.229878693395
20,2003,-403.229878693395
20,2004,-403.229878693395
20,2005,-403.229878693395
20,2006,-403.229878693395
20,2007,-403.229878693395
20,2008,-403.229878693395
20,2009,-403.229878693395
20,2010,-403.229878693395
20,2011,-403.229878693395
20,2012,-403.229878693395
20,2013,-403.229878693395
20,2014,-403.229878693395
20,2015,-403.229878693395
20,2016,-403.229878693395
20,2017,-403.229878693395
21,2018,-403.229878693395
21,2019,-403.229878693395
21,2020,-403.229878693395
21,2021,-403.229878693395
21,2022,-403.229878693395
21,2023,-403.229878693395
21,2024,-403.229878693395
21,2025,-403.229878693395
21,2026,-403.229878693395
21,2027,-403.229878693395
21,2028,-403.229878693395
21,2029,-403.229878693395
21,2030,-403.229878693395
21,2031,-403.229878693395
21,2032,-403.229878693395
21,2033,-403.229878693395
21,2034,-403.229878693395
21,2035,-403.229878693395
21,2036,-403.229878693395
21,2037,-403.229878693395
21,2038,-403.229878693395
21,2039,-403.229878693395
21,2040,-403.229878693395
21,2041,-403.229878693395
21,2042,-403.229878693395
21,2043,-403.229878693395
21,2044,-403.229878693395
21,2045,-403.229878693395
21,2046,-403.229878693395
21,2047,-403.229878693395
21,2048,-403.229878693395
21,2049,-403.229878693395
21,2050,-403.229878693395
21,2051,-403.229878693395
21,2052,-403.229878693395
21,2053,-403.229878693395
21,2054,-403.229878693395
21,2055,-403.229878693395
21,2056,-403.229878693395
21,2057,-403.229878693395
21,2058,-403.229878693395
21,2059,-403.229878693395
21,2060,-403.229878693395
21,2061,-403.229878693395
21,2062,-403.229878693395
21,2063,-403.229878693395
21,2064,-403.229878693395
21,2065,-403.229878693395
21,2066,-403.229878693395
21,2067,-403.229878693395
21,2068,-403.229878693395
21,2069,-208.45774756619312
21,2070,-208.45774756619312
21,2071,-208.45774756619312
21,2072,-208.45774756619312
21,2073,-208.45774756619312
21,2074,-208.45774756619312
21,2075,-208.45774756619312
21,2076,-208.45774756619312
21,2077,-208.45774756619312
21,2078,-208.45774756619312
21,2079,-208.45774756619312
21,2080,-208.45774756619312
21,2081,-208.45774756619312
21,2082,-208.45774756619312
21,2083,-208.45774756619312
21,2084,-208.45774756619312
21,2085,-208.45774756619312
21,2086,-208.45774756619312
21,2087,-208.45774756619312
21,2088,-208.45774756619312
21,2089,-208.45774756619312
21,2090,-208.45774756619312
21,2091,-208.45774756619312
21,2092,-208.45774756619312
21,2093,-208.45774756619312
21,2094,-208.45774756619312
21,2095,-208.45774756619312
21,2096,-208.45774756619312
21,2097,-208.45774756619312
21,2098,-208.45774756619312
21,2099,-208.45774756619312
21,2100,-208.45774756619312
21,2101,-208.45774756619312
21,2102,-208.45774756619312
21,2103,-208.45774756619312
21,2104,-208.45774756619312
21,2105,-208.45774756619312
21,2106,-208.45774756619312
21,2107,-208.45774756619312
21,2108,-208.45774756619312
21,2109,-208.45774756619312
21,2110,-208.45774756619312
21,2111,-208.45774756619312
21,2112,-208.45774756619312
21,2113,-208.45774756619312
21,2114,-208.45774756619312
21,2115,-208.45774756619312
21,2116,-208.45774756619312
21,2117,-208.45774756619312
21,2118,-208.45774756619312
22,2119,-208.45774756619312
22,2120,-208.45774756619312
22,2121,-208.45774756619312
22,2122,-208.45774756619312
22,2123,-208.45774756619312
22,2124,-208.45774756619312
22,2125,-208.45774756619312
22,2126,-208.45774756619312
22,2127,-208.45774756619312
22,2128,-208.45774756619312
22,2129,-208.45774756619312
22,2130,-208.45774756619312
22,2131,-208.45774756619312
22,2132,-208.45774756619312
22,2133,-208.45774756619312
22,2134,-208.45774756619312
22,2135,-208.45774756619312
22,2136,-208.45774756619312
22,2137,-208.45774756619312
22,2138,-208.45774756619312
22,2139,-208.45774756619312
22,2140,-208.45774756619312
22,2141,-208.45774756619312
22,2142,-208.45774756619312
22,2143,-208.45774756619312
22,2144,-208.45774756619312
22,2145,-208.45774756619312
22,2146,-208.45774756619312
22,2147,-208.45774756619312
22,2148,-208.45774756619312
22,2149,-208.45774756619312
22,2150,-208.45774756619312
22,2151,-208.45774756619312
22,2152,-208.45774756619312
22,2153,-208.45774756619312
22,2154,-208.45774756619312
22,2155,-208.45774756619312
22,2156,-208.45774756619312
22,2157,-208.45774756619312
22,2158,-208.45774756619312
22,2159,-208.45774756619312
22,2160,-208.45774756619312
22,2161,-208.45774756619312
22,2162,-208.45774756619312
22,2163,-208.45774756619312
22,2164,-208.45774756619312
22,2165,-208.45774756619312
22,2166,-208.45774756619312
22,2167,-208.45774756619312
22,2168,-208.45774756619312
22,2169,-208.45774756619312
22,2170,-10.15566205871255
22,2171,-10.15566205871255
22,2172,-10.15566205871255
22,2173,-10.15566205871255
22,2174,-10.15566205871255
22,2175,-10.15566205871255
22,2176,-10.15566205871255
22,2177,-10.15566205871255
22,2178,-10.15566205871255
22,2179,-10.15566205871255
22,2180,-10.15566205871255
22,2181,-10.15566205871255
22,2182,-10.15566205871255
22,2183,-10.15566205871255
22,2184,-10.15566205871255
22,2185,-10.15566205871255
22,2186,-10.15566205871255
22,2187,-10.15566205871255
22,2188,-10.15566205871255
22,2189,-10.15566205871255
22,2190,-10.15566205871255
22,2191,-10.15566205871255
22,2192,-10.15566205871255
22,2193,-10.15566205871255
22,2194,-10.15566205871255
22,2195,-10.15566205871255
22,2196,-10.15566205871255
22,2197,-10.15566205871255
22,2198,-10.15566205871255
22,2199,-10.15566205871255
22,2200,-10.15566205871255
22,2201,-10.15566205871255
22,2202,-10.15566205871255
22,2203,-10.15566205871255
22,2204,-10.15566205871255
22,2205,-10.15566205871255
22,2206,-10.15566205871255
22,2207,-10.15566205871255
22,2208,-10.15566205871255
22,2209,-10.15566205871255
22,2210,-10.15566205871255
22,2211,-10.15566205871255
22,2212,-10.15566205871255
22,2213,-10.15566205871255
22,2214,-10.15566205871255
22,2215,-10.15566205871255
22,2216,-10.15566205871255
22,2217,-10.15566205871255
22,2218,-10.15566205871255
22,2219,-10.15566205871255
23,2220,-10.15566205871255
23,2221,-10.15566205871255
23,2222,-10.15566205871255
23,2223,-10.15566205871255
23,2224,-10.15566205871255
23,2225,-10.15566205871255
23,2226,-10.15566205871255
23,2227,-10.15566205871255
23,2228,-10.15566205871255
23,2229,-10.15566205871255
23,2230,-10.15566205871255
23,2231,-10.15566205871255
23,2232,-10.15566205871255
23,2233,-10.15566205871255
23,2234,-10.15566205871255
23,2235,-10.15566205871255
23,2236,-10.15566205871255
23,2237,-10.15566205871255
23,2238,-10.15566205871255
23,2239,-10.15566205871255
23,2240,-10.15566205871255
23,2241,-10.15566205871255
23,2242,-10.15566205871255
23,2243,-10.15566205871255
23,2244,-10.15566205871255
23,2245,-10.15566205871255
23,2246,-10.15566205871255
23,2247,-10.15566205871255
23,2248,-10.15566205871255
23,2249,-10.15566205871255
23,2250,-10.15566205871255
23,2251,-10.15566205871255
23,2252,-10.15566205871255
23,2253,-10.15566205871255
23,2254,-10.15566205871255
23,2255,-10.15566205871255
23,2256,-10.15566205871255
23,2257,-10.15566205871255
23,2258,-10.15566205871255
23,2259,-10.15566205871255
23,2260,-10.15566205871255
23,2261,-10.15566205871255
23,2262,-10.15566205871255
23,2263,-10.15566205871255
23,2264,-10.15566205871255
23,2265,-10.15566205871255
23,2266,-10.15566205871255
23,2267,-10.15566205871255
23,2268,-10.15566205871255
23,2269,-10.15566205871255
23,2270,-10.15566205871255
23,2271,191.06222110851058
23,2272,191.06222110851058
23,2273,191.06222110851058
23,2274,191.06222110851058
23,2275,191.06222110851058
23,2276,191.06222110851058
23,2277,191.06222110851058
23,2278,191.06222110851058
23,2279,191.06222110851058
23,2280,191.06222110851058
23,2281,191.06222110851058
23,2282,191.06222110851058
23,2283,191.06222110851058
23,2284,191.06222110851058
23,2285,191.06222110851058
23,2286,191.06222110851058
23,2287,191.06222110851058
23,2288,191.06222110851058
23,2289,191.06222110851058
23,2290,191.06222110851058
23,2291,191.06222110851058
23,2292,191.06222110851058
23,2293,191.06222110851058
23,2294,191.06222110851058
23,2295,191.06222110851058
23,2296,191.06222110851058
23,2297,191.06222110851058
23,2298,191.06222110851058
23,2299,191.06222110851058
23,2300,191.06222110851058
23,2301,191.06222110851058
23,2302,191.06222110851058
23,2303,191.06222110851058
23,2304,191.06222110851058
23,2305,191.06222110851058
23,2306,191.06222110851058
23,2307,191.06222110851058
23,2308,191.06222110851058
23,2309,191.06222110851058
23,2310,191.06222110851058
23,2311,191.06222110851058
23,2312,191.06222110851058
23,2313,191.06222110851058
23,2314,191.06222110851058
23,2315,191.06222110851058
23,2316,191.06222110851058
23,2317,191.06222110851058
23,2318,191.06222110851058
23,2319,191.06222110851058
23,2320,191.06222110851058
24,2321,191.06222110851058
24,2322,191.06222110851058
24,2323,191.06222110851058
24,2324,191.06222110851058
24,2325,191.06222110851058
24,2326,191.06222110851058
24,2327,191.06222110851058
24,2328,191.06222110851058
24,2329,191.06222110851058
24,2330,191.06222110851058
24,2331,191.06222110851058
24,2332,191.06222110851058
24,2333,191.06222110851058
24,2334,191.06222110851058
24,2335,191.06222110851058
24,2336,191.06222110851058
24,2337,191.06222110851058
24,2338,191.06222110851058
24,2339,191.06222110851058
24,2340,191.06222110851058
24,2341,191.06222110851058
24,2342,191.06222110851058
24,2343,191.06222110851058
24,2344,191.06222110851058
24,2345,191.06222110851058
24,2346,191.06222110851058
24,2347,191.06222110851058
24,2348,191.06222110851058
24,2349,191.06222110851058
24,2350,191.06222110851058
24,2351,191.06222110851058
24,2352,191.06222110851058
24,2353,191.06222110851058
24,2354,191.06222110851058
24,2355,191.06222110851058
24,2356,191.06222110851058
24,2357,191.06222110851058
24,2358,191.06222110851058
24,2359,191.06222110851058
24,2360,191.06222110851058
24,2361,191.06222110851058
24,2362,191.06222110851058
24,2363,191.06222110851058
24,2364,191.06222110851058
24,2365,191.06222110851058
24,2366,191.06222110851058
24,2367,191.06222110851058
24,2368,191.06222110851058
24,2369,191.06222110851058
24,2370,191.06222110851058
24,2371,394.60471021826197
24,2372,394.60471021826197
24,2373,394.60471021826197
24,2374,394.60471021826197
24,2375,394.60471021826197
24,2376,394.60471021826197
24,2377,394.60471021826197
24,2378,394.60471021826197
24,2379,394.60471021826197
24,2380,394.60471021826197
24,2381,394.60471021826197
24,2382,394.60471021826197
24,2383,394.60471021826197
24,2384,394.60471021826197
24,2385,394.60471021826197
24,2386,394.60471021826197
24,2387,394.60471021826197
24,2388,394.60471021826197
24,2389,394.60471021826197
24,2390,394.60471021826197
24,2391,394.60471021826197
24,2392,394.60471021826197
24,2393,394.60471021826197
24,2394,394.60471021826197
24,2395,394.60471021826197
24,2396,394.60471021826197
24,2397,394.60471021826197
24,2398,394.60471021826197
24,2399,394.60471021826197
24,2400,394.60471021826197
24,2401,394.60471021826197
24,2402,394.60471021826197
24,2403,394.60471021826197
24,2404,394.60471021826197
24,2405,394.60471021826197
24,2406,394.60471021826197
24,2407,394.60471021826197
24,2408,394.60471021826197
24,2409,394.60471021826197
24,2410,394.60471021826197
24,2411,394.60471021826197
24,2412,394.60471021826197
24,2413,394.60471021826197
24,2414,394.60471021826197
24,2415,394.60471021826197
24,2416,394.60471021826197
24,2417,394.60471021826197
24,2418,394.60471021826197
24,2419,394.60471021826197
24,2420,394.60471021826197
25,2421,394.60471021826197
25,2422,394.60471021826197
25,2423,394.60471021826197
25,2424,394.60471021826197
25,2425,394.60471021826197
25,2426,394.60471021826197
25,2427,394.60471021826197
25,2428,394.60471021826197
25,2429,394.60471021826197
25,2430,394.60471021826197
25,2431,394.60471021826197
25,2432,394.60471021826197
25,2433,394.60471021826197
25,2434,394.60471021826197
25,2435,394.60471021826197
25,2436,394.60471021826197
25,2437,394.60471021826197
25,2438,394.60471021826197
25,2439,394.60471021826197
25,2440,394.60471021826197
25,2441,394.60471021826197
25,2442,394.60471021826197
25,2443,394.60471021826197
25,2444,394.60471021826197
25,2445,394.60471021826197
25,2446,394.60471021826197
25,2447,394.60471021826197
25,2448,394.60471021826197
25,2449,394.60471021826197
25,2450,394.60471021826197
25,2451,394.60471021826197
25,2452,394.60471021826197
25,2453,394.60471021826197
25,2454,394.60471021826197
25,2455,394.60471021826197
25,2456,394.60471021826197
25,2457,394.60471021826197
25,2458,394.60471021826197
25,2459,394.60471021826197
25,2460,394.60471021826197
25,2461,394.60471021826197
25,2462,394.60471021826197
25,2463,394.60471021826197
25,2464,394.60471021826197
25,2465,394.60471021826197
25,2466,394.60471021826197
25,2467,394.60471021826197
25,2468,394.60471021826197
25,2469,394.60471021826197
25,2470,394.60471021826197
25,2471,394.60471021826197
25,2472,599.9083052310884
25,2473,599.9083052310884
25,2474,599.9083052310884
25,2475,599.9083052310884
25,2476,599.9083052310884
25,2477,599.9083052310884
25,2478,599.9083052310884
25,2479,599.9083052310884
25,2480,599.9083052310884
25,2481,599.9083052310884
25,2482,599.9083052310884
25,2483,599.9083052310884
25,2484,599.9083052310884
25,2485,599.9083052310884
25,2486,599.9083052310884
25,2487,599.9083052310884
25,2488,599.9083052310884
25,2489,599.9083052310884
25,2490,599.9083052310884
25,2491,599.9083052310884
25,2492,599.9083052310884
25,2493,599.9083052310884
25,2494,599.9083052310884
25,2495,-621.4366947689116
25,2496,-621.4366947689116
25,2497,-621.4366947689116
25,2498,-621.4366947689116
25,2499,-621.4366947689116
25,2500,-621.4366947689116
25,2501,-621.4366947689116
25,2502,-621.4366947689116
25,2503,-621.4366947689116
25,2504,-621.4366947689116
25,2505,-621.4366947689116
25,2506,-621.4366947689116
25,2507,-621.4366947689116
25,2508,-621.4366947689116
25,2509,-621.4366947689116
25,2510,-621.4366947689116
25,2511,-621.4366947689116
25,2512,-621.4366947689116
25,2513,-621.4366947689116
25,2514,-621.4366947689116
25,2515,-621.4366947689116
25,2516,-621.4366947689116
25,2517,-621.4366947689116
25,2518,-621.4366947689116
25,2519,-621.4366947689116
25,2520,-621.4366947689116
25,2521,-621.4366947689116
26,2522,-621.4366947689116
26,2523,-621.4366947689116
26,2524,-621.4366947689116
26,2525,-621.4366947689116
26,2526,-621.4366947689116
26,2527,-621.4366947689116
26,2528,-621.4366947689116
26,2529,-621.4366947689116
26,2530,-621.4366947689116
26,2531,-621.4366947689116
26,2532,-621.4366947689116
26,2533,-621.4366947689116
26,2534,-621.4366947689116
26,2535,-621.4366947689116
26,2536,-621.4366947689116
26,2537,-621.4366947689116
26,2538,-621.4366947689116
26,2539,-621.4366947689116
26,2540,-621.4366947689116
26,2541,-621.4366947689116
26,2542,-621.4366947689116
26,2543,-621.4366947689116
26,2544,-621.4366947689116
26,2545,-621.4366947689116
26,2546,-621.4366947689116
26,2547,-621.4366947689116
26,2548,-621.4366947689116
26,2549,-621.4366947689116
26,2550,-621.4366947689116
26,2551,-621.4366947689116
26,2552,-621.4366947689116
26,2553,-621.4366947689116
26,2554,-621.4366947689116
26,2555,-621.4366947689116
26,2556,-621.4366947689116
26,2557,-621.4366947689116
26,2558,-621.4366947689116
26,2559,-621.4366947689116
26,2560,-621.4366947689116
26,2561,-621.4366947689116
26,2562,-621.4366947689116
26,2563,-621.4366947689116
26,2564,-621.4366947689116
26,2565,-621.4366947689116
26,2566,-621.4366947689116
26,2567,-621.4366947689116
26,2568,-621.4366947689116
26,2569,-621.4366947689116
26,2570,-621.4366947689116
26,2571,-621.4366947689116
26,2572,-621.4366947689116
26,2573,-414.89984948100823
26,2574,-414.89984948100823
26,2575,-414.89984948100823
26,2576,-414.89984948100823
26,2577,-414.89984948100823
26,2578,-414.89984948100823
26,2579,-414.89984948100823
26,2580,-414.89984948100823
26,2581,-414.89984948100823
26,2582,-414.89984948100823
26,2583,-414.89984948100823
26,2584,-414.89984948100823
26,2585,-414.89984948100823
26,2586,-414.89984948100823
26,2587,-414.89984948100823
26,2588,-414.89984948100823
26,2589,-414.89984948100823
26,2590,-414.89984948100823
26,2591,-414.89984948100823
26,2592,-414.89984948100823
26,2593,-414.89984948100823
26,2594,-414.89984948100823
26,2595,-414.89984948100823
26,2596,-414.89984948100823
26,2597,-414.89984948100823
26,2598,-414.89984948100823
26,2599,-414.89984948100823
26,2600,-414.89984948100823
26,2601,-414.89984948100823
26,2602,-414.89984948100823
26,2603,-414.89984948100823
26,2604,-414.89984948100823
26,2605,-414.89984948100823
26,2606,-414.89984948100823
26,2607,-414.89984948100823
26,2608,-414.89984948100823
26,2609,-414.89984948100823
26,2610,-414.89984948100823
26,2611,-414.89984948100823
26,2612,-414.89984948100823
26,2613,-414.89984948100823
26,2614,-414.89984948100823
26,2615,-414.89984948100823
26,2616,-414.89984948100823
26,2617,-414.89984948100823
26,2618,-414.89984948100823
26,2619,-414.89984948100823
26,2620,-414.89984948100823
26,2621,-414.89984948100823
26,2622,-414.89984948100823
27,2623,-414.89984948100823
27,2624,-414.89984948100823
27,2625,-414.89984948100823
27,2626,-414.89984948100823
27,2627,-414.89984948100823
27,2628,-414.89984948100823
27,2629,-414.89984948100823
27,2630,-414.89984948100823
27,2631,-414.89984948100823
27,2632,-414.89984948100823
27,2633,-414.89984948100823
27,2634,-414.89984948100823
27,2635,-414.89984948100823
27,2636,-414.89984948100823
27,2637,-414.89984948100823
27,2638,-414.89984948100823
27,2639,-414.89984948100823
27,2640,-414.89984948100823
27,2641,-414.89984948100823
27,2642,-414.89984948100823
27,2643,-414.89984948100823
27,2644,-414.89984948100823
27,2645,-414.89984948100823
27,2646,-414.89984948100823
27,2647,-414.89984948100823
27,2648,-414.89984948100823
27,2649,-414.89984948100823
27,2650,-414.89984948100823
27,2651,-414.89984948100823
27,2652,-414.89984948100823
27,2653,-414.89984948100823
27,2654,-414.89984948100823
27,2655,-414.89984948100823
27,2656,-414.89984948100823
27,2657,-414.89984948100823
27,2658,-414.89984948100823
27,2659,-414.89984948100823
27,2660,-414.89984948100823
27,2661,-414.89984948100823
27,2662,-414.89984948100823
27,2663,-414.89984948100823
27,2664,-414.89984948100823
27,2665,-414.89984948100823
27,2666,-414.89984948100823
27,2667,-414.89984948100823
27,2668,-414.89984948100823
27,2669,-414.89984948100823
27,2670,-414.89984948100823
27,2671,-414.89984948100823
27,2672,-414.89984948100823
27,2673,-414.89984948100823
27,2674,-207.61447448529134
27,2675,-207.61447448529134
27,2676,-207.61447448529134
27,2677,-207.61447448529134
27,2678,-207.61447448529134
27,2679,-207.61447448529134
27,2680,-207.61447448529134
27,2681,-207.61447448529134
27,2682,-207.61447448529134
27,2683,-207.61447448529134
27,2684,-207.61447448529134
27,2685,-207.61447448529134
27,2686,-207.61447448529134
27,2687,-207.61447448529134
27,2688,-207.61447448529134
27,2689,-207.61447448529134
27,2690,-207.61447448529134
27,2691,-207.61447448529134
27,2692,-207.61447448529134
27,2693,-207.61447448529134
27,2694,-207.61447448529134
27,2695,-207.61447448529134
27,2696,-207.61447448529134
27,2697,-207.61447448529134
27,2698,-207.61447448529134
27,2699,-207.61447448529134
27,2700,-207.61447448529134
27,2701,-207.61447448529134
27,2702,-207.61447448529134
27,2703,-207.61447448529134
27,2704,-207.61447448529134
27,2705,-207.61447448529134
27,2706,-207.61447448529134
27,2707,-207.61447448529134
27,2708,-207.61447448529134
27,2709,-207.61447448529134
27,2710,-207.61447448529134
27,2711,-207.61447448529134
27,2712,-207.61447448529134
27,2713,-207.61447448529134
27,2714,-207.61447448529134
27,2715,-207.61447448529134
27,2716,-207.61447448529134
27,2717,-207.61447448529134
27,2718,-207.61447448529134
27,2719,-207.61447448529134
27,2720,-207.61447448529134
27,2721,-207.61447448529134
27,2722,-207.61447448529134
27,2723,-207.61447448529134
28,2724,-207.61447448529134
28,2725,-207.61447448529134
28,2726,-207.61447448529134
28,2727,-207.61447448529134
28,2728,-207.61447448529134
28,2729,-207.61447448529134
28,2730,-207.61447448529134
28,2731,-207.61447448529134
28,2732,-207.61447448529134
28,2733,-207.61447448529134
28,2734,-207.61447448529134
28,2735,-207.61447448529134
28,2736,-207.61447448529134
28,2737,-207.61447448529134
28,2738,-207.61447448529134
28,2739,-207.61447448529134
28,2740,-207.61447448529134
28,2741,-207.61447448529134
28,2742,-207.61447448529134
28,2743,-207.61447448529134
28,2744,-207.61447448529134
28,2745,-207.61447448529134
28,2746,-207.61447448529134
28,2747,-207.61447448529134
28,2748,-207.61447448529134
28,2749,-207.61447448529134
28,2750,-207.61447448529134
28,2751,-207.61447448529134
28,2752,-207.61447448529134
28,2753,-207.61447448529134
28,2754,-207.61447448529134
28,2755,-207.61447448529134
28,2756,-207.61447448529134
28,2757,-207.61447448529134
28,2758,-207.61447448529134
28,2759,-207.61447448529134
28,2760,-207.61447448529134
28,2761,-207.61447448529134
28,2762,-207.61447448529134
28,2763,-207.61447448529134
28,2764,-207.61447448529134
28,2765,-207.61447448529134
28,2766,-207.61447448529134
28,2767,-207.61447448529134
28,2768,-207.61447448529134
28,2769,-207.61447448529134
28,2770,-207.61447448529134
28,2771,-207.61447448529134
28,2772,-207.61447448529134
28,2773,-207.61447448529134
28,2774,-207.61447448529134
28,2775,-207.61447448529134
28,2776,2.2279667575226085
28,2777,2.2279667575226085
28,2778,2.2279667575226085
28,2779,2.2279667575226085
28,2780,2.2279667575226085
28,2781,2.2279667575226085
28,2782,2.2279667575226085
28,2783,2.2279667575226085
28,2784,2.2279667575226085
28,2785,2.2279667575226085
28,2786,2.2279667575226085
28,2787,2.2279667575226085
28,2788,2.2279667575226085
28,2789,2.2279667575226085
28,2790,2.2279667575226085
28,2791,2.2279667575226085
28,2792,2.2279667575226085
28,2793,2.2279667575226085
28,2794,2.2279667575226085
28,2795,2.2279667575226085
28,2796,2.2279667575226085
28,2797,2.2279667575226085
28,2798,2.2279667575226085
28,2799,2.2279667575226085
28,2800,2.2279667575226085
28,2801,2.2279667575226085
28,2802,2.2279667575226085
28,2803,2.2279667575226085
28,2804,2.2279667575226085
28,2805,2.2279667575226085
28,2806,2.2279667575226085
28,2807,2.2279667575226085
28,2808,2.2279667575226085
28,2809,2.2279667575226085
28,2810,2.2279667575226085
28,2811,2.2279667575226085
28,2812,2.2279667575226085
28,2813,2.2279667575226085
28,2814,2.2279667575226085
28,2815,2.2279667575226085
28,2816,2.2279667575226085
28,2817,2.2279667575226085
28,2818,2.2279667575226085
28,2819,2.2279667575226085
28,2820,2.2279667575226085
28,2821,2.2279667575226085
28,2822,2.2279667575226085
28,2823,2.2279667575226085
28,2824,2.2279667575226085
28,2825,2.2279667575226085
29,2826,2.2279667575226085
29,2827,2.2279667575226085
29,2828,2.2279667575226085
29,2829,2.2279667575226085
29,2830,2.2279667575226085
29,2831,2.2279667575226085
29,2832,2.2279667575226085
29,2833,2.2279667575226085
29,2834,2.2279667575226085
29,2835,2.2279667575226085
29,2836,2.2279667575226085
29,2837,2.2279667575226085
29,2838,2.2279667575226085
29,2839,2.2279667575226085
29,2840,2.2279667575226085
29,2841,2.2279667575226085
29,2842,2.2279667575226085
29,2843,2.2279667575226085
29,2844,2.2279667575226085
29,2845,2.2279667575226085
29,2846,2.2279667575226085
29,2847,2.2279667575226085
29,2848,2.2279667575226085
29,2849,2.2279667575226085
29,2850,2.2279667575226085
29,2851,2.2279667575226085
29,2852,2.2279667575226085
29,2853,2.2279667575226085
29,2854,2.2279667575226085
29,2855,2.2279667575226085
29,2856,2.2279667575226085
29,2857,2.2279667575226085
29,2858,2.2279667575226085
29,2859,2.2279667575226085
29,2860,2.2279667575226085
29,2861,2.2279667575226085
29,2862,2.2279667575226085
29,2863,2.2279667575226085
29,2864,2.2279667575226085
29,2865,2.2279667575226085
29,2866,2.2279667575226085
29,2867,2.2279667575226085
29,2868,2.2279667575226085
29,2869,2.2279667575226085
29,2870,2.2279667575226085
29,2871,2.2279667575226085
29,2872,2.2279667575226085
29,2873,2.2279667575226085
29,2874,2.2279667575226085
29,2875,2.2279667575226085
29,2876,207.61447448529407
29,2877,207.61447448529407
29,2878,207.61447448529407
29,2879,207.61447448529407
29,2880,207.61447448529407
29,2881,207.61447448529407
29,2882,207.61447448529407
29,2883,207.61447448529407
29,2884,207.61447448529407
29,2885,207.61447448529407
29,2886,207.61447448529407
29,2887,207.61447448529407
29,2888,207.61447448529407
29,2889,207.61447448529407
29,2890,207.61447448529407
29,2891,207.61447448529407
29,2892,207.61447448529407
29,2893,207.61447448529407
29,2894,207.61447448529407
29,2895,207.61447448529407
29,2896,207.61447448529407
29,2897,207.61447448529407
29,2898,207.61447448529407
29,2899,207.61447448529407
29,2900,207.61447448529407
29,2901,207.61447448529407
29,2902,207.61447448529407
29,2903,207.61447448529407
29,2904,207.61447448529407
29,2905,207.61447448529407
29,2906,207.61447448529407
29,2907,207.61447448529407
29,2908,207.61447448529407
29,2909,207.61447448529407
29,2910,207.61447448529407
29,2911,207.61447448529407
29,2912,207.61447448529407
29,2913,207.61447448529407
29,2914,207.61447448529407
29,2915,207.61447448529407
29,2916,207.61447448529407
29,2917,207.61447448529407
29,2918,207.61447448529407
29,2919,207.61447448529407
29,2920,207.61447448529407
29,2921,207.61447448529407
29,2922,207.61447448529407
29,2923,207.61447448529407
29,2924,207.61447448529407
29,2925,207.61447448529407
30,2926,207.61447448529407
30,2927,207.61447448529407
30,2928,207.61447448529407
30,2929,207.61447448529407
30,2930,207.61447448529407
30,2931,207.61447448529407
30,2932,207.61447448529407
30,2933,207.61447448529407
30,2934,207.61447448529407
30,2935,207.61447448529407
30,2936,207.61447448529407
30,2937,207.61447448529407
30,2938,207.61447448529407
30,2939,207.61447448529407
30,2940,207.61447448529407
30,2941,207.61447448529407
30,2942,207.61447448529407
30,2943,207.61447448529407
30,2944,207.61447448529407
30,2945,207.61447448529407
30,2946,207.61447448529407
30,2947,207.61447448529407
30,2948,207.61447448529407
30,2949,207.61447448529407
30,2950,207.61447448529407
30,2951,207.61447448529407
30,2952,207.61447448529407
30,2953,207.61447448529407
30,2954,207.61447448529407
30,2955,207.61447448529407
30,2956,207.61447448529407
30,2957,207.61447448529407
30,2958,207.61447448529407
30,2959,207.61447448529407
30,2960,207.61447448529407
30,2961,207.61447448529407
30,2962,207.61447448529407
30,2963,207.61447448529407
30,2964,207.61447448529407
30,2965,207.61447448529407
30,2966,207.61447448529407
30,2967,207.61447448529407
30,2968,207.61447448529407
30,2969,207.61447448529407
30,2970,207.61447448529407
30,2971,207.61447448529407
30,2972,207.61447448529407
30,2973,207.61447448529407
30,2974,207.61447448529407
30,2975,207.61447448529407
30,2976,207.61447448529407
30,2977,414.89984948101073
30,2978,414.89984948101073
30,2979,414.89984948101073
30,2980,414.89984948101073
30,2981,414.89984948101073
30,2982,414.89984948101073
30,2983,414.89984948101073
30,2984,414.89984948101073
30,2985,414.89984948101073
30,2986,414.89984948101073
30,2987,414.89984948101073
30,2988,414.89984948101073
30,2989,414.89984948101073
30,2990,414.89984948101073
30,2991,414.89984948101073
30,2992,414.89984948101073
30,2993,414.89984948101073
30,2994,414.89984948101073
30,2995,414.89984948101073
30,2996,414.89984948101073
30,2997,414.89984948101073
30,2998,414.89984948101073
30,2999,414.89984948101073
30,3000,414.89984948101073
30,3001,414.89984948101073
30,3002,414.89984948101073
30,3003,414.89984948101073
30,3004,414.89984948101073
30,3005,414.89984948101073
30,3006,414.89984948101073
30,3007,414.89984948101073
30,3008,414.89984948101073
30,3009,414.89984948101073
30,3010,414.89984948101073
30,3011,414.89984948101073
30,3012,414.89984948101073
30,3013,414.89984948101073
30,3014,414.89984948101073
30,3015,414.89984948101073
30,3016,414.89984948101073
30,3017,414.89984948101073
30,3018,414.89984948101073
30,3019,414.89984948101073
30,3020,414.89984948101073
30,3021,414.89984948101073
30,3022,414.89984948101073
30,3023,414.89984948101073
30,3024,414.89984948101073
30,3025,414.89984948101073
30,3026,414.89984948101073
31,3027,414.89984948101073
31,3028,414.89984948101073
31,3029,414.89984948101073
31,3030,414.89984948101073
31,3031,414.89984948101073
31,3032,414.89984948101073
31,3033,414.89984948101073
31,3034,414.89984948101073
31,3035,414.89984948101073
31,3036,414.89984948101073
31,3037,414.89984948101073
31,3038,414.89984948101073
31,3039,414.89984948101073
31,3040,414.89984948101073
31,3041,414.89984948101073
31,3042,414.89984948101073
31,3043,414.89984948101073
31,3044,414.89984948101073
31,3045,414.89984948101073
31,3046,414.89984948101073
31,3047,414.89984948101073
31,3048,414.89984948101073
31,3049,414.89984948101073
31,3050,414.89984948101073
31,3051,414.89984948101073
31,3052,414.89984948101073
31,3053,414.89984948101073
31,3054,414.89984948101073
31,3055,414.89984948101073
31,3056,414.89984948101073
31,3057,414.89984948101073
31,3058,414.89984948101073
31,3059,414.89984948101073
31,3060,414.89984948101073
31,3061,414.89984948101073
31,3062,414.89984948101073
31,3063,414.89984948101073
31,3064,414.89984948101073
31,3065,414.89984948101073
31,3066,414.89984948101073
31,3067,414.89984948101073
31,3068,414.89984948101073
31,3069,414.89984948101073
31,3070,414.89984948101073
31,3071,414.89984948101073
31,3072,414.89984948101073
31,3073,414.89984948101073
31,3074,414.89984948101073
31,3075,414.89984948101073
31,3076,414.89984948101073
31,3077,414.89984948101073
31,3078,621.4366947689136
31,3079,621.4366947689136
31,3080,621.4366947689136
31,3081,621.4366947689136
31,3082,621.4366947689136
31,3083,621.4366947689136
31,3084,621.4366947689136
31,3085,621.4366947689136
31,3086,621.4366947689136
31,3087,621.4366947689136
31,3088,621.4366947689136
31,3089,621.4366947689136
31,3090,621.4366947689136
31,3091,621.4366947689136
31,3092,621.4366947689136
31,3093,621.4366947689136
31,3094,621.4366947689136
31,3095,621.4366947689136
31,3096,621.4366947689136
31,3097,621.4366947689136
31,3098,621.4366947689136
31,3099,621.4366947689136
31,3100,621.4366947689136
31,3101,621.4366947689136
31,3102,621.4366947689136
31,3103,621.4366947689136
31,3104,621.4366947689136
31,3105,621.4366947689136
31,3106,621.4366947689136
31,3107,621.4366947689136
31,3108,621.4366947689136
31,3109,621.4366947689136
31,3110,621.4366947689136
31,3111,621.4366947689136
31,3112,621.4366947689136
31,3113,621.4366947689136
31,3114,621.4366947689136
31,3115,621.4366947689136
31,3116,621.4366947689136
31,3117,621.4366947689136
31,3118,621.4366947689136
31,3119,621.4366947689136
31,3120,621.4366947689136
31,3121,621.4366947689136
31,3122,621.4366947689136
31,3123,621.4366947689136
31,3124,621.4366947689136
31,3125,621.4366947689136
31,3126,621.4366947689136
31,3127,621.4366947689136
32,3128,621.4366947689136
32,3129,621.4366947689136
32,3130,621.4366947689136
32,3131,621.4366947689136
32,3132,621.4366947689136
32,3133,621.4366947689136
32,3134,621.4366947689136
32,3135,621.4366947689136
32,3136,621.4366947689136
32,3137,621.4366947689136
32,3138,621.4366947689136
32,3139,621.4366947689136
32,3140,621.4366947689136
32,3141,621.4366947689136
32,3142,621.4366947689136
32,3143,621.4366947689136
32,3144,621.4366947689136
32,3145,621.4366947689136
32,3146,621.4366947689136
32,3147,621.4366947689136
32,3148,621.4366947689136
32,3149,621.4366947689136
32,3150,621.4366947689136
32,3151,621.4366947689136
32,3152,621.4366947689136
32,3153,621.4366947689136
32,3154,621.4366947689136
32,3155,-599.9083052310864
32,3156,-599.9083052310864
32,3157,-599.9083052310864
32,3158,-599.9083052310864
32,3159,-599.9083052310864
32,3160,-599.9083052310864
32,3161,-599.9083052310864
32,3162,-599.9083052310864
32,3163,-599.9083052310864
32,3164,-599.9083052310864
32,3165,-599.9083052310864
32,3166,-599.9083052310864
32,3167,-599.9083052310864
32,3168,-599.9083052310864
32,3169,-599.9083052310864
32,3170,-599.9083052310864
32,3171,-599.9083052310864
32,3172,-599.9083052310864
32,3173,-599.9083052310864
32,3174,-599.9083052310864
32,3175,-599.9083052310864
32,3176,-599.9083052310864
32,3177,-599.9083052310864
32,3178,-599.9083052310864
32,3179,-394.6047102182597
32,3180,-394.6047102182597
32,3181,-394.6047102182597
32,3182,-394.6047102182597
32,3183,-394.6047102182597
32,3184,-394.6047102182597
32,3185,-394.6047102182597
32,3186,-394.6047102182597
32,3187,-394.6047102182597
32,3188,-394.6047102182597
32,3189,-394.6047102182597
32,3190,-394.6047102182597
32,3191,-394.6047102182597
32,3192,-394.6047102182597
32,3193,-394.6047102182597
32,3194,-394.6047102182597
32,3195,-394.6047102182597
32,3196,-394.6047102182597
32,3197,-394.6047102182597
32,3198,-394.6047102182597
32,3199,-394.6047102182597
32,3200,-394.6047102182597
32,3201,-394.6047102182597
32,3202,-394.6047102182597
32,3203,-394.6047102182597
32,3204,-394.6047102182597
32,3205,-394.6047102182597
32,3206,-394.6047102182597
32,3207,-394.6047102182597
32,3208,-394.6047102182597
32,3209,-394.6047102182597
32,3210,-394.6047102182597
32,3211,-394.6047102182597
32,3212,-394.6047102182597
32,3213,-394.6047102182597
32,3214,-394.6047102182597
32,3215,-394.6047102182597
32,3216,-394.6047102182597
32,3217,-394.6047102182597
32,3218,-394.6047102182597
32,3219,-394.6047102182597
32,3220,-394.6047102182597
32,3221,-394.6047102182597
32,3222,-394.6047102182597
32,3223,-394.6047102182597
32,3224,-394.6047102182597
32,3225,-394.6047102182597
32,3226,-394.6047102182597
32,3227,-394.6047102182597
32,3228,-394.6047102182597
33,3229,-394.6047102182597
33,3230,-394.6047102182597
33,3231,-394.6047102182597
33,3232,-394.6047102182597
33,3233,-394.6047102182597
33,3234,-394.6047102182597
33,3235,-394.6047102182597
33,3236,-394.6047102182597
33,3237,-394.6047102182597
33,3238,-394.6047102182597
33,3239,-394.6047102182597
33,3240,-394.6047102182597
33,3241,-394.6047102182597
33,3242,-394.6047102182597
33,3243,-394.6047102182597
33,3244,-394.6047102182597
33,3245,-394.6047102182597
33,3246,-394.6047102182597
33,3247,-394.6047102182597
33,3248,-394.6047102182597
33,3249,-394.6047102182597
33,3250,-394.6047102182597
33,3251,-394.6047102182597
33,3252,-394.6047102182597
33,3253,-394.6047102182597
33,3254,-394.6047102182597
33,3255,-394.6047102182597
33,3256,-394.6047102182597
33,3257,-394.6047102182597
33,3258,-394.6047102182597
33,3259,-394.6047102182597
33,3260,-394.6047102182597
33,3261,-394.6047102182597
33,3262,-394.6047102182597
33,3263,-394.6047102182597
33,3264,-394.6047102182597
33,3265,-394.6047102182597
33,3266,-394.6047102182597
33,3267,-394.6047102182597
33,3268,-394.6047102182597
33,3269,-394.6047102182597
33,3270,-394.6047102182597
33,3271,-394.6047102182597
33,3272,-394.6047102182597
33,3273,-394.6047102182597
33,3274,-394.6047102182597
33,3275,-394.6047102182597
33,3276,-394.6047102182597
33,3277,-394.6047102182597
33,3278,-394.6047102182597
33,3279,-394.6047102182597
33,3280,-191.06222110850877
33,3281,-191.06222110850877
33,3282,-191.06222110850877
33,3283,-191.06222110850877
33,3284,-191.06222110850877
33,3285,-191.06222110850877
33,3286,-191.06222110850877
33,3287,-191.06222110850877
33,3288,-191.06222110850877
33,3289,-191.06222110850877
33,3290,-191.06222110850877
33,3291,-191.06222110850877
33,3292,-191.06222110850877
33,3293,-191.06222110850877
33,3294,-191.06222110850877
33,3295,-191.06222110850877
33,3296,-191.06222110850877
33,3297,-191.06222110850877
33,3298,-191.06222110850877
33,3299,-191.06222110850877
33,3300,-191.06222110850877
33,3301,-191.06222110850877
33,3302,-191.06222110850877
33,3303,-191.06222110850877
33,3304,-191.06222110850877
33,3305,-191.06222110850877
33,3306,-191.06222110850877
33,3307,-191.06222110850877
33,3308,-191.06222110850877
33,3309,-191.06222110850877
33,3310,-191.06222110850877
33,3311,-191.06222110850877
33,3312,-191.06222110850877
33,3313,-191.06222110850877
33,3314,-191.06222110850877
33,3315,-191.06222110850877
33,3316,-191.06222110850877
33,3317,-191.06222110850877
33,3318,-191.06222110850877
33,3319,-191.06222110850877
33,3320,-191.06222110850877
33,3321,-191.06222110850877
33,3322,-191.06222110850877
33,3323,-191.06222110850877
33,3324,-191.06222110850877
33,3325,-191.06222110850877
33,3326,-191.06222110850877
33,3327,-191.06222110850877
33,3328,-191.06222110850877
34,3329,-191.06222110850877
34,3330,-191.06222110850877
34,3331,-191.06222110850877
34,3332,-191.06222110850877
34,3333,-191.06222110850877
34,3334,-191.06222110850877
34,3335,-191.06222110850877
34,3336,-191.06222110850877
34,3337,-191.06222110850877
34,3338,-191.06222110850877
34,3339,-191.06222110850877
34,3340,-191.06222110850877
34,3341,-191.06222110850877
34,3342,-191.06222110850877
34,3343,-191.06222110850877
34,3344,-191.06222110850877
34,3345,-191.06222110850877
34,3346,-191.06222110850877
34,3347,-191.06222110850877
34,3348,-191.06222110850877
34,3349,-191.06222110850877
34,3350,-191.06222110850877
34,3351,-191.06222110850877
34,3352,-191.06222110850877
34,3353,-191.06222110850877
34,3354,-191.06222110850877
34,3355,-191.06222110850877
34,3356,-191.06222110850877
34,3357,-191.06222110850877
34,3358,-191.06222110850877
34,3359,-191.06222110850877
34,3360,-191.06222110850877
34,3361,-191.06222110850877
34,3362,-191.06222110850877
34,3363,-191.06222110850877
34,3364,-191.06222110850877
34,3365,-191.06222110850877
34,3366,-191.06222110850877
34,3367,-191.06222110850877
34,3368,-191.06222110850877
34,3369,-191.06222110850877
34,3370,-191.06222110850877
34,3371,-191.06222110850877
34,3372,-191.06222110850877
34,3373,-191.06222110850877
34,3374,-191.06222110850877
34,3375,-191.06222110850877
34,3376,-191.06222110850877
34,3377,-191.06222110850877
34,3378,-191.06222110850877
34,3379,-191.06222110850877
34,3380,10.155662058713915
34,3381,10.155662058713915
34,3382,10.155662058713915
34,3383,10.155662058713915
34,3384,10.155662058713915
34,3385,10.155662058713915
34,3386,10.155662058713915
34,3387,10.155662058713915
34,3388,10.155662058713915
34,3389,10.155662058713915
34,3390,10.155662058713915
34,3391,10.155662058713915
34,3392,10.155662058713915
34,3393,10.155662058713915
34,3394,10.155662058713915
34,3395,10.155662058713915
34,3396,10.155662058713915
34,3397,10.155662058713915
34,3398,10.155662058713915
34,3399,10.155662058713915
34,3400,10.155662058713915
34,3401,10.155662058713915
34,3402,10.155662058713915
34,3403,10.155662058713915
34,3404,10.155662058713915
34,3405,10.155662058713915
34,3406,10.155662058713915
34,3407,10.155662058713915
34,3408,10.155662058713915
34,3409,10.155662058713915
34,3410,10.155662058713915
34,3411,10.155662058713915
34,3412,10.155662058713915
34,3413,10.155662058713915
34,3414,10.155662058713915
34,3415,10.155662058713915
34,3416,10.155662058713915
34,3417,10.155662058713915
34,3418,10.155662058713915
34,3419,10.155662058713915
34,3420,10.155662058713915
34,3421,10.155662058713915
34,3422,10.155662058713915
34,3423,10.155662058713915
34,3424,10.155662058713915
34,3425,10.155662058713915
34,3426,10.155662058713915
34,3427,10.155662058713915
34,3428,10.155662058713915
34,3429,10.155662058713915
35,3430,10.155662058713915
35,3431,10.155662058713915
35,3432,10.155662058713915
35,3433,10.155662058713915
35,3434,10.155662058713915
35,3435,10.155662058713915
35,3436,10.155662058713915
35,3437,10.155662058713915
35,3438,10.155662058713915
35,3439,10.155662058713915
35,3440,10.155662058713915
35,3441,10.155662058713915
35,3442,10.155662058713915
35,3443,10.155662058713915
35,3444,10.155662058713915
35,3445,10.155662058713915
35,3446,10.155662058713915
35,3447,10.155662058713915
35,3448,10.155662058713915
35,3449,10.155662058713915
35,3450,10.155662058713915
35,3451,10.155662058713915
35,3452,10.155662058713915
35,3453,10.155662058713915
35,3454,10.155662058713915
35,3455,10.155662058713915
35,3456,10.155662058713915
35,3457,10.155662058713915
35,3458,10.155662058713915
35,3459,10.155662058713915
35,3460,10.155662058713915
35,3461,10.155662058713915
35,3462,10.155662058713915
35,3463,10.155662058713915
35,3464,10.155662058713915
35,3465,10.155662058713915
35,3466,10.155662058713915
35,3467,10.155662058713915
35,3468,10.155662058713915
35,3469,10.155662058713915
35,3470,10.155662058713915
35,3471,10.155662058713915
35,3472,10.155662058713915
35,3473,10.155662058713915
35,3474,10.155662058713915
35,3475,10.155662058713915
35,3476,10.155662058713915
35,3477,10.155662058713915
35,3478,10.155662058713915
35,3479,10.155662058713915
35,3480,10.155662058713915
35,3481,208.45774756619494
35,3482,208.45774756619494
35,3483,208.45774756619494
35,3484,208.45774756619494
35,3485,208.45774756619494
35,3486,208.45774756619494
35,3487,208.45774756619494
35,3488,208.45774756619494
35,3489,208.45774756619494
35,3490,208.45774756619494
35,3491,208.45774756619494
35,3492,208.45774756619494
35,3493,208.45774756619494
35,3494,208.45774756619494
35,3495,208.45774756619494
35,3496,208.45774756619494
35,3497,208.45774756619494
35,3498,208.45774756619494
35,3499,208.45774756619494
35,3500,208.45774756619494
35,3501,208.45774756619494
35,3502,208.45774756619494
35,3503,208.45774756619494
35,3504,208.45774756619494
35,3505,208.45774756619494
35,3506,208.45774756619494
35,3507,208.45774756619494
35,3508,208.45774756619494
35,3509,208.45774756619494
35,3510,208.45774756619494
35,3511,208.45774756619494
35,3512,208.45774756619494
35,3513,208.45774756619494
35,3514,208.45774756619494
35,3515,208.45774756619494
35,3516,208.45774756619494
35,3517,208.45774756619494
35,3518,208.45774756619494
35,3519,208.45774756619494
35,3520,208.45774756619494
35,3521,208.45774756619494
35,3522,208.45774756619494
35,3523,208.45774756619494
35,3524,208.45774756619494
35,3525,208.45774756619494
35,3526,208.45774756619494
35,3527,208.45774756619494
35,3528,208.45774756619494
35,3529,208.45774756619494
35,3530,208.45774756619494
36,3531,208.45774756619494
36,3532,208.45774756619494
36,3533,208.45774756619494
36,3534,208.45774756619494
36,3535,208.45774756619494
36,3536,208.45774756619494
36,3537,208.45774756619494
36,3538,208.45774756619494
36,3539,208.45774756619494
36,3540,208.45774756619494
36,3541,208.45774756619494
36,3542,208.45774756619494
36,3543,208.45774756619494
36,3544,208.45774756619494
36,3545,208.45774756619494
36,3546,208.45774756619494
36,3547,208.45774756619494
36,3548,208.45774756619494
36,3549,208.45774756619494
36,3550,208.45774756619494
36,3551,208.45774756619494
36,3552,208.45774756619494
36,3553,208.45774756619494
36,3554,208.45774756619494
36,3555,208.45774756619494
36,3556,208.45774756619494
36,3557,208.45774756619494
36,3558,208.45774756619494
36,3559,208.45774756619494
36,3560,208.45774756619494
36,3561,208.45774756619494
36,3562,208.45774756619494
36,3563,208.45774756619494
36,3564,208.45774756619494
36,3565,208.45774756619494
36,3566,208.45774756619494
36,3567,208.45774756619494
36,3568,208.45774756619494
36,3569,208.45774756619494
36,3570,208.45774756619494
36,3571,208.45774756619494
36,3572,208.45774756619494
36,3573,208.45774756619494
36,3574,208.45774756619494
36,3575,208.45774756619494
36,3576,208.45774756619494
36,3577,208.45774756619494
36,3578,208.45774756619494
36,3579,208.45774756619494
36,3580,208.45774756619494
36,3581,208.45774756619494
36,3582,403.2298786933957
36,3583,403.2298786933957
36,3584,403.2298786933957
36,3585,403.2298786933957
36,3586,403.2298786933957
36,3587,403.2298786933957
36,3588,403.2298786933957
36,3589,403.2298786933957
36,3590,403.2298786933957
36,3591,403.2298786933957
36,3592,403.2298786933957
36,3593,403.2298786933957
36,3594,403.2298786933957
36,3595,403.2298786933957
36,3596,403.2298786933957
36,3597,403.2298786933957
36,3598,403.2298786933957
36,3599,403.2298786933957
36,3600,403.2298786933957
36,3601,403.2298786933957
36,3602,403.2298786933957
36,3603,403.2298786933957
36,3604,403.2298786933957
36,3605,403.2298786933957
36,3606,403.2298786933957
36,3607,403.2298786933957
36,3608,403.2298786933957
36,3609,403.2298786933957
36,3610,403.2298786933957
36,3611,403.2298786933957
36,3612,403.2298786933957
36,3613,403.2298786933957
36,3614,403.2298786933957
36,3615,403.2298786933957
36,3616,403.2298786933957
36,3617,403.2298786933957
36,3618,403.2298786933957
36,3619,403.2298786933957
36,3620,403.2298786933957
36,3621,403.2298786933957
36,3622,403.2298786933957
36,3623,403.2298786933957
36,3624,403.2298786933957
36,3625,403.2298786933957
36,3626,403.2298786933957
36,3627,403.2298786933957
36,3628,403.2298786933957
36,3629,403.2298786933957
36,3630,403.2298786933957
36,3631,403.2298786933957
37,3632,403.2298786933957
37,3633,403.2298786933957
37,3634,403.2298786933957
37,3635,403.2298786933957
37,3636,403.2298786933957
37,3637,403.2298786933957
37,3638,403.2298786933957
37,3639,403.2298786933957
37,3640,403.2298786933957
37,3641,403.2298786933957
37,3642,403.2298786933957
37,3643,403.2298786933957
37,3644,403.2298786933957
37,3645,403.2298786933957
37,3646,403.2298786933957
37,3647,403.2298786933957
37,3648,403.2298786933957
37,3649,403.2298786933957
37,3650,403.2298786933957
37,3651,403.2298786933957
37,3652,403.2298786933957
37,3653,403.2298786933957
37,3654,403.2298786933957
37,3655,403.2298786933957
37,3656,403.2298786933957
37,3657,403.2298786933957
37,3658,403.2298786933957
37,3659,403.2298786933957
37,3660,403.2298786933957
37,3661,403.2298786933957
37,3662,403.2298786933957
37,3663,403.2298786933957
37,3664,403.2298786933957
37,3665,403.2298786933957
37,3666,403.2298786933957
37,3667,403.2298786933957
37,3668,403.2298786933957
37,3669,403.2298786933957
37,3670,403.2298786933957
37,3671,403.2298786933957
37,3672,403.2298786933957
37,3673,403.2298786933957
37,3674,403.2298786933957
37,3675,403.2298786933957
37,3676,403.2298786933957
37,3677,403.2298786933957
37,3678,403.2298786933957
37,3679,403.2298786933957
37,3680,403.2298786933957
37,3681,403.2298786933957
37,3682,403.2298786933957
37,3683,593.8362514853638
37,3684,593.8362514853638
37,3685,593.8362514853638
37,3686,593.8362514853638
37,3687,593.8362514853638
37,3688,593.8362514853638
37,3689,593.8362514853638
37,3690,593.8362514853638
37,3691,593.8362514853638
37,3692,593.8362514853638
37,3693,593.8362514853638
37,3694,593.8362514853638
37,3695,593.8362514853638
37,3696,593.8362514853638
37,3697,593.8362514853638
37,3698,593.8362514853638
37,3699,593.8362514853638
37,3700,-627.5087485146362
37,3701,-627.5087485146362
37,3702,-627.5087485146362
37,3703,-627.5087485146362
37,3704,-627.5087485146362
37,3705,-627.5087485146362
37,3706,-627.5087485146362
37,3707,-627.5087485146362
37,3708,-627.5087485146362
37,3709,-627.5087485146362
37,3710,-627.5087485146362
37,3711,-627.5087485146362
37,3712,-627.5087485146362
37,3713,-627.5087485146362
37,3714,-627.5087485146362
37,3715,-627.5087485146362
37,3716,-627.5087485146362
37,3717,-627.5087485146362
37,3718,-627.5087485146362
37,3719,-627.5087485146362
37,3720,-627.5087485146362
37,3721,-627.5087485146362
37,3722,-627.5087485146362
37,3723,-627.5087485146362
37,3724,-627.5087485146362
37,3725,-627.5087485146362
37,3726,-627.5087485146362
37,3727,-627.5087485146362
37,3728,-627.5087485146362
37,3729,-627.5087485146362
37,3730,-627.5087485146362
37,3731,-627.5087485146362
37,3732,-627.5087485146362
38,3733,-627.5087485146362
38,3734,-627.5087485146362
38,3735,-627.5087485146362
38,3736,-627.5087485146362
38,3737,-627.5087485146362
38,3738,-627.5087485146362
38,3739,-627.5087485146362
38,3740,-627.5087485146362
38,3741,-627.5087485146362
38,3742,-627.5087485146362
38,3743,-627.5087485146362
38,3744,-627.5087485146362
38,3745,-627.5087485146362
38,3746,-627.5087485146362
38,3747,-627.5087485146362
38,3748,-627.5087485146362
38,3749,-627.5087485146362
38,3750,-627.5087485146362
38,3751,-627.5087485146362
38,3752,-627.5087485146362
38,3753,-627.5087485146362
38,3754,-627.5087485146362
38,3755,-627.5087485146362
38,3756,-627.5087485146362
38,3757,-627.5087485146362
38,3758,-627.5087485146362
38,3759,-627.5087485146362
38,3760,-627.5087485146362
38,3761,-627.5087485146362
38,3762,-627.5087485146362
38,3763,-627.5087485146362
38,3764,-627.5087485146362
38,3765,-627.5087485146362
38,3766,-627.5087485146362
38,3767,-627.5087485146362
38,3768,-627.5087485146362
38,3769,-627.5087485146362
38,3770,-627.5087485146362
38,3771,-627.5087485146362
38,3772,-627.5087485146362
38,3773,-627.5087485146362
38,3774,-627.5087485146362
38,3775,-627.5087485146362
38,3776,-627.5087485146362
38,3777,-627.5087485146362
38,3778,-627.5087485146362
38,3779,-627.5087485146362
38,3780,-627.5087485146362
38,3781,-627.5087485146362
38,3782,-627.5087485146362
38,3783,-627.5087485146362
38,3784,-441.7206292950452
38,3785,-441.7206292950452
38,3786,-441.7206292950452
38,3787,-441.7206292950452
38,3788,-441.7206292950452
38,3789,-441.7206292950452
38,3790,-441.7206292950452
38,3791,-441.7206292950452
38,3792,-441.7206292950452
38,3793,-441.7206292950452
38,3794,-441.7206292950452
38,3795,-441.7206292950452
38,3796,-441.7206292950452
38,3797,-441.7206292950452
38,3798,-441.7206292950452
38,3799,-441.7206292950452
38,3800,-441.7206292950452
38,3801,-441.7206292950452
38,3802,-441.7206292950452
38,3803,-441.7206292950452
38,3804,-441.7206292950452
38,3805,-441.7206292950452
38,3806,-441.7206292950452
38,3807,-441.7206292950452
38,3808,-441.7206292950452
38,3809,-441.7206292950452
38,3810,-441.7206292950452
38,3811,-441.7206292950452
38,3812,-441.7206292950452
38,3813,-441.7206292950452
38,3814,-441.7206292950452
38,3815,-441.7206292950452
38,3816,-441.7206292950452
38,3817,-441.7206292950452
38,3818,-441.7206292950452
38,3819,-441.7206292950452
38,3820,-441.7206292950452
38,3821,-441.7206292950452
38,3822,-441.7206292950452
38,3823,-441.7206292950452
38,3824,-441.7206292950452
38,3825,-441.7206292950452
38,3826,-441.7206292950452
38,3827,-441.7206292950452
38,3828,-441.7206292950452
38,3829,-441.7206292950452
38,3830,-441.7206292950452
38,3831,-441.7206292950452
38,3832,-441.7206292950452
38,3833,-441.7206292950452
39,3834,-441.7206292950452
39,3835,-441.7206292950452
39,3836,-441.7206292950452
39,3837,-441.7206292950452
39,3838,-441.7206292950452
39,3839,-441.7206292950452
39,3840,-441.7206292950452
39,3841,-441.7206292950452
39,3842,-441.7206292950452
39,3843,-441.7206292950452
39,3844,-441.7206292950452
39,3845,-441.7206292950452
39,3846,-441.7206292950452
39,3847,-441.7206292950452
39,3848,-441.7206292950452
39,3849,-441.7206292950452
39,3850,-441.7206292950452
39,3851,-441.7206292950452
39,3852,-441.7206292950452
39,3853,-441.7206292950452
39,3854,-441.7206292950452
39,3855,-441.7206292950452
39,3856,-441.7206292950452
39,3857,-441.7206292950452
39,3858,-441.7206292950452
39,3859,-441.7206292950452
39,3860,-441.7206292950452
39,3861,-441.7206292950452
39,3862,-441.7206292950452
39,3863,-441.7206292950452
39,3864,-441.7206292950452
39,3865,-441.7206292950452
39,3866,-441.7206292950452
39,3867,-441.7206292950452
39,3868,-441.7206292950452
39,3869,-441.7206292950452
39,3870,-441.7206292950452
39,3871,-441.7206292950452
39,3872,-441.7206292950452
39,3873,-441.7206292950452
39,3874,-441.7206292950452
39,3875,-441.7206292950452
39,3876,-441.7206292950452
39,3877,-441.7206292950452
39,3878,-441.7206292950452
39,3879,-441.7206292950452
39,3880,-441.7206292950452
39,3881,-441.7206292950452
39,3882,-441.7206292950452
39,3883,-441.7206292950452
39,3884,-441.7206292950452
39,3885,-261.4168821825556
39,3886,-261.4168821825556
39,3887,-261.4168821825556
39,3888,-261.4168821825556
39,3889,-261.4168821825556
39,3890,-261.4168821825556
39,3891,-261.4168821825556
39,3892,-261.4168821825556
39,3893,-261.4168821825556
39,3894,-261.4168821825556
39,3895,-261.4168821825556
39,3896,-261.4168821825556
39,3897,-261.4168821825556
39,3898,-261.4168821825556
39,3899,-261.4168821825556
39,3900,-261.4168821825556
39,3901,-261.4168821825556
39,3902,-261.4168821825556
39,3903,-261.4168821825556
39,3904,-261.4168821825556
39,3905,-261.4168821825556
39,3906,-261.4168821825556
39,3907,-261.4168821825556
39,3908,-261.4168821825556
39,3909,-261.4168821825556
39,3910,-261.4168821825556
39,3911,-261.4168821825556
39,3912,-261.4168821825556
39,3913,-261.4168821825556
39,3914,-261.4168821825556
39,3915,-261.4168821825556
39,3916,-261.4168821825556
39,3917,-261.4168821825556
39,3918,-261.4168821825556
39,3919,-261.4168821825556
39,3920,-261.4168821825556
39,3921,-261.4168821825556
39,3922,-261.4168821825556
39,3923,-261.4168821825556
39,3924,-261.4168821825556
39,3925,-261.4168821825556
39,3926,-261.4168821825556
39,3927,-261.4168821825556
39,3928,-261.4168821825556
39,3929,-261.4168821825556
39,3930,-261.4168821825556
39,3931,-261.4168821825556
39,3932,-261.4168821825556
39,3933,-261.4168821825556
39,3934,-261.4168821825556
40,3935,-261.4168821825556
40,3936,-261.4168821825556
40,3937,-261.4168821825556
40,3938,-261.4168821825556
40,3939,-261.4168821825556
40,3940,-261.4168821825556
40,3941,-261.4168821825556
40,3942,-261.4168821825556
40,3943,-261.4168821825556
40,3944,-261.4168821825556
40,3945,-261.4168821825556
40,3946,-261.4168821825556
40,3947,-261.4168821825556
40,3948,-261.4168821825556
40,3949,-261.4168821825556
40,3950,-261.4168821825556
40,3951,-261.4168821825556
40,3952,-261.4168821825556
40,3953,-261.4168821825556
40,3954,-261.4168821825556
40,3955,-261.4168821825556
40,3956,-261.4168821825556
40,3957,-261.4168821825556
40,3958,-261.4168821825556
40,3959,-261.4168821825556
40,3960,-261.4168821825556
40,3961,-261.4168821825556
40,3962,-261.4168821825556
40,3963,-261.4168821825556
40,3964,-261.4168821825556
40,3965,-261.4168821825556
40,3966,-261.4168821825556
40,3967,-261.4168821825556
40,3968,-261.4168821825556
40,3969,-261.4168821825556
40,3970,-261.4168821825556
40,3971,-261.4168821825556
40,3972,-261.4168821825556
40,3973,-261.4168821825556
40,3974,-261.4168821825556
40,3975,-261.4168821825556
40,3976,-261.4168821825556
40,3977,-261.4168821825556
40,3978,-261.4168821825556
40,3979,-261.4168821825556
40,3980,-261.4168821825556
40,3981,-261.4168821825556
40,3982,-261.4168821825556
40,3983,-261.4168821825556
40,3984,-261.4168821825556
40,3985,-261.4168821825556
40,3986,-87.27479824726879
40,3987,-87.27479824726879
40,3988,-87.27479824726879
40,3989,-87.27479824726879
40,3990,-87.27479824726879
40,3991,-87.27479824726879
40,3992,-87.27479824726879
40,3993,-87.27479824726879
40,3994,-87.27479824726879
40,3995,-87.27479824726879
40,3996,-87.27479824726879
40,3997,-87.27479824726879
40,3998,-87.27479824726879
40,3999,-87.27479824726879
40,4000,-87.27479824726879
40,4001,-87.27479824726879
40,4002,-87.27479824726879
40,4003,-87.27479824726879
40,4004,-87.27479824726879
40,4005,-87.27479824726879
40,4006,-87.27479824726879
40,4007,-87.27479824726879
40,4008,-87.27479824726879
40,4009,-87.27479824726879
40,4010,-87.27479824726879
40,4011,-87.27479824726879
40,4012,-87.27479824726879
40,4013,-87.27479824726879
40,4014,-87.27479824726879
40,4015,-87.27479824726879
40,4016,-87.27479824726879
40,4017,-87.27479824726879
40,4018,-87.27479824726879
40,4019,-87.27479824726879
40,4020,-87.27479824726879
40,4021,-87.27479824726879
40,4022,-87.27479824726879
40,4023,-87.27479824726879
40,4024,-87.27479824726879
40,4025,-87.27479824726879
40,4026,-87.27479824726879
40,4027,-87.27479824726879
40,4028,-87.27479824726879
40,4029,-87.27479824726879
40,4030,-87.27479824726879
40,4031,-87.27479824726879
40,4032,-87.27479824726879
40,4033,-87.27479824726879
40,4034,-87.27479824726879
40,4035,-87.27479824726879
41,4036,-87.27479824726879
41,4037,-87.27479824726879
41,4038,-87.27479824726879
41,4039,-87.27479824726879
41,4040,-87.27479824726879
41,4041,-87.27479824726879
41,4042,-87.27479824726879
41,4043,-87.27479824726879
41,4044,-87.27479824726879
41,4045,-87.27479824726879
41,4046,-87.27479824726879
41,4047,-87.27479824726879
41,4048,-87.27479824726879
41,4049,-87.27479824726879
41,4050,-87.27479824726879
41,4051,-87.27479824726879
41,4052,-87.27479824726879
41,4053,-87.27479824726879
41,4054,-87.27479824726879
41,4055,-87.27479824726879
41,4056,-87.27479824726879
41,4057,-87.27479824726879
41,4058,-87.27479824726879
41,4059,-87.27479824726879
41,4060,-87.27479824726879
41,4061,-87.27479824726879
41,4062,-87.27479824726879
41,4063,-87.27479824726879
41,4064,-87.27479824726879
41,4065,-87.27479824726879
41,4066,-87.27479824726879
41,4067,-87.27479824726879
41,4068,-87.27479824726879
41,4069,-87.27479824726879
41,4070,-87.27479824726879
41,4071,-87.27479824726879
41,4072,-87.27479824726879
41,4073,-87.27479824726879
41,4074,-87.27479824726879
41,4075,-87.27479824726879
41,4076,-87.27479824726879
41,4077,-87.27479824726879
41,4078,-87.27479824726879
41,4079,-87.27479824726879
41,4080,-87.27479824726879
41,4081,-87.27479824726879
41,4082,-87.27479824726879
41,4083,-87.27479824726879
41,4084,-87.27479824726879
41,4085,-87.27479824726879
41,4086,-87.27479824726879
41,4087,80.0214173104846
41,4088,80.0214173104846
41,4089,80.0214173104846
41,4090,80.0214173104846
41,4091,80.0214173104846
41,4092,80.0214173104846
41,4093,80.0214173104846
41,4094,80.0214173104846
41,4095,80.0214173104846
41,4096,80.0214173104846
41,4097,80.0214173104846
41,4098,80.0214173104846
41,4099,80.0214173104846
41,4100,80.0214173104846
41,4101,80.0214173104846
41,4102,80.0214173104846
41,4103,80.0214173104846
41,4104,80.0214173104846
41,4105,80.0214173104846
41,4106,80.0214173104846
41,4107,80.0214173104846
41,4108,80.0214173104846
41,4109,80.0214173104846
41,4110,80.0214173104846
41,4111,80.0214173104846
41,4112,80.0214173104846
41,4113,80.0214173104846
41,4114,80.0214173104846
41,4115,80.0214173104846
41,4116,80.0214173104846
41,4117,80.0214173104846
41,4118,80.0214173104846
41,4119,80.0214173104846
41,4120,80.0214173104846
41,4121,80.0214173104846
41,4122,80.0214173104846
41,4123,80.0214173104846
41,4124,80.0214173104846
41,4125,80.0214173104846
41,4126,80.0214173104846
41,4127,80.0214173104846
41,4128,80.0214173104846
41,4129,80.0214173104846
41,4130,80.0214173104846
41,4131,80.0214173104846
41,4132,80.0214173104846
41,4133,80.0214173104846
41,4134,80.0214173104846
41,4135,80.0214173104846
41,4136,80.0214173104846
42,4137,80.0214173104846
42,4138,80.0214173104846
42,4139,80.0214173104846
42,4140,80.0214173104846
42,4141,80.0214173104846
42,4142,80.0214173104846
42,4143,80.0214173104846
42,4144,80.0214173104846
42,4145,80.0214173104846
42,4146,80.0214173104846
42,4147,80.0214173104846
42,4148,80.0214173104846
42,4149,80.0214173104846
42,4150,80.0214173104846
42,4151,80.0214173104846
42,4152,80.0214173104846
42,4153,80.0214173104846
42,4154,80.0214173104846
42,4155,80.0214173104846
42,4156,80.0214173104846
42,4157,80.0214173104846
42,4158,80.0214173104846
42,4159,80.0214173104846
42,4160,80.0214173104846
42,4161,80.0214173104846
42,4162,80.0214173104846
42,4163,80.0214173104846
42,4164,80.0214173104846
42,4165,80.0214173104846
42,4166,80.0214173104846
42,4167,80.0214173104846
42,4168,80.0214173104846
42,4169,80.0214173104846
42,4170,80.0214173104846
42,4171,80.0214173104846
42,4172,80.0214173104846
42,4173,80.0214173104846
42,4174,80.0214173104846
42,4175,80.0214173104846
42,4176,80.0214173104846
42,4177,80.0214173104846
42,4178,80.0214173104846
42,4179,80.0214173104846
42,4180,80.0214173104846
42,4181,80.0214173104846
42,4182,80.0214173104846
42,4183,80.0214173104846
42,4184,80.0214173104846
42,4185,80.0214173104846
42,4186,80.0214173104846
42,4187,80.0214173104846
42,4188,239.78459413914197
42,4189,239.78459413914197
42,4190,239.78459413914197
42,4191,239.78459413914197
42,4192,239.78459413914197
42,4193,239.78459413914197
42,4194,239.78459413914197
42,4195,239.78459413914197
42,4196,239.78459413914197
42,4197,239.78459413914197
42,4198,239.78459413914197
42,4199,239.78459413914197
42,4200,239.78459413914197
42,4201,239.78459413914197
42,4202,239.78459413914197
42,4203,239.78459413914197
42,4204,239.78459413914197
42,4205,239.78459413914197
42,4206,239.78459413914197
42,4207,239.78459413914197
42,4208,239.78459413914197
42,4209,239.78459413914197
42,4210,239.78459413914197
42,4211,239.78459413914197
42,4212,239.78459413914197
42,4213,239.78459413914197
42,4214,239.78459413914197
42,4215,239.78459413914197
42,4216,239.78459413914197
42,4217,239.78459413914197
42,4218,239.78459413914197
42,4219,239.78459413914197
42,4220,239.78459413914197
42,4221,239.78459413914197
42,4222,239.78459413914197
42,4223,239.78459413914197
42,4224,239.78459413914197
42,4225,239.78459413914197
42,4226,239.78459413914197
42,4227,239.78459413914197
42,4228,239.78459413914197
42,4229,239.78459413914197
42,4230,239.78459413914197
42,4231,239.78459413914197
42,4232,239.78459413914197
42,4233,239.78459413914197
42,4234,239.78459413914197
42,4235,239.78459413914197
42,4236,239.78459413914197
42,4237,239.78459413914197
43,4238,239.78459413914197
43,4239,239.78459413914197
43,4240,239.78459413914197
43,4241,239.78459413914197
43,4242,239.78459413914197
43,4243,239.78459413914197
43,4244,239.78459413914197
43,4245,239.78459413914197
43,4246,239.78459413914197
43,4247,239.78459413914197
43,4248,239.78459413914197
43,4249,239.78459413914197
43,4250,239.78459413914197
43,4251,239.78459413914197
43,4252,239.78459413914197
43,4253,239.78459413914197
43,4254,239.78459413914197
43,4255,239.78459413914197
43,4256,239.78459413914197
43,4257,239.78459413914197
43,4258,239.78459413914197
43,4259,239.78459413914197
43,4260,239.78459413914197
43,4261,239.78459413914197
43,4262,239.78459413914197
43,4263,239.78459413914197
43,4264,239.78459413914197
43,4265,239.78459413914197
43,4266,239.78459413914197
43,4267,239.78459413914197
43,4268,239.78459413914197
43,4269,239.78459413914197
43,4270,239.78459413914197
43,4271,239.78459413914197
43,4272,239.78459413914197
43,4273,239.78459413914197
43,4274,239.78459413914197
43,4275,239.78459413914197
43,4276,239.78459413914197
43,4277,239.78459413914197
43,4278,239.78459413914197
43,4279,239.78459413914197
43,4280,239.78459413914197
43,4281,239.78459413914197
43,4282,239.78459413914197
43,4283,239.78459413914197
43,4284,239.78459413914197
43,4285,239.78459413914197
43,4286,239.78459413914197
43,4287,239.78459413914197
43,4288,391.3262371599935
43,4289,391.3262371599935
43,4290,391.3262371599935
43,4291,391.3262371599935
43,4292,391.3262371599935
43,4293,391.3262371599935
43,4294,391.3262371599935
43,4295,391.3262371599935
43,4296,391.3262371599935
43,4297,391.3262371599935
43,4298,391.3262371599935
43,4299,391.3262371599935
43,4300,391.3262371599935
43,4301,391.3262371599935
43,4302,391.3262371599935
43,4303,391.3262371599935
43,4304,391.3262371599935
43,4305,391.3262371599935
43,4306,391.3262371599935
43,4307,391.3262371599935
43,4308,391.3262371599935
43,4309,391.3262371599935
43,4310,391.3262371599935
43,4311,391.3262371599935
43,4312,391.3262371599935
43,4313,391.3262371599935
43,4314,391.3262371599935
43,4315,391.3262371599935
43,4316,391.3262371599935
43,4317,391.3262371599935
43,4318,391.3262371599935
43,4319,391.3262371599935
43,4320,391.3262371599935
43,4321,391.3262371599935
43,4322,391.3262371599935
43,4323,391.3262371599935
43,4324,391.3262371599935
43,4325,391.3262371599935
43,4326,391.3262371599935
43,4327,391.3262371599935
43,4328,391.3262371599935
43,4329,391.3262371599935
43,4330,391.3262371599935
43,4331,391.3262371599935
43,4332,391.3262371599935
43,4333,391.3262371599935
43,4334,391.3262371599935
43,4335,391.3262371599935
43,4336,391.3262371599935
43,4337,391.3262371599935
44,4338,391.3262371599935
44,4339,391.3262371599935
44,4340,391.3262371599935
44,4341,391.3262371599935
44,4342,391.3262371599935
44,4343,391.3262371599935
44,4344,391.3262371599935
44,4345,391.3262371599935
44,4346,391.3262371599935
44,4347,391.3262371599935
44,4348,391.3262371599935
44,4349,391.3262371599935
44,4350,391.3262371599935
44,4351,391.3262371599935
44,4352,391.3262371599935
44,4353,391.3262371599935
44,4354,391.3262371599935
44,4355,391.3262371599935
44,4356,391.3262371599935
44,4357,391.3262371599935
44,4358,391.3262371599935
44,4359,391.3262371599935
44,4360,391.3262371599935
44,4361,391.3262371599935
44,4362,391.3262371599935
44,4363,391.3262371599935
44,4364,391.3262371599935
44,4365,391.3262371599935
44,4366,391.3262371599935
44,4367,391.3262371599935
44,4368,391.3262371599935
44,4369,391.3262371599935
44,4370,391.3262371599935
44,4371,391.3262371599935
44,4372,391.3262371599935
44,4373,391.3262371599935
44,4374,391.3262371599935
44,4375,391.3262371599935
44,4376,391.3262371599935
44,4377,391.3262371599935
44,4378,391.3262371599935
44,4379,391.3262371599935
44,4380,391.3262371599935
44,4381,391.3262371599935
44,4382,391.3262371599935
44,4383,391.3262371599935
44,4384,391.3262371599935
44,4385,391.3262371599935
44,4386,391.3262371599935
44,4387,391.3262371599935
44,4388,391.3262371599935
44,4389,533.9563933621243
44,4390,533.9563933621243
44,4391,533.9563933621243
44,4392,533.9563933621243
44,4393,533.9563933621243
44,4394,533.9563933621243
44,4395,533.9563933621243
44,4396,533.9563933621243
44,4397,533.9563933621243
44,4398,533.9563933621243
44,4399,533.9563933621243
44,4400,533.9563933621243
44,4401,533.9563933621243
44,4402,533.9563933621243
44,4403,533.9563933621243
44,4404,533.9563933621243
44,4405,533.9563933621243
44,4406,533.9563933621243
44,4407,533.9563933621243
44,4408,533.9563933621243
44,4409,533.9563933621243
44,4410,533.9563933621243
44,4411,533.9563933621243
44,4412,533.9563933621243
44,4413,533.9563933621243
44,4414,533.9563933621243
44,4415,533.9563933621243
44,4416,533.9563933621243
44,4417,533.9563933621243
44,4418,533.9563933621243
44,4419,533.9563933621243
44,4420,533.9563933621243
44,4421,533.9563933621243
44,4422,533.9563933621243
44,4423,533.9563933621243
44,4424,533.9563933621243
44,4425,533.9563933621243
44,4426,533.9563933621243
44,4427,533.9563933621243
44,4428,533.9563933621243
44,4429,533.9563933621243
44,4430,533.9563933621243
44,4431,533.9563933621243
44,4432,533.9563933621243
44,4433,533.9563933621243
44,4434,533.9563933621243
44,4435,533.9563933621243
44,4436,533.9563933621243
44,4437,533.9563933621243
44,4438,533.9563933621243
45,4439,533.9563933621243
45,4440,533.9563933621243
45,4441,533.9563933621243
45,4442,533.9563933621243
45,4443,533.9563933621243
45,4444,533.9563933621243
45,4445,533.9563933621243
45,4446,533.9563933621243
45,4447,533.9563933621243
45,4448,533.9563933621243
45,4449,533.9563933621243
45,4450,533.9563933621243
45,4451,533.9563933621243
45,4452,533.9563933621243
45,4453,533.9563933621243
45,4454,533.9563933621243
45,4455,533.9563933621243
45,4456,533.9563933621243
45,4457,533.9563933621243
45,4458,533.9563933621243
45,4459,533.9563933621243
45,4460,533.9563933621243
45,4461,533.9563933621243
45,4462,533.9563933621243
45,4463,533.9563933621243
45,4464,533.9563933621243
45,4465,533.9563933621243
45,4466,533.9563933621243
45,4467,533.9563933621243
45,4468,533.9563933621243
45,4469,533.9563933621243
45,4470,533.9563933621243
45,4471,533.9563933621243
45,4472,533.9563933621243
45,4473,533.9563933621243
45,4474,533.9563933621243
45,4475,533.9563933621243
45,4476,533.9563933621243
45,4477,533.9563933621243
45,4478,533.9563933621243
45,4479,533.9563933621243
45,4480,533.9563933621243
45,4481,533.9563933621243
45,4482,533.9563933621243
45,4483,533.9563933621243
45,4484,533.9563933621243
45,4485,533.9563933621243
45,4486,533.9563933621243
45,4487,533.9563933621243
45,4488,533.9563933621243
45,4489,533.9563933621243
45,4490,666.7350812792588
45,4491,666.7350812792588
45,4492,666.7350812792588
45,4493,666.7350812792588
45,4494,666.7350812792588
45,4495,666.7350812792588
45,4496,666.7350812792588
45,4497,666.7350812792588
45,4498,666.7350812792588
45,4499,666.7350812792588
45,4500,666.7350812792588
45,4501,666.7350812792588
45,4502,666.7350812792588
45,4503,666.7350812792588
45,4504,666.7350812792588
45,4505,666.7350812792588
45,4506,666.7350812792588
45,4507,666.7350812792588
45,4508,666.7350812792588
45,4509,666.7350812792588
45,4510,666.7350812792588
45,4511,666.7350812792588
45,4512,666.7350812792588
45,4513,666.7350812792588
45,4514,666.7350812792588
45,4515,666.7350812792588
45,4516,666.7350812792588
45,4517,666.7350812792588
45,4518,666.7350812792588
45,4519,666.7350812792588
45,4520,666.7350812792588
45,4521,666.7350812792588
45,4522,666.7350812792588
45,4523,666.7350812792588
45,4524,666.7350812792588
45,4525,666.7350812792588
45,4526,666.7350812792588
45,4527,666.7350812792588
45,4528,666.7350812792588
45,4529,666.7350812792588
45,4530,666.7350812792588
45,4531,666.7350812792588
45,4532,666.7350812792588
45,4533,666.7350812792588
45,4534,666.7350812792588
45,4535,666.7350812792588
45,4536,666.7350812792588
45,4537,666.7350812792588
45,4538,666.7350812792588
45,4539,666.7350812792588
46,4540,666.7350812792588
46,4541,666.7350812792588
46,4542,666.7350812792588
46,4543,666.7350812792588
46,4544,666.7350812792588
46,4545,666.7350812792588
46,4546,666.7350812792588
46,4547,666.7350812792588
46,4548,666.7350812792588
46,4549,666.7350812792588
46,4550,-554.6099187207412
46,4551,-554.6099187207412
46,4552,-554.6099187207412
46,4553,-554.6099187207412
46,4554,-554.6099187207412
46,4555,-554.6099187207412
46,4556,-554.6099187207412
46,4557,-554.6099187207412
46,4558,-554.6099187207412
46,4559,-554.6099187207412
46,4560,-554.6099187207412
46,4561,-554.6099187207412
46,4562,-554.6099187207412
46,4563,-554.6099187207412
46,4564,-554.6099187207412
46,4565,-554.6099187207412
46,4566,-554.6099187207412
46,4567,-554.6099187207412
46,4568,-554.6099187207412
46,4569,-554.6099187207412
46,4570,-554.6099187207412
46,4571,-554.6099187207412
46,4572,-554.6099187207412
46,4573,-554.6099187207412
46,4574,-554.6099187207412
46,4575,-554.6099187207412
46,4576,-554.6099187207412
46,4577,-554.6099187207412
46,4578,-554.6099187207412
46,4579,-554.6099187207412
46,4580,-554.6099187207412
46,4581,-554.6099187207412
46,4582,-554.6099187207412
46,4583,-554.6099187207412
46,4584,-554.6099187207412
46,4585,-554.6099187207412
46,4586,-554.6099187207412
46,4587,-554.6099187207412
46,4588,-554.6099187207412
46,4589,-554.6099187207412
46,4590,-554.6099187207412
46,4591,-432.6558087741862
46,4592,-432.6558087741862
46,4593,-432.6558087741862
46,4594,-432.6558087741862
46,4595,-432.6558087741862
46,4596,-432.6558087741862
46,4597,-432.6558087741862
46,4598,-432.6558087741862
46,4599,-432.6558087741862
46,4600,-432.6558087741862
46,4601,-432.6558087741862
46,4602,-432.6558087741862
46,4603,-432.6558087741862
46,4604,-432.6558087741862
46,4605,-432.6558087741862
46,4606,-432.6558087741862
46,4607,-432.6558087741862
46,4608,-432.6558087741862
46,4609,-432.6558087741862
46,4610,-432.6558087741862
46,4611,-432.6558087741862
46,4612,-432.6558087741862
46,4613,-432.6558087741862
46,4614,-432.6558087741862
46,4615,-432.6558087741862
46,4616,-432.6558087741862
46,4617,-432.6558087741862
46,4618,-432.6558087741862
46,4619,-432.6558087741862
46,4620,-432.6558087741862
46,4621,-432.6558087741862
46,4622,-432.6558087741862
46,4623,-432.6558087741862
46,4624,-432.6558087741862
46,4625,-432.6558087741862
46,4626,-432.6558087741862
46,4627,-432.6558087741862
46,4628,-432.6558087741862
46,4629,-432.6558087741862
46,4630,-432.6558087741862
46,4631,-432.6558087741862
46,4632,-432.6558087741862
46,4633,-432.6558087741862
46,4634,-432.6558087741862
46,4635,-432.6558087741862
46,4636,-432.6558087741862
46,4637,-432.6558087741862
46,4638,-432.6558087741862
46,4639,-432.6558087741862
46,4640,-432.6558087741862
47,4641,-432.6558087741862
47,4642,-432.6558087741862
47,4643,-432.6558087741862
47,4644,-432.6558087741862
47,4645,-432.6558087741862
47,4646,-432.6558087741862
47,4647,-432.6558087741862
47,4648,-432.6558087741862
47,4649,-432.6558087741862
47,4650,-432.6558087741862
47,4651,-432.6558087741862
47,4652,-432.6558087741862
47,4653,-432.6558087741862
47,4654,-432.6558087741862
47,4655,-432.6558087741862
47,4656,-432.6558087741862
47,4657,-432.6558087741862
47,4658,-432.6558087741862
47,4659,-432.6558087741862
47,4660,-432.6558087741862
47,4661,-432.6558087741862
47,4662,-432.6558087741862
47,4663,-432.6558087741862
47,4664,-432.6558087741862
47,4665,-432.6558087741862
47,4666,-432.6558087741862
47,4667,-432.6558087741862
47,4668,-432.6558087741862
47,4669,-432.6558087741862
47,4670,-432.6558087741862
47,4671,-432.6558087741862
47,4672,-432.6558087741862
47,4673,-432.6558087741862
47,4674,-432.6558087741862
47,4675,-432.6558087741862
47,4676,-432.6558087741862
47,4677,-432.6558087741862
47,4678,-432.6558087741862
47,4679,-432.6558087741862
47,4680,-432.6558087741862
47,4681,-432.6558087741862
47,4682,-432.6558087741862
47,4683,-432.6558087741862
47,4684,-432.6558087741862
47,4685,-432.6558087741862
47,4686,-432.6558087741862
47,4687,-432.6558087741862
47,4688,-432.6558087741862
47,4689,-432.6558087741862
47,4690,-432.6558087741862
47,4691,-432.6558087741862
47,4692,-322.26984825749287
47,4693,-322.26984825749287
47,4694,-322.26984825749287
47,4695,-322.26984825749287
47,4696,-322.26984825749287
47,4697,-322.26984825749287
47,4698,-322.26984825749287
47,4699,-322.26984825749287
47,4700,-322.26984825749287
47,4701,-322.26984825749287
47,4702,-322.26984825749287
47,4703,-322.26984825749287
47,4704,-322.26984825749287
47,4705,-322.26984825749287
47,4706,-322.26984825749287
47,4707,-322.26984825749287
47,4708,-322.26984825749287
47,4709,-322.26984825749287
47,4710,-322.26984825749287
47,4711,-322.26984825749287
47,4712,-322.26984825749287
47,4713,-322.26984825749287
47,4714,-322.26984825749287
47,4715,-322.26984825749287
47,4716,-322.26984825749287
47,4717,-322.26984825749287
47,4718,-322.26984825749287
47,4719,-322.26984825749287
47,4720,-322.26984825749287
47,4721,-322.26984825749287
47,4722,-322.26984825749287
47,4723,-322.26984825749287
47,4724,-322.26984825749287
47,4725,-322.26984825749287
47,4726,-322.26984825749287
47,4727,-322.26984825749287
47,4728,-322.26984825749287
47,4729,-322.26984825749287
47,4730,-322.26984825749287
47,4731,-322.26984825749287
47,4732,-322.26984825749287
47,4733,-322.26984825749287
47,4734,-322.26984825749287
47,4735,-322.26984825749287
47,4736,-322.26984825749287
47,4737,-322.26984825749287
47,4738,-322.26984825749287
47,4739,-322.26984825749287
47,4740,-322.26984825749287
47,4741,-322.26984825749287
48,4742,-322.26984825749287
48,4743,-322.26984825749287
48,4744,-322.26984825749287
48,4745,-322.26984825749287
48,4746,-322.26984825749287
48,4747,-322.26984825749287
48,4748,-322.26984825749287
48,4749,-322.26984825749287
48,4750,-322.26984825749287
48,4751,-322.26984825749287
48,4752,-322.26984825749287
48,4753,-322.26984825749287
48,4754,-322.26984825749287
48,4755,-322.26984825749287
48,4756,-322.26984825749287
48,4757,-322.26984825749287
48,4758,-322.26984825749287
48,4759,-322.26984825749287
48,4760,-322.26984825749287
48,4761,-322.26984825749287
48,4762,-322.26984825749287
48,4763,-322.26984825749287
48,4764,-322.26984825749287
48,4765,-322.26984825749287
48,4766,-322.26984825749287
48,4767,-322.26984825749287
48,4768,-322.26984825749287
48,4769,-322.26984825749287
48,4770,-322.26984825749287
48,4771,-322.26984825749287
48,4772,-322.26984825749287
48,4773,-322.26984825749287
48,4774,-322.26984825749287
48,4775,-322.26984825749287
48,4776,-322.26984825749287
48,4777,-322.26984825749287
48,4778,-322.26984825749287
48,4779,-322.26984825749287
48,4780,-322.26984825749287
48,4781,-322.26984825749287
48,4782,-322.26984825749287
48,4783,-322.26984825749287
48,4784,-322.26984825749287
48,4785,-322.26984825749287
48,4786,-322.26984825749287
48,4787,-322.26984825749287
48,4788,-322.26984825749287
48,4789,-322.26984825749287
48,4790,-322.26984825749287
48,4791,-322.26984825749287
48,4792,-322.26984825749287
48,4793,-224.16321905622272
48,4794,-224.16321905622272
48,4795,-224.16321905622272
48,4796,-224.16321905622272
48,4797,-224.16321905622272
48,4798,-224.16321905622272
48,4799,-224.16321905622272
48,4800,-224.16321905622272
48,4801,-224.16321905622272
48,4802,-224.16321905622272
48,4803,-224.16321905622272
48,4804,-224.16321905622272
48,4805,-224.16321905622272
48,4806,-224.16321905622272
48,4807,-224.16321905622272
48,4808,-224.16321905622272
48,4809,-224.16321905622272
48,4810,-224.16321905622272
48,4811,-224.16321905622272
48,4812,-224.16321905622272
48,4813,-224.16321905622272
48,4814,-224.16321905622272
48,4815,-224.16321905622272
48,4816,-224.16321905622272
48,4817,-224.16321905622272
48,4818,-224.16321905622272
48,4819,-224.16321905622272
48,4820,-224.16321905622272
48,4821,-224.16321905622272
48,4822,-224.16321905622272
48,4823,-224.16321905622272
48,4824,-224.16321905622272
48,4825,-224.16321905622272
48,4826,-224.16321905622272
48,4827,-224.16321905622272
48,4828,-224.16321905622272
48,4829,-224.16321905622272
48,4830,-224.16321905622272
48,4831,-224.16321905622272
48,4832,-224.16321905622272
48,4833,-224.16321905622272
48,4834,-224.16321905622272
48,4835,-224.16321905622272
48,4836,-224.16321905622272
48,4837,-224.16321905622272
48,4838,-224.16321905622272
48,4839,-224.16321905622272
48,4840,-224.16321905622272
48,4841,-224.16321905622272
48,4842,-224.16321905622272
49,4843,-224.16321905622272
49,4844,-224.16321905622272
49,4845,-224.16321905622272
49,4846,-224.16321905622272
49,4847,-224.16321905622272
49,4848,-224.16321905622272
49,4849,-224.16321905622272
49,4850,-224.16321905622272
49,4851,-224.16321905622272
49,4852,-224.16321905622272
49,4853,-224.16321905622272
49,4854,-224.16321905622272
49,4855,-224.16321905622272
49,4856,-224.16321905622272
49,4857,-224.16321905622272
49,4858,-224.16321905622272
49,4859,-224.16321905622272
49,4860,-224.16321905622272
49,4861,-224.16321905622272
49,4862,-224.16321905622272
49,4863,-224.16321905622272
49,4864,-224.16321905622272
49,4865,-224.16321905622272
49,4866,-224.16321905622272
49,4867,-224.16321905622272
49,4868,-224.16321905622272
49,4869,-224.16321905622272
49,4870,-224.16321905622272
49,4871,-224.16321905622272
49,4872,-224.16321905622272
49,4873,-224.16321905622272
49,4874,-224.16321905622272
49,4875,-224.16321905622272
49,4876,-224.16321905622272
49,4877,-224.16321905622272
49,4878,-224.16321905622272
49,4879,-224.16321905622272
49,4880,-224.16321905622272
49,4881,-224.16321905622272
49,4882,-224.16321905622272
49,4883,-224.16321905622272
49,4884,-224.16321905622272
49,4885,-224.16321905622272
49,4886,-224.16321905622272
49,4887,-224.16321905622272
49,4888,-224.16321905622272
49,4889,-224.16321905622272
49,4890,-224.16321905622272
49,4891,-224.16321905622272
49,4892,-224.16321905622272
49,4893,-224.16321905622272
49,4894,-139.63915975410373
49,4895,-139.63915975410373
49,4896,-139.63915975410373
49,4897,-139.63915975410373
49,4898,-139.63915975410373
49,4899,-139.63915975410373
49,4900,-139.63915975410373
49,4901,-139.63915975410373
49,4902,-139.63915975410373
49,4903,-139.63915975410373
49,4904,-139.63915975410373
49,4905,-139.63915975410373
49,4906,-139.63915975410373
49,4907,-139.63915975410373
49,4908,-139.63915975410373
49,4909,-139.63915975410373
49,4910,-139.63915975410373
49,4911,-139.63915975410373
49,4912,-139.63915975410373
49,4913,-139.63915975410373
49,4914,-139.63915975410373
49,4915,-139.63915975410373
49,4916,-139.63915975410373
49,4917,-139.63915975410373
49,4918,-139.63915975410373
49,4919,-139.63915975410373
49,4920,-139.63915975410373
49,4921,-139.63915975410373
49,4922,-139.63915975410373
49,4923,-139.63915975410373
49,4924,-139.63915975410373
49,4925,-139.63915975410373
49,4926,-139.63915975410373
49,4927,-139.63915975410373
49,4928,-139.63915975410373
49,4929,-139.63915975410373
49,4930,-139.63915975410373
49,4931,-139.63915975410373
49,4932,-139.63915975410373
49,4933,-139.63915975410373
49,4934,-139.63915975410373
49,4935,-139.63915975410373
49,4936,-139.63915975410373
49,4937,-139.63915975410373
49,4938,-139.63915975410373
49,4939,-139.63915975410373
49,4940,-139.63915975410373
49,4941,-139.63915975410373
49,4942,-139.63915975410373
49,4943,-139.63915975410373
50,4944,-139.63915975410373
50,4945,-139.63915975410373
50,4946,-139.63915975410373
50,4947,-139.63915975410373
50,4948,-139.63915975410373
50,4949,-139.63915975410373
50,4950,-139.63915975410373
50,4951,-139.63915975410373
50,4952,-139.63915975410373
50,4953,-139.63915975410373
50,4954,-139.63915975410373
50,4955,-139.63915975410373
50,4956,-139.63915975410373
50,4957,-139.63915975410373
50,4958,-139.63915975410373
50,4959,-139.63915975410373
50,4960,-139.63915975410373
50,4961,-139.63915975410373
50,4962,-139.63915975410373
50,4963,-139.63915975410373
50,4964,-139.63915975410373
50,4965,-139.63915975410373
50,4966,-139.63915975410373
50,4967,-139.63915975410373
50,4968,-139.63915975410373
50,4969,-139.63915975410373
50,4970,-139.63915975410373
50,4971,-139.63915975410373
50,4972,-139.63915975410373
50,4973,-139.63915975410373
50,4974,-139.63915975410373
50,4975,-139.63915975410373
50,4976,-139.63915975410373
50,4977,-139.63915975410373
50,4978,-139.63915975410373
50,4979,-139.63915975410373
50,4980,-139.63915975410373
50,4981,-139.63915975410373
50,4982,-139.63915975410373
50,4983,-139.63915975410373
50,4984,-139.63915975410373
50,4985,-139.63915975410373
50,4986,-139.63915975410373
50,4987,-139.63915975410373
50,4988,-139.63915975410373
50,4989,-139.63915975410373
50,4990,-139.63915975410373
50,4991,-139.63915975410373
50,4992,-139.63915975410373
50,4993,-139.63915975410373
50,4994,-139.63915975410373
50,4995,-70.72472447469727
50,4996,-70.72472447469727
50,4997,-70.72472447469727
50,4998,-70.72472447469727
50,4999,-70.72472447469727
50,5000,-70.72472447469727
50,5001,-70.72472447469727
50,5002,-70.72472447469727
50,5003,-70.72472447469727
50,5004,-70.72472447469727
50,5005,-70.72472447469727
50,5006,-70.72472447469727
50,5007,-70.72472447469727
50,5008,-70.72472447469727
50,5009,-70.72472447469727
50,5010,-70.72472447469727
50,5011,-70.72472447469727
50,5012,-70.72472447469727
50,5013,-70.72472447469727
50,5014,-70.72472447469727
50,5015,-70.72472447469727
50,5016,-70.72472447469727
50,5017,-70.72472447469727
50,5018,-70.72472447469727
50,5019,-70.72472447469727
50,5020,-70.72472447469727
50,5021,-70.72472447469727
50,5022,-70.72472447469727
50,5023,-70.72472447469727
50,5024,-70.72472447469727
50,5025,-70.72472447469727
50,5026,-70.72472447469727
50,5027,-70.72472447469727
50,5028,-70.72472447469727
50,5029,-70.72472447469727
50,5030,-70.72472447469727
50,5031,-70.72472447469727
50,5032,-70.72472447469727
50,5033,-70.72472447469727
50,5034,-70.72472447469727
50,5035,-70.72472447469727
50,5036,-70.72472447469727
50,5037,-70.72472447469727
50,5038,-70.72472447469727
50,5039,-70.72472447469727
50,5040,-70.72472447469727
50,5041,-70.72472447469727
50,5042,-70.72472447469727
50,5043,-70.72472447469727
50,5044,-70.72472447469727
51,5045,-70.72472447469727
51,5046,-70.72472447469727
51,5047,-70.72472447469727
51,5048,-70.72472447469727
51,5049,-70.72472447469727
51,5050,-70.72472447469727
51,5051,-70.72472447469727
51,5052,-70.72472447469727
51,5053,-70.72472447469727
51,5054,-70.72472447469727
51,5055,-70.72472447469727
51,5056,-70.72472447469727
51,5057,-70.72472447469727
51,5058,-70.72472447469727
51,5059,-70.72472447469727
51,5060,-70.72472447469727
51,5061,-70.72472447469727
51,5062,-70.72472447469727
51,5063,-70.72472447469727
51,5064,-70.72472447469727
51,5065,-70.72472447469727
51,5066,-70.72472447469727
51,5067,-70.72472447469727
51,5068,-70.72472447469727
51,5069,-70.72472447469727
51,5070,-70.72472447469727
51,5071,-70.72472447469727
51,5072,-70.72472447469727
51,5073,-70.72472447469727
51,5074,-70.72472447469727
51,5075,-70.72472447469727
51,5076,-70.72472447469727
51,5077,-70.72472447469727
51,5078,-70.72472447469727
51,5079,-70.72472447469727
51,5080,-70.72472447469727
51,5081,-70.72472447469727
51,5082,-70.72472447469727
51,5083,-70.72472447469727
51,5084,-70.72472447469727
51,5085,-70.72472447469727
51,5086,-70.72472447469727
51,5087,-70.72472447469727
51,5088,-70.72472447469727
51,5089,-70.72472447469727
51,5090,-70.72472447469727
51,5091,-70.72472447469727
51,5092,-70.72472447469727
51,5093,-70.72472447469727
51,5094,-70.72472447469727
51,5095,-70.72472447469727
51,5096,-19.085038084874668
51,5097,-19.085038084874668
51,5098,-19.085038084874668
51,5099,-19.085038084874668
51,5100,-19.085038084874668
51,5101,-19.085038084874668
51,5102,-19.085038084874668
51,5103,-19.085038084874668
51,5104,-19.085038084874668
51,5105,-19.085038084874668
51,5106,-19.085038084874668
51,5107,-19.085038084874668
51,5108,-19.085038084874668
51,5109,-19.085038084874668
51,5110,-19.085038084874668
51,5111,-19.085038084874668
51,5112,-19.085038084874668
51,5113,-19.085038084874668
51,5114,-19.085038084874668
51,5115,-19.085038084874668
51,5116,-19.085038084874668
51,5117,-19.085038084874668
51,5118,-19.085038084874668
51,5119,-19.085038084874668
51,5120,-19.085038084874668
51,5121,-19.085038084874668
51,5122,-19.085038084874668
51,5123,-19.085038084874668
51,5124,-19.085038084874668
51,5125,-19.085038084874668
51,5126,-19.085038084874668
51,5127,-19.085038084874668
51,5128,-19.085038084874668
51,5129,-19.085038084874668
51,5130,-19.085038084874668
51,5131,-19.085038084874668
51,5132,-19.085038084874668
51,5133,-19.085038084874668
51,5134,-19.085038084874668
51,5135,-19.085038084874668
51,5136,-19.085038084874668
51,5137,-19.085038084874668
51,5138,-19.085038084874668
51,5139,-19.085038084874668
51,5140,-19.085038084874668
51,5141,-19.085038084874668
51,5142,-19.085038084874668
51,5143,-19.085038084874668
51,5144,-19.085038084874668
51,5145,-19.085038084874668
52,5146,-19.085038084874668
52,5147,-19.085038084874668
52,5148,-19.085038084874668
52,5149,-19.085038084874668
52,5150,-19.085038084874668
52,5151,-19.085038084874668
52,5152,-19.085038084874668
52,5153,-19.085038084874668
52,5154,-19.085038084874668
52,5155,-19.085038084874668
52,5156,-19.085038084874668
52,5157,-19.085038084874668
52,5158,-19.085038084874668
52,5159,-19.085038084874668
52,5160,-19.085038084874668
52,5161,-19.085038084874668
52,5162,-19.085038084874668
52,5163,-19.085038084874668
52,5164,-19.085038084874668
52,5165,-19.085038084874668
52,5166,-19.085038084874668
52,5167,-19.085038084874668
52,5168,-19.085038084874668
52,5169,-19.085038084874668
52,5170,-19.085038084874668
52,5171,-19.085038084874668
52,5172,-19.085038084874668
52,5173,-19.085038084874668
52,5174,-19.085038084874668
52,5175,-19.085038084874668
52,5176,-19.085038084874668
52,5177,-19.085038084874668
52,5178,-19.085038084874668
52,5179,-19.085038084874668
52,5180,-19.085038084874668
52,5181,-19.085038084874668
52,5182,-19.085038084874668
52,5183,-19.085038084874668
52,5184,-19.085038084874668
52,5185,-19.085038084874668
52,5186,-19.085038084874668
52,5187,-19.085038084874668
52,5188,-19.085038084874668
52,5189,-19.085038084874668
52,5190,-19.085038084874668
52,5191,-19.085038084874668
52,5192,-19.085038084874668
52,5193,-19.085038084874668
52,5194,-19.085038084874668
52,5195,-19.085038084874668
52,5196,14.371902416397006
52,5197,14.371902416397006
52,5198,14.371902416397006
52,5199,14.371902416397006
52,5200,14.371902416397006
52,5201,14.371902416397006
52,5202,14.371902416397006
52,5203,14.371902416397006
52,5204,14.371902416397006
52,5205,14.371902416397006
52,5206,14.371902416397006
52,5207,14.371902416397006
52,5208,14.371902416397006
52,5209,14.371902416397006
52,5210,14.371902416397006
52,5211,14.371902416397006
52,5212,14.371902416397006
52,5213,14.371902416397006
52,5214,14.371902416397006
52,5215,14.371902416397006
52,5216,14.371902416397006
52,5217,14.371902416397006
52,5218,14.371902416397006
52,5219,14.371902416397006
52,5220,14.371902416397006
52,5221,14.371902416397006
52,5222,14.371902416397006
52,5223,14.371902416397006
52,5224,14.371902416397006
52,5225,14.371902416397006
52,5226,14.371902416397006
52,5227,14.371902416397006
52,5228,14.371902416397006
52,5229,14.371902416397006
52,5230,14.371902416397006
52,5231,14.371902416397006
52,5232,14.371902416397006
52,5233,14.371902416397006
52,5234,14.371902416397006
52,5235,14.371902416397006
52,5236,14.371902416397006
52,5237,14.371902416397006
52,5238,14.371902416397006
52,5239,14.371902416397006
52,5240,14.371902416397006
52,5241,14.371902416397006
52,5242,14.371902416397006
52,5243,14.371902416397006
52,5244,14.371902416397006
52,5245,14.371902416397006
53,5246,14.371902416397006
53,5247,14.371902416397006
53,5248,14.371902416397006
53,5249,14.371902416397006
53,5250,14.371902416397006
53,5251,14.371902416397006
53,5252,14.371902416397006
53,5253,14.371902416397006
53,5254,14.371902416397006
53,5255,14.371902416397006
53,5256,14.371902416397006
53,5257,14.371902416397006
53,5258,14.371902416397006
53,5259,14.371902416397006
53,5260,14.371902416397006
53,5261,14.371902416397006
53,5262,14.371902416397006
53,5263,14.371902416397006
53,5264,14.371902416397006
53,5265,14.371902416397006
53,5266,14.371902416397006
53,5267,14.371902416397006
53,5268,14.371902416397006
53,5269,14.371902416397006
53,5270,14.371902416397006
53,5271,14.371902416397006
53,5272,14.371902416397006
53,5273,14.371902416397006
53,5274,14.371902416397006
53,5275,14.371902416397006
53,5276,14.371902416397006
53,5277,14.371902416397006
53,5278,14.371902416397006
53,5279,14.371902416397006
53,5280,14.371902416397006
53,5281,14.371902416397006
53,5282,14.371902416397006
53,5283,14.371902416397006
53,5284,14.371902416397006
53,5285,14.371902416397006
53,5286,14.371902416397006
53,5287,14.371902416397006
53,5288,14.371902416397006
53,5289,14.371902416397006
53,5290,14.371902416397006
53,5291,14.371902416397006
53,5292,14.371902416397006
53,5293,14.371902416397006
53,5294,14.371902416397006
53,5295,14.371902416397006
53,5296,14.371902416397006
53,5297,29.68232991703144
53,5298,29.68232991703144
53,5299,29.68232991703144
53,5300,29.68232991703144
53,5301,29.68232991703144
53,5302,29.68232991703144
53,5303,29.68232991703144
53,5304,29.68232991703144
53,5305,29.68232991703144
53,5306,29.68232991703144
53,5307,29.68232991703144
53,5308,29.68232991703144
53,5309,29.68232991703144
53,5310,29.68232991703144
53,5311,29.68232991703144
53,5312,29.68232991703144
53,5313,29.68232991703144
53,5314,29.68232991703144
53,5315,29.68232991703144
53,5316,29.68232991703144
53,5317,29.68232991703144
53,5318,29.68232991703144
53,5319,29.68232991703144
53,5320,29.68232991703144
53,5321,29.68232991703144
53,5322,29.68232991703144
53,5323,29.68232991703144
53,5324,29.68232991703144
53,5325,29.68232991703144
53,5326,29.68232991703144
53,5327,29.68232991703144
53,5328,29.68232991703144
53,5329,29.68232991703144
53,5330,29.68232991703144
53,5331,29.68232991703144
53,5332,29.68232991703144
53,5333,29.68232991703144
53,5334,29.68232991703144
53,5335,29.68232991703144
53,5336,29.68232991703144
53,5337,29.68232991703144
53,5338,29.68232991703144
53,5339,29.68232991703144
53,5340,29.68232991703144
53,5341,29.68232991703144
53,5342,29.68232991703144
53,5343,29.68232991703144
53,5344,29.68232991703144
53,5345,29.68232991703144
53,5346,29.68232991703144
54,5347,29.68232991703144
54,5348,29.68232991703144
54,5349,29.68232991703144
54,5350,29.68232991703144
54,5351,29.68232991703144
54,5352,29.68232991703144
54,5353,29.68232991703144
54,5354,29.68232991703144
54,5355,29.68232991703144
54,5356,29.68232991703144
54,5357,29.68232991703144
54,5358,29.68232991703144
54,5359,29.68232991703144
54,5360,29.68232991703144
54,5361,29.68232991703144
54,5362,29.68232991703144
54,5363,29.68232991703144
54,5364,29.68232991703144
54,5365,29.68232991703144
54,5366,29.68232991703144
54,5367,29.68232991703144
54,5368,29.68232991703144
54,5369,29.68232991703144
54,5370,29.68232991703144
54,5371,29.68232991703144
54,5372,29.68232991703144
54,5373,29.68232991703144
54,5374,29.68232991703144
54,5375,29.68232991703144
54,5376,29.68232991703144
54,5377,29.68232991703144
54,5378,29.68232991703144
54,5379,29.68232991703144
54,5380,29.68232991703144
54,5381,29.68232991703144
54,5382,29.68232991703144
54,5383,29.68232991703144
54,5384,29.68232991703144
54,5385,29.68232991703144
54,5386,29.68232991703144
54,5387,29.68232991703144
54,5388,29.68232991703144
54,5389,29.68232991703144
54,5390,29.68232991703144
54,5391,29.68232991703144
54,5392,29.68232991703144
54,5393,29.68232991703144
54,5394,29.68232991703144
54,5395,29.68232991703144
54,5396,29.68232991703144
54,5397,29.68232991703144
54,5398,29.02657148111257
54,5399,29.02657148111257
54,5400,29.02657148111257
54,5401,29.02657148111257
54,5402,29.02657148111257
54,5403,29.02657148111257
54,5404,29.02657148111257
54,5405,29.02657148111257
54,5406,29.02657148111257
54,5407,29.02657148111257
54,5408,29.02657148111257
54,5409,29.02657148111257
54,5410,29.02657148111257
54,5411,29.02657148111257
54,5412,29.02657148111257
54,5413,29.02657148111257
54,5414,29.02657148111257
54,5415,29.02657148111257
54,5416,29.02657148111257
54,5417,29.02657148111257
54,5418,29.02657148111257
54,5419,29.02657148111257
54,5420,29.02657148111257
54,5421,29.02657148111257
54,5422,29.02657148111257
54,5423,29.02657148111257
54,5424,29.02657148111257
54,5425,29.02657148111257
54,5426,29.02657148111257
54,5427,29.02657148111257
54,5428,29.02657148111257
54,5429,29.02657148111257
54,5430,29.02657148111257
54,5431,29.02657148111257
54,5432,29.02657148111257
54,5433,29.02657148111257
54,5434,29.02657148111257
54,5435,29.02657148111257
54,5436,29.02657148111257
54,5437,29.02657148111257
54,5438,29.02657148111257
54,5439,29.02657148111257
54,5440,29.02657148111257
54,5441,29.02657148111257
54,5442,29.02657148111257
54,5443,29.02657148111257
54,5444,29.02657148111257
54,5445,29.02657148111257
54,5446,29.02657148111257
54,5447,29.02657148111257
55,5448,29.02657148111257
55,5449,29.02657148111257
55,5450,29.02657148111257
55,5451,29.02657148111257
55,5452,29.02657148111257
55,5453,29.02657148111257
55,5454,29.02657148111257
55,5455,29.02657148111257
55,5456,29.02657148111257
55,5457,29.02657148111257
55,5458,29.02657148111257
55,5459,29.02657148111257
55,5460,29.02657148111257
55,5461,29.02657148111257
55,5462,29.02657148111257
55,5463,29.02657148111257
55,5464,29.02657148111257
55,5465,29.02657148111257
55,5466,29.02657148111257
55,5467,29.02657148111257
55,5468,29.02657148111257
55,5469,29.02657148111257
55,5470,29.02657148111257
55,5471,29.02657148111257
55,5472,29.02657148111257
55,5473,29.02657148111257
55,5474,29.02657148111257
55,5475,29.02657148111257
55,5476,29.02657148111257
55,5477,29.02657148111257
55,5478,29.02657148111257
55,5479,29.02657148111257
55,5480,29.02657148111257
55,5481,29.02657148111257
55,5482,29.02657148111257
55,5483,29.02657148111257
55,5484,29.02657148111257
55,5485,29.02657148111257
55,5486,29.02657148111257
55,5487,29.02657148111257
55,5488,29.02657148111257
55,5489,29.02657148111257
55,5490,29.02657148111257
55,5491,29.02657148111257
55,5492,29.02657148111257
55,5493,29.02657148111257
55,5494,29.02657148111257
55,5495,29.02657148111257
55,5496,29.02657148111257
55,5497,29.02657148111257
55,5498,29.02657148111257
55,5499,17.66814820909576
55,5500,17.66814820909576
55,5501,17.66814820909576
55,5502,17.66814820909576
55,5503,17.66814820909576
55,5504,17.66814820909576
55,5505,17.66814820909576
55,5506,17.66814820909576
55,5507,17.66814820909576
55,5508,17.66814820909576
55,5509,17.66814820909576
55,5510,17.66814820909576
55,5511,17.66814820909576
55,5512,17.66814820909576
55,5513,17.66814820909576
55,5514,17.66814820909576
55,5515,17.66814820909576
55,5516,17.66814820909576
55,5517,17.66814820909576
55,5518,17.66814820909576
55,5519,17.66814820909576
55,5520,17.66814820909576
55,5521,17.66814820909576
55,5522,17.66814820909576
55,5523,17.66814820909576
55,5524,17.66814820909576
55,5525,17.66814820909576
55,5526,17.66814820909576
55,5527,17.66814820909576
55,5528,17.66814820909576
55,5529,17.66814820909576
55,5530,17.66814820909576
55,5531,17.66814820909576
55,5532,17.66814820909576
55,5533,17.66814820909576
55,5534,17.66814820909576
55,5535,17.66814820909576
55,5536,17.66814820909576
55,5537,17.66814820909576
55,5538,17.66814820909576
55,5539,17.66814820909576
55,5540,17.66814820909576
55,5541,17.66814820909576
55,5542,17.66814820909576
55,5543,17.66814820909576
55,5544,17.66814820909576
55,5545,17.66814820909576
55,5546,17.66814820909576
55,5547,17.66814820909576
55,5548,17.66814820909576
56,5549,17.66814820909576
56,5550,17.66814820909576
56,5551,17.66814820909576
56,5552,17.66814820909576
56,5553,17.66814820909576
56,5554,17.66814820909576
56,5555,17.66814820909576
56,5556,17.66814820909576
56,5557,17.66814820909576
56,5558,17.66814820909576
56,5559,17.66814820909576
56,5560,17.66814820909576
56,5561,17.66814820909576
56,5562,17.66814820909576
56,5563,17.66814820909576
56,5564,17.66814820909576
56,5565,17.66814820909576
56,5566,17.66814820909576
56,5567,17.66814820909576
56,5568,17.66814820909576
56,5569,17.66814820909576
56,5570,17.66814820909576
56,5571,17.66814820909576
56,5572,17.66814820909576
56,5573,17.66814820909576
56,5574,17.66814820909576
56,5575,17.66814820909576
56,5576,17.66814820909576
56,5577,17.66814820909576
56,5578,17.66814820909576
56,5579,17.66814820909576
56,5580,17.66814820909576
56,5581,17.66814820909576
56,5582,17.66814820909576
56,5583,17.66814820909576
56,5584,17.66814820909576
56,5585,17.66814820909576
56,5586,17.66814820909576
56,5587,17.66814820909576
56,5588,17.66814820909576
56,5589,17.66814820909576
56,5590,17.66814820909576
56,5591,17.66814820909576
56,5592,17.66814820909576
56,5593,17.66814820909576
56,5594,17.66814820909576
56,5595,17.66814820909576
56,5596,17.66814820909576
56,5597,17.66814820909576
56,5598,17.66814820909576
56,5599,17.66814820909576
56,5600,2.2737367544323206e-12
56,5601,2.2737367544323206e-12
56,5602,2.2737367544323206e-12
56,5603,2.2737367544323206e-12
56,5604,2.2737367544323206e-12
56,5605,2.2737367544323206e-12
56,5606,2.2737367544323206e-12
56,5607,2.2737367544323206e-12
56,5608,2.2737367544323206e-12
56,5609,2.2737367544323206e-12
56,5610,2.2737367544323206e-12
56,5611,2.2737367544323206e-12
56,5612,2.2737367544323206e-12
56,5613,2.2737367544323206e-12
56,5614,2.2737367544323206e-12
56,5615,2.2737367544323206e-12
56,5616,2.2737367544323206e-12
56,5617,2.2737367544323206e-12
56,5618,2.2737367544323206e-12
56,5619,2.2737367544323206e-12
56,5620,2.2737367544323206e-12
56,5621,2.2737367544323206e-12
56,5622,2.2737367544323206e-12
56,5623,2.2737367544323206e-12
56,5624,2.2737367544323206e-12
56,5625,2.2737367544323206e-12
56,5626,2.2737367544323206e-12
56,5627,2.2737367544323206e-12
56,5628,2.2737367544323206e-12
56,5629,2.2737367544323206e-12
56,5630,2.2737367544323206e-12
56,5631,2.2737367544323206e-12
56,5632,2.2737367544323206e-12
56,5633,2.2737367544323206e-12
56,5634,2.2737367544323206e-12
56,5635,2.2737367544323206e-12
56,5636,2.2737367544323206e-12
56,5637,2.2737367544323206e-12
56,5638,2.2737367544323206e-12
56,5639,2.2737367544323206e-12
56,5640,2.2737367544323206e-12
56,5641,2.2737367544323206e-12
56,5642,2.2737367544323206e-12
56,5643,2.2737367544323206e-12
56,5644,2.2737367544323206e-12
56,5645,2.2737367544323206e-12
56,5646,2.2737367544323206e-12
56,5647,2.2737367544323206e-12
56,5648,2.2737367544323206e-12
56,5649,2.2737367544323206e-12
