Station,Length,Moment
1,0,0.0
1,1,0.0
1,2,0.0
1,3,0.0
1,4,0.0
1,5,0.0
1,6,0.0
1,7,0.0
1,8,0.0
1,9,0.0
1,10,0.0
1,11,0.0
1,12,0.0
1,13,0.0
1,14,0.0
1,15,0.0
1,16,0.0
1,17,0.0
1,18,0.0
1,19,0.0
1,20,0.0
1,21,0.0
1,22,0.0
1,23,0.0
1,24,0.0
1,25,0.0
1,26,0.0
1,27,0.0
1,28,0.0
1,29,0.0
1,30,0.0
1,31,0.0
1,32,0.0
1,33,0.0
1,34,0.0
1,35,0.0
1,36,0.0
1,37,0.0
1,38,0.0
1,39,0.0
1,40,0.0
1,41,0.0
1,42,0.0
1,43,0.0
1,44,0.0
1,45,0.0
1,46,0.0
1,47,0.0
1,48,0.0
1,49,0.0
1,50,0.0
1,51,-0.0028825519104054005
1,52,-0.005765103820810801
1,53,-0.008647655731216203
1,54,-0.011530207641621602
1,55,-0.014412759552027003
1,56,-0.017295311462432406
1,57,-0.020177863372837807
1,58,-0.023060415283243204
1,59,-0.025942967193648605
1,60,-0.028825519104054006
1,61,-0.0317080710144594
1,62,-0.03459062292486481
1,63,-0.03747317483527021
1,64,-0.04035572674567562
1,65,-0.04323827865608102
1,66,-0.04612083056648643
1,67,-0.04900338247689183
1,68,-0.05188593438729723
1,69,-0.05476848629770264
1,70,-0.05765103820810804
1,71,-0.06053359011851345
1,72,-0.06341614202891885
1,73,-0.06629869393932425
1,74,-0.06918124584972965
1,75,-0.07206379776013505
1,76,-0.07494634967054044
1,77,-0.07782890158094584
1,78,-0.08071145349135124
1,79,-0.08359400540175663
1,80,-0.08647655731216203
1,81,-0.08935910922256743
1,82,-0.09224166113297282
1,83,-0.09512421304337822
1,84,-0.09800676495378362
1,85,-0.10088931686418902
1,86,-0.1037718687745944
1,87,-0.1066544206849998
1,88,-0.10953697259540521
1,89,-0.1124195245058106
1,90,-0.115302076416216
1,91,-0.1181846283266214
1,92,-0.12106718023702678
1,93,-0.12394973214743218
1,94,-0.12683228405783759
1,95,-0.129714835968243
1,96,-0.1325973878786484
1,97,-0.1354799397890538
1,98,-0.1383624916994592
1,99,-0.1412450436098646
1,100,-0.14412759552027
2,101,-0.14701014743067536
2,102,-0.14989269934108077
2,103,-0.15277525125148617
2,104,-0.15565780316189157
2,105,-0.15854035507229697
2,106,-0.16142290698270237
2,107,-0.16430545889310774
2,108,-0.16718801080351314
2,109,-0.17007056271391854
2,110,-0.17295311462432394
2,111,-0.17583566653472935
2,112,-0.17871821844513475
2,113,-0.18160077035554015
2,114,-0.18448332226594552
2,115,-0.18736587417635092
2,116,-0.19024842608675632
2,117,-0.19313097799716172
2,118,-0.19601352990756712
2,119,-0.19889608181797253
2,120,-0.2017786337283779
2,121,-0.2046611856387833
2,122,-0.2075437375491887
2,123,-0.2104262894595941
2,124,-0.2133088413699995
2,125,-0.2161913932804049
2,126,-0.2190739451908103
2,127,-0.22195649710121568
2,128,-0.22483904901162108
2,129,-0.22772160092202648
2,130,-0.23060415283243188
2,131,-0.23348670474283728
2,132,-0.23636925665324268
2,133,-0.23925180856364808
2,134,-0.24213436047405346
2,135,-0.24501691238445886
2,136,-0.24789946429486426
2,137,-0.25078201620526963
2,138,-0.25366456811567506
2,139,-0.25654712002608043
2,140,-0.25942967193648586
2,141,-0.2623122238468913
2,142,-0.2651947757572967
2,143,-0.26807732766770215
2,144,-0.2709598795781076
2,145,-0.273842431488513
2,146,-0.27672498339891843
2,147,-0.27960753530932386
2,148,-0.2824900872197293
2,149,-0.2853726391301347
2,150,-0.28825519104054015
2,151,-0.2911377429509456
2,152,-0.30464759204147374
2,153,-0.3181574411320019
2,154,-0.3316672902225301
2,155,-0.34517713931305827
2,156,-0.3586869884035864
2,157,-0.37219683749411464
2,158,-0.3857066865846428
2,159,-0.39921653567517096
2,160,-0.4127263847656992
2,161,-0.42623623385622733
2,162,-0.4397460829467555
2,163,-0.4532559320372837
2,164,-0.46676578112781186
2,165,-0.48027563021834
2,166,-0.49378547930886824
2,167,-0.5072953283993964
2,168,-0.5208051774899246
2,169,-0.5343150265804528
2,170,-0.547824875670981
2,171,-0.5613347247615091
2,172,-0.5748445738520374
2,173,-0.5883544229425656
2,174,-0.6018642720330937
2,175,-0.6153741211236219
2,176,-0.6288839702141501
2,177,-0.6423938193046782
2,178,-0.6559036683952064
2,179,-0.6694135174857346
2,180,-0.6829233665762627
2,181,-0.696433215666791
2,182,-0.7099430647573192
2,183,-0.7234529138478473
2,184,-0.7369627629383755
2,185,-0.7504726120289037
2,186,-0.7639824611194318
2,187,-0.77749231020996
2,188,-0.7910021593004882
2,189,-0.8045120083910163
2,190,-0.8180218574815445
2,191,-0.8315317065720728
2,192,-0.8450415556626009
2,193,-0.8585514047531291
2,194,-0.8720612538436573
2,195,-0.8855711029341854
2,196,-0.8990809520247136
2,197,-0.9125908011152418
2,198,-0.9261006502057699
2,199,-0.9396104992962981
2,200,-0.9531203483868264
2,201,-0.9666301974773545
3,202,-0.9801400465678827
3,203,-0.9936498956584109
3,204,-1.007159744748939
3,205,-1.0206695938394672
3,206,-1.0341794429299955
3,207,-1.0476892920205236
3,208,-1.061199141111052
3,209,-1.07470899020158
3,210,-1.0882188392921082
3,211,-1.1017286883826365
3,212,-1.1152385374731646
3,213,-1.1287483865636927
3,214,-1.142258235654221
3,215,-1.1557680847447491
3,216,-1.1692779338352772
3,217,-1.1827877829258056
3,218,-1.1962976320163337
3,219,-1.2098074811068618
3,220,-1.22331733019739
3,221,-1.2368271792879182
3,222,-1.2503370283784463
3,223,-1.2638468774689746
3,224,-1.2773567265595027
3,225,-1.2908665756500308
3,226,-1.3043764247405591
3,227,-1.3178862738310873
3,228,-1.3313961229216154
3,229,-1.3449059720121437
3,230,-1.3584158211026718
3,231,-1.3719256701931999
3,232,-1.3854355192837282
3,233,-1.3989453683742563
3,234,-1.4124552174647844
3,235,-1.4259650665553127
3,236,-1.4394749156458408
3,237,-1.452984764736369
3,238,-1.4664946138268973
3,239,-1.4800044629174254
3,240,-1.4935143120079535
3,241,-1.5070241610984818
3,242,-1.52053401018901
3,243,-1.534043859279538
3,244,-1.5475537083700663
3,245,-1.5610635574605944
3,246,-1.5745734065511225
3,247,-1.5880832556416509
3,248,-1.601593104732179
3,249,-1.615102953822707
3,250,-1.6286128029132354
3,251,-1.6421226520037635
3,252,-1.6556325010942916
3,253,-1.680837991651975
3,254,-1.706043482209658
3,255,-1.731248972767341
3,256,-1.756454463325024
3,257,-1.7816599538827071
3,258,-1.8068654444403902
3,259,-1.8320709349980735
3,260,-1.8572764255557566
3,261,-1.8824819161134396
3,262,-1.9076874066711227
3,263,-1.9328928972288058
3,264,-1.958098387786489
3,265,-1.983303878344172
3,266,-2.0085093689018554
3,267,-2.0337148594595384
3,268,-2.0589203500172215
3,269,-2.084125840574905
3,270,-2.109331331132588
3,271,-2.1345368216902716
3,272,-2.159742312247955
3,273,-2.184947802805638
3,274,-2.2101532933633217
3,275,-2.2353587839210047
3,276,-2.2605642744786882
3,277,-2.2857697650363717
3,278,-2.310975255594055
3,279,-2.3361807461517383
3,280,-2.361386236709422
3,281,-2.386591727267105
3,282,-2.4117972178247884
3,283,-2.4370027083824715
3,284,-2.462208198940155
3,285,-2.4874136894978385
3,286,-2.5126191800555215
3,287,-2.537824670613205
3,288,-2.563030161170888
3,289,-2.5882356517285716
3,290,-2.613441142286255
3,291,-2.638646632843938
3,292,-2.6638521234016217
3,293,-2.6890576139593048
3,294,-2.7142631045169883
3,295,-2.7394685950746718
3,296,-2.764674085632355
3,297,-2.7898795761900383
3,298,-2.8150850667477214
3,299,-2.840290557305405
3,300,-2.8654960478630884
3,301,-2.8907015384207715
3,302,-2.915907028978455
4,303,-2.941112519536138
4,304,-2.9663180100938216
4,305,-2.991523500651505
4,306,-3.016728991209188
4,307,-3.0419344817668716
4,308,-3.067139972324555
4,309,-3.092345462882238
4,310,-3.1175509534399217
4,311,-3.142756443997605
4,312,-3.1679619345552883
4,313,-3.193167425112972
4,314,-3.218372915670655
4,315,-3.2435784062283384
4,316,-3.2687838967860214
4,317,-3.293989387343705
4,318,-3.3191948779013885
4,319,-3.3444003684590715
4,320,-3.369605859016755
4,321,-3.394811349574438
4,322,-3.4200168401321216
4,323,-3.445222330689805
4,324,-3.470427821247488
4,325,-3.4956333118051717
4,326,-3.5208388023628547
4,327,-3.5460442929205382
4,328,-3.5712497834782218
4,329,-3.596455274035905
4,330,-3.6216607645935883
4,331,-3.646866255151272
4,332,-3.672071745708955
4,333,-3.6972772362666384
4,334,-3.7224827268243215
4,335,-3.747688217382005
4,336,-3.7728937079396885
4,337,-3.7980991984973715
4,338,-3.823304689055055
4,339,-3.848510179612738
4,340,-3.8737156701704216
4,341,-3.898921160728105
4,342,-3.924126651285788
4,343,-3.9493321418434717
4,344,-3.9745376324011548
4,345,-3.9997431229588383
4,346,-4.024948613516521
4,347,-4.050154104074205
4,348,-4.075359594631888
4,349,-4.100565085189571
4,350,-4.125770575747255
4,351,-4.150976066304938
4,352,-4.1761815568626215
4,353,-4.2013870474203046
4,354,-4.232967176136509
4,355,-4.264547304852713
4,356,-4.296127433568917
4,357,-4.327707562285121
4,358,-4.359287691001325
4,359,-4.390867819717529
4,360,-4.4224479484337325
4,361,-4.454028077149936
4,362,-4.48560820586614
4,363,-4.517188334582344
4,364,-4.548768463298549
4,365,-4.580348592014753
4,366,-4.6119287207309565
4,367,-4.64350884944716
4,368,-4.675088978163364
4,369,-4.706669106879568
4,370,-4.738249235595772
4,371,-4.769829364311976
4,372,-4.80140949302818
4,373,-4.8329896217443835
4,374,-4.864569750460587
4,375,-4.896149879176792
4,376,-4.927730007892996
4,377,-4.9593101366092
4,378,-4.990890265325404
4,379,-5.0224703940416076
4,380,-5.054050522757811
4,381,-5.085630651474015
4,382,-5.117210780190219
4,383,-5.148790908906423
4,384,-5.180371037622627
4,385,-5.211951166338832
4,386,-5.2435312950550355
4,387,-5.275111423771239
4,388,-5.306691552487443
4,389,-5.338271681203647
4,390,-5.369851809919851
4,391,-5.401431938636055
4,392,-5.433012067352259
4,393,-5.4645921960684625
4,394,-5.496172324784666
4,395,-5.52775245350087
4,396,-5.559332582217075
4,397,-5.590912710933279
4,398,-5.622492839649483
4,399,-5.6540729683656865
4,400,-5.68565309708189
4,401,-5.717233225798094
4,402,-5.748813354514298
4,403,-5.780393483230502
5,404,-5.811973611946706
5,405,-5.84355374066291
5,406,-5.875133869379114
5,407,-5.906713998095318
5,408,-5.938294126811522
5,409,-5.969874255527726
5,410,-6.00145438424393
5,411,-6.033034512960134
5,412,-6.064614641676338
5,413,-6.096194770392541
5,414,-6.127774899108745
5,415,-6.159355027824949
5,416,-6.190935156541153
5,417,-6.222515285257358
5,418,-6.254095413973562
5,419,-6.2856755426897655
5,420,-6.317255671405969
5,421,-6.348835800122173
5,422,-6.380415928838377
5,423,-6.411996057554581
5,424,-6.443576186270785
5,425,-6.475156314986989
5,426,-6.5067364437031925
5,427,-6.538316572419397
5,428,-6.569896701135601
5,429,-6.601476829851805
5,430,-6.633056958568009
5,431,-6.664637087284213
5,432,-6.6962172160004165
5,433,-6.72779734471662
5,434,-6.759377473432824
5,435,-6.790957602149028
5,436,-6.822537730865232
5,437,-6.854117859581437
5,438,-6.885697988297641
5,439,-6.917278117013844
5,440,-6.948858245730048
5,441,-6.980438374446252
5,442,-7.012018503162456
5,443,-7.04359863187866
5,444,-7.075178760594864
5,445,-7.106758889311068
5,446,-7.138339018027271
5,447,-7.169919146743475
5,448,-7.20149927545968
5,449,-7.233079404175884
5,450,-7.264659532892088
5,451,-7.296239661608292
5,452,-7.3278197903244955
5,453,-7.359399919040699
5,454,-7.390980047756903
5,455,-7.420876082209302
5,456,-7.450772116661702
5,457,-7.480668151114101
5,458,-7.5105641855665
5,459,-7.5404602200189
5,460,-7.5703562544712995
5,461,-7.6002522889236985
5,462,-7.6301483233760985
5,463,-7.660044357828498
5,464,-7.689940392280897
5,465,-7.719836426733297
5,466,-7.749732461185696
5,467,-7.779628495638095
5,468,-7.809524530090495
5,469,-7.839420564542894
5,470,-7.869316598995293
5,471,-7.899212633447693
5,472,-7.929108667900092
5,473,-7.959004702352491
5,474,-7.988900736804891
5,475,-8.01879677125729
5,476,-8.04869280570969
5,477,-8.07858884016209
5,478,-8.108484874614488
5,479,-8.138380909066887
5,480,-8.168276943519286
5,481,-8.198172977971685
5,482,-8.228069012424085
5,483,-8.257965046876484
5,484,-8.28786108132888
5,485,-8.31775711578128
5,486,-8.347653150233679
5,487,-8.377549184686076
5,488,-8.407445219138475
5,489,-8.437341253590875
5,490,-8.467237288043272
5,491,-8.49713332249567
5,492,-8.52702935694807
5,493,-8.556925391400467
5,494,-8.586821425852866
5,495,-8.616717460305264
5,496,-8.646613494757663
5,497,-8.676509529210062
5,498,-8.706405563662459
5,499,-8.736301598114858
5,500,-8.766197632567257
5,501,-8.796093667019655
5,502,-8.825989701472054
5,503,-8.855885735924453
6,504,-8.88578177037685
6,505,-8.915677804829249
6,506,-8.945573839281648
6,507,-8.975469873734045
6,508,-9.005365908186445
6,509,-9.035261942638844
6,510,-9.065157977091241
6,511,-9.09505401154364
6,512,-9.124950045996037
6,513,-9.154846080448436
6,514,-9.184742114900835
6,515,-9.214638149353233
6,516,-9.244534183805632
6,517,-9.274430218258031
6,518,-9.304326252710428
6,519,-9.334222287162827
6,520,-9.364118321615226
6,521,-9.394014356067624
6,522,-9.423910390520023
6,523,-9.453806424972422
6,524,-9.48370245942482
6,525,-9.513598493877218
6,526,-9.543494528329617
6,527,-9.573390562782015
6,528,-9.603286597234414
6,529,-9.633182631686811
6,530,-9.66307866613921
6,531,-9.69297470059161
6,532,-9.722870735044006
6,533,-9.752766769496406
6,534,-9.782662803948805
6,535,-9.812558838401202
6,536,-9.842454872853601
6,537,-9.872350907306
6,538,-9.902246941758397
6,539,-9.932142976210796
6,540,-9.962039010663196
6,541,-9.991935045115593
6,542,-10.021831079567992
6,543,-10.051727114020391
6,544,-10.081623148472788
6,545,-10.111519182925187
6,546,-10.141415217377586
6,547,-10.171311251829984
6,548,-10.201207286282383
6,549,-10.23110332073478
6,550,-10.26099935518718
6,551,-10.290895389639578
6,552,-10.320791424091976
6,553,-10.350687458544375
6,554,-10.380583492996774
6,555,-10.400167531248856
6,556,-10.41975156950094
6,557,-10.439335607753025
6,558,-10.458919646005109
6,559,-10.478503684257191
6,560,-10.498087722509275
6,561,-10.51767176076136
6,562,-10.537255799013442
6,563,-10.556839837265526
6,564,-10.57642387551761
6,565,-10.596007913769695
6,566,-10.615591952021777
6,567,-10.635175990273861
6,568,-10.654760028525946
6,569,-10.674344066778028
6,570,-10.693928105030112
6,571,-10.713512143282196
6,572,-10.73309618153428
6,573,-10.752680219786363
6,574,-10.772264258038447
6,575,-10.791848296290532
6,576,-10.811432334542614
6,577,-10.831016372794698
6,578,-10.850600411046782
6,579,-10.870184449298865
6,580,-10.889768487550949
6,581,-10.909352525803033
6,582,-10.928936564055117
6,583,-10.9485206023072
6,584,-10.968104640559284
6,585,-10.987688678811368
6,586,-11.00727271706345
6,587,-11.026856755315535
6,588,-11.04644079356762
6,589,-11.066024831819703
6,590,-11.085608870071786
6,591,-11.10519290832387
6,592,-11.124776946575954
6,593,-11.144360984828037
6,594,-11.163945023080121
6,595,-11.183529061332205
6,596,-11.20311309958429
6,597,-11.222697137836372
6,598,-11.242281176088456
6,599,-11.26186521434054
6,600,-11.281449252592623
6,601,-11.301033290844707
6,602,-11.320617329096791
6,603,-11.340201367348875
6,604,-11.359785405600958
7,605,-11.379369443853042
7,606,-11.398953482105126
7,607,-11.418537520357209
7,608,-11.438121558609293
7,609,-11.457705596861377
7,610,-11.477289635113461
7,611,-11.496873673365544
7,612,-11.516457711617628
7,613,-11.536041749869712
7,614,-11.555625788121795
7,615,-11.575209826373879
7,616,-11.594793864625963
7,617,-11.614377902878047
7,618,-11.63396194113013
7,619,-11.653545979382214
7,620,-11.673130017634298
7,621,-11.69271405588638
7,622,-11.712298094138465
7,623,-11.731882132390549
7,624,-11.751466170642633
7,625,-11.771050208894716
7,626,-11.7906342471468
7,627,-11.810218285398884
7,628,-11.829802323650966
7,629,-11.84938636190305
7,630,-11.868970400155135
7,631,-11.888554438407219
7,632,-11.908138476659301
7,633,-11.927722514911386
7,634,-11.94730655316347
7,635,-11.966890591415552
7,636,-11.986474629667637
7,637,-12.00605866791972
7,638,-12.025642706171805
7,639,-12.045226744423887
7,640,-12.064810782675972
7,641,-12.084394820928056
7,642,-12.103978859180138
7,643,-12.123562897432222
7,644,-12.143146935684307
7,645,-12.16273097393639
7,646,-12.182315012188473
7,647,-12.201899050440558
7,648,-12.221483088692642
7,649,-12.241067126944724
7,650,-12.260651165196808
7,651,-12.280235203448893
7,652,-12.299819241700975
7,653,-12.31940327995306
7,654,-12.338987318205143
7,655,-12.358571356457228
7,656,-12.35960348345532
7,657,-12.36063561045341
7,658,-12.361667737451503
7,659,-12.362699864449596
7,660,-12.363731991447688
7,661,-12.36476411844578
7,662,-12.365796245443873
7,663,-12.366828372441965
7,664,-12.367860499440058
7,665,-12.36889262643815
7,666,-12.369924753436242
7,667,-12.370956880434335
7,668,-12.371989007432427
7,669,-12.37302113443052
7,670,-12.374053261428612
7,671,-12.375085388426703
7,672,-12.376117515424795
7,673,-12.377149642422888
7,674,-12.37818176942098
7,675,-12.379213896419072
7,676,-12.380246023417165
7,677,-12.381278150415257
7,678,-12.38231027741335
7,679,-12.383342404411442
7,680,-12.384374531409534
7,681,-12.385406658407627
7,682,-12.38643878540572
7,683,-12.387470912403812
7,684,-12.388503039401904
7,685,-12.389535166399995
7,686,-12.390567293398087
7,687,-12.39159942039618
7,688,-12.392631547394272
7,689,-12.393663674392364
7,690,-12.394695801390457
7,691,-12.395727928388549
7,692,-12.396760055386641
7,693,-12.397792182384734
7,694,-12.398824309382826
7,695,-12.399856436380919
7,696,-12.400888563379011
7,697,-12.401920690377104
7,698,-12.402952817375196
7,699,-12.403984944373287
7,700,-12.405017071371379
7,701,-12.406049198369471
7,702,-12.407081325367564
7,703,-12.408113452365656
7,704,-12.409145579363749
7,705,-12.410177706361841
8,706,-12.411209833359933
8,707,-12.412241960358026
8,708,-12.413274087356118
8,709,-12.41430621435421
8,710,-12.415338341352303
8,711,-12.416370468350395
8,712,-12.417402595348488
8,713,-12.418434722346579
8,714,-12.419466849344671
8,715,-12.420498976342763
8,716,-12.421531103340856
8,717,-12.422563230338948
8,718,-12.42359535733704
8,719,-12.424627484335133
8,720,-12.425659611333225
8,721,-12.426691738331318
8,722,-12.42772386532941
8,723,-12.428755992327503
8,724,-12.429788119325595
8,725,-12.430820246323687
8,726,-12.431852373321778
8,727,-12.43288450031987
8,728,-12.433916627317963
8,729,-12.434948754316055
8,730,-12.435980881314148
8,731,-12.43701300831224
8,732,-12.438045135310333
8,733,-12.439077262308425
8,734,-12.440109389306517
8,735,-12.44114151630461
8,736,-12.442173643302702
8,737,-12.443205770300795
8,738,-12.444237897298887
8,739,-12.44527002429698
8,740,-12.44630215129507
8,741,-12.447334278293162
8,742,-12.448366405291255
8,743,-12.449398532289347
8,744,-12.45043065928744
8,745,-12.451462786285532
8,746,-12.452494913283624
8,747,-12.453527040281717
8,748,-12.45455916727981
8,749,-12.455591294277902
8,750,-12.456623421275994
8,751,-12.457655548274086
8,752,-12.458687675272179
8,753,-12.459719802270271
8,754,-12.460751929268362
8,755,-12.461784056266454
8,756,-12.462816183264547
8,757,-12.438211085251165
8,758,-12.413605987237784
8,759,-12.3890008892244
8,760,-12.364395791211019
8,761,-12.339790693197635
8,762,-12.315185595184253
8,763,-12.290580497170872
8,764,-12.265975399157488
8,765,-12.241370301144107
8,766,-12.216765203130723
8,767,-12.192160105117342
8,768,-12.16755500710396
8,769,-12.142949909090577
8,770,-12.118344811077195
8,771,-12.093739713063814
8,772,-12.06913461505043
8,773,-12.044529517037049
8,774,-12.019924419023665
8,775,-11.995319321010284
8,776,-11.970714222996902
8,777,-11.946109124983519
8,778,-11.921504026970137
8,779,-11.896898928956755
8,780,-11.872293830943372
8,781,-11.84768873292999
8,782,-11.823083634916607
8,783,-11.798478536903225
8,784,-11.773873438889844
8,785,-11.74926834087646
8,786,-11.724663242863079
8,787,-11.700058144849695
8,788,-11.675453046836314
8,789,-11.650847948822932
8,790,-11.626242850809549
8,791,-11.601637752796167
8,792,-11.577032654782785
8,793,-11.552427556769402
8,794,-11.52782245875602
8,795,-11.503217360742637
8,796,-11.478612262729255
8,797,-11.454007164715874
8,798,-11.42940206670249
8,799,-11.404796968689109
8,800,-11.380191870675725
8,801,-11.355586772662344
8,802,-11.330981674648962
8,803,-11.306376576635579
8,804,-11.281771478622197
8,805,-11.257166380608815
8,806,-11.232561282595432
9,807,-11.20795618458205
9,808,-11.183351086568667
9,809,-11.158745988555285
9,810,-11.134140890541904
9,811,-11.10953579252852
9,812,-11.084930694515139
9,813,-11.060325596501755
9,814,-11.035720498488374
9,815,-11.011115400474992
9,816,-10.986510302461609
9,817,-10.961905204448227
9,818,-10.937300106434845
9,819,-10.912695008421462
9,820,-10.88808991040808
9,821,-10.863484812394697
9,822,-10.838879714381315
9,823,-10.814274616367934
9,824,-10.78966951835455
9,825,-10.765064420341169
9,826,-10.740459322327785
9,827,-10.715854224314404
9,828,-10.691249126301022
9,829,-10.666644028287639
9,830,-10.642038930274257
9,831,-10.617433832260875
9,832,-10.592828734247492
9,833,-10.56822363623411
9,834,-10.543618538220727
9,835,-10.519013440207345
9,836,-10.494408342193964
9,837,-10.46980324418058
9,838,-10.445198146167199
9,839,-10.420593048153815
9,840,-10.395987950140434
9,841,-10.371382852127052
9,842,-10.346777754113669
9,843,-10.322172656100287
9,844,-10.297567558086905
9,845,-10.272962460073522
9,846,-10.24835736206014
9,847,-10.223752264046757
9,848,-10.199147166033375
9,849,-10.174542068019994
9,850,-10.14993697000661
9,851,-10.125331871993229
9,852,-10.100726773979845
9,853,-10.076121675966464
9,854,-10.051516577953082
9,855,-10.026911479939699
9,856,-10.002306381926317
9,857,-9.977701283912936
9,858,-9.92189791524326
9,859,-9.866094546573585
9,860,-9.810291177903911
9,861,-9.754487809234236
9,862,-9.698684440564563
9,863,-9.642881071894887
9,864,-9.587077703225214
9,865,-9.531274334555539
9,866,-9.475470965885865
9,867,-9.41966759721619
9,868,-9.363864228546516
9,869,-9.308060859876841
9,870,-9.252257491207168
9,871,-9.196454122537492
9,872,-9.140650753867819
9,873,-9.084847385198143
9,874,-9.029044016528468
9,875,-8.973240647858795
9,876,-8.91743727918912
9,877,-8.861633910519446
9,878,-8.80583054184977
9,879,-8.750027173180097
9,880,-8.694223804510422
9,881,-8.638420435840748
9,882,-8.582617067171073
9,883,-8.5268136985014
9,884,-8.471010329831724
9,885,-8.41520696116205
9,886,-8.359403592492376
9,887,-8.3036002238227
9,888,-8.247796855153027
9,889,-8.191993486483351
9,890,-8.136190117813676
9,891,-8.080386749144001
9,892,-8.024583380474326
9,893,-7.9687800118046495
9,894,-7.912976643134974
9,895,-7.857173274465299
9,896,-7.801369905795624
9,897,-7.745566537125948
9,898,-7.689763168456273
9,899,-7.633959799786598
9,900,-7.5781564311169225
9,901,-7.522353062447247
9,902,-7.466549693777572
9,903,-7.410746325107896
9,904,-7.3549429564382205
9,905,-7.299139587768545
9,906,-7.24333621909887
9,907,-7.187532850429195
10,908,-7.131729481759519
10,909,-7.075926113089844
10,910,-7.020122744420169
10,911,-6.9643193757504935
10,912,-6.908516007080818
10,913,-6.852712638411142
10,914,-6.796909269741467
10,915,-6.7411059010717915
10,916,-6.685302532402116
10,917,-6.629499163732441
10,918,-6.573695795062766
10,919,-6.51789242639309
10,920,-6.462089057723415
10,921,-6.40628568905374
10,922,-6.350482320384065
10,923,-6.294678951714389
10,924,-6.238875583044713
10,925,-6.183072214375038
10,926,-6.127268845705363
10,927,-6.071465477035687
10,928,-6.015662108366012
10,929,-5.959858739696337
10,930,-5.9040553710266614
10,931,-5.848252002356986
10,932,-5.792448633687311
10,933,-5.736645265017636
10,934,-5.680841896347959
10,935,-5.625038527678284
10,936,-5.569235159008609
10,937,-5.513431790338934
10,938,-5.457628421669258
10,939,-5.401825052999583
10,940,-5.346021684329908
10,941,-5.2902183156602325
10,942,-5.234414946990557
10,943,-5.178611578320882
10,944,-5.122808209651206
10,945,-5.0670048409815305
10,946,-5.011201472311855
10,947,-4.95539810364218
10,948,-4.899594734972505
10,949,-4.843791366302829
10,950,-4.787987997633154
10,951,-4.732184628963479
10,952,-4.6763812602938035
10,953,-4.620577891624128
10,954,-4.564774522954453
10,955,-4.508971154284777
10,956,-4.4531677856151015
10,957,-4.397364416945426
10,958,-4.341561048275751
10,959,-4.249807528674855
10,960,-4.1580540090739575
10,961,-4.066300489473061
10,962,-3.9745469698721645
10,963,-3.8827934502712678
10,964,-3.791039930670371
10,965,-3.6992864110694743
10,966,-3.607532891468578
10,967,-3.5157793718676813
10,968,-3.4240258522667846
10,969,-3.332272332665888
10,970,-3.240518813064991
10,971,-3.1487652934640944
10,972,-3.057011773863198
10,973,-2.9652582542623014
10,974,-2.8735047346614047
10,975,-2.781751215060508
10,976,-2.689997695459611
10,977,-2.5982441758587145
10,978,-2.506490656257818
10,979,-2.4147371366569215
10,980,-2.3229836170560247
10,981,-2.231230097455128
10,982,-2.1394765778542313
10,983,-2.047723058253335
10,984,-1.955969538652438
10,985,-1.8642160190515416
10,986,-1.7724624994506448
10,987,-1.680708979849748
10,988,-1.5889554602488516
10,989,-1.4972019406479549
10,990,-1.4054484210470581
10,991,-1.3136949014461616
10,992,-1.221941381845265
10,993,-1.1301878622443682
10,994,-1.0384343426434717
10,995,-0.946680823042575
10,996,-0.8549273034416783
10,997,-0.7631737838407816
10,998,-0.671420264239885
10,999,-0.5796667446389884
10,1000,-0.4879132250380917
10,1001,-0.39615970543719503
10,1002,-0.3044061858362984
10,1003,-0.21265266623540177
10,1004,-0.12089914663450514
10,1005,-0.02914562703360852
10,1006,0.0626078925672881
10,1007,0.15436141216818472
10,1008,0.24611493176908136
11,1009,0.33786845136997795
11,1010,0.4296219709708746
11,1011,0.5213754905717712
11,1012,0.6131290101726679
11,1013,0.7048825297735646
11,1014,0.7966360493744612
11,1015,0.8883895689753578
11,1016,0.9801430885762545
11,1017,1.0718966081771513
11,1018,1.1636501277780478
11,1019,1.2554036473789445
11,1020,1.3471571669798412
11,1021,1.4389106865807377
11,1022,1.5306642061816345
11,1023,1.6224177257825312
11,1024,1.7141712453834277
11,1025,1.8059247649843244
11,1026,1.8976782845852211
11,1027,1.9894318041861176
11,1028,2.081185323787014
11,1029,2.172938843387911
11,1030,2.2646923629888076
11,1031,2.356445882589704
11,1032,2.4481994021906006
11,1033,2.5399529217914973
11,1034,2.631706441392394
11,1035,2.723459960993291
11,1036,2.8152134805941875
11,1037,2.906967000195084
11,1038,2.9987205197959805
11,1039,3.0904740393968773
11,1040,3.182227558997774
11,1041,3.2739810785986707
11,1042,3.3657345981995674
11,1043,3.4574881178004637
11,1044,3.5492416374013604
11,1045,3.640995157002257
11,1046,3.732748676603154
11,1047,3.8245021962040506
11,1048,3.9162557158049474
11,1049,4.008009235405844
11,1050,4.09976275500674
11,1051,4.191516274607637
11,1052,4.283269794208533
11,1053,4.37502331380943
11,1054,4.466776833410327
11,1055,4.558530353011223
11,1056,4.65028387261212
11,1057,4.742037392213017
11,1058,4.833790911813913
11,1059,4.92554443141481
11,1060,5.057775456663573
11,1061,5.190006481912336
11,1062,5.322237507161099
11,1063,5.454468532409863
11,1064,5.586699557658626
11,1065,5.718930582907389
11,1066,5.851161608156152
11,1067,5.9833926334049155
11,1068,6.1156236586536785
11,1069,6.2478546839024425
11,1070,6.3800857091512055
11,1071,6.512316734399969
11,1072,6.644547759648732
11,1073,6.776778784897495
11,1074,6.909009810146258
11,1075,7.041240835395022
11,1076,7.173471860643785
11,1077,7.305702885892548
11,1078,7.437933911141311
11,1079,7.570164936390074
11,1080,7.702395961638837
11,1081,7.834626986887601
11,1082,7.966858012136364
11,1083,8.099089037385127
11,1084,8.23132006263389
11,1085,8.363551087882652
11,1086,8.495782113131414
11,1087,8.628013138380176
11,1088,8.760244163628938
11,1089,8.8924751888777
11,1090,9.024706214126462
11,1091,9.156937239375226
11,1092,9.289168264623989
11,1093,9.42139928987275
11,1094,9.553630315121513
11,1095,9.685861340370275
11,1096,9.818092365619037
11,1097,9.9503233908678
11,1098,10.082554416116562
11,1099,10.214785441365324
11,1100,10.347016466614086
11,1101,10.479247491862848
11,1102,10.61147851711161
11,1103,10.743709542360373
11,1104,10.875940567609135
11,1105,11.008171592857899
11,1106,11.14040261810666
11,1107,11.272633643355423
11,1108,11.404864668604185
11,1109,11.537095693852947
12,1110,11.66932671910171
12,1111,11.801557744350472
12,1112,11.933788769599234
12,1113,12.066019794847996
12,1114,12.198250820096758
12,1115,12.33048184534552
12,1116,12.462712870594283
12,1117,12.594943895843045
12,1118,12.727174921091807
12,1119,12.859405946340571
12,1120,12.991636971589333
12,1121,13.123867996838095
12,1122,13.256099022086858
12,1123,13.38833004733562
12,1124,13.520561072584382
12,1125,13.652792097833144
12,1126,13.785023123081906
12,1127,13.917254148330668
12,1128,14.04948517357943
12,1129,14.181716198828193
12,1130,14.313947224076955
12,1131,14.446178249325717
12,1132,14.57840927457448
12,1133,14.710640299823243
12,1134,14.842871325072005
12,1135,14.975102350320768
12,1136,15.10733337556953
12,1137,15.239564400818292
12,1138,15.371795426067054
12,1139,15.504026451315816
12,1140,15.636257476564579
12,1141,15.76848850181334
12,1142,15.900719527062103
12,1143,16.032950552310865
12,1144,16.16518157755963
12,1145,16.29741260280839
12,1146,16.429643628057153
12,1147,16.561874653305917
12,1148,16.694105678554678
12,1149,16.82633670380344
12,1150,16.958567729052202
12,1151,17.090798754300966
12,1152,17.223029779549726
12,1153,17.35526080479849
12,1154,17.487491830047254
12,1155,17.619722855296015
12,1156,17.75195388054478
12,1157,17.88418490579354
12,1158,18.016415931042303
12,1159,18.148646956291064
12,1160,18.280877981539827
12,1161,18.457850082130513
12,1162,18.6348221827212
12,1163,18.811794283311887
12,1164,18.988766383902572
12,1165,19.16573848449326
12,1166,19.342710585083946
12,1167,19.519682685674635
12,1168,19.69665478626532
12,1169,19.87362688685601
12,1170,20.050598987446694
12,1171,20.22757108803738
12,1172,20.404543188628068
12,1173,20.581515289218753
12,1174,20.758487389809442
12,1175,20.935459490400127
12,1176,21.112431590990816
12,1177,21.2894036915815
12,1178,21.466375792172187
12,1179,21.643347892762876
12,1180,21.82031999335356
12,1181,21.99729209394425
12,1182,22.174264194534935
12,1183,22.351236295125624
12,1184,22.52820839571631
12,1185,22.705180496306994
12,1186,22.882152596897683
12,1187,23.059124697488368
12,1188,23.236096798079057
12,1189,23.413068898669742
12,1190,23.590040999260427
12,1191,23.767013099851116
12,1192,23.9439852004418
12,1193,24.12095730103249
12,1194,24.297929401623175
12,1195,24.474901502213864
12,1196,24.65187360280455
12,1197,24.828845703395235
12,1198,25.005817803985924
12,1199,25.18278990457661
12,1200,25.359762005167298
12,1201,25.536734105757983
12,1202,25.71370620634867
12,1203,25.890678306939357
12,1204,26.067650407530042
12,1205,26.24462250812073
12,1206,26.421594608711416
12,1207,26.598566709302105
12,1208,26.77553880989279
12,1209,26.95251091048348
12,1210,27.129483011074164
13,1211,27.30645511166485
13,1212,27.48342721225554
13,1213,27.660399312846224
13,1214,27.837371413436912
13,1215,28.014343514027598
13,1216,28.191315614618283
13,1217,28.36828771520897
13,1218,28.545259815799657
13,1219,28.722231916390346
13,1220,28.89920401698103
13,1221,29.07617611757172
13,1222,29.253148218162405
13,1223,29.43012031875309
13,1224,29.60709241934378
13,1225,29.784064519934464
13,1226,29.961036620525153
13,1227,30.13800872111584
13,1228,30.314980821706527
13,1229,30.491952922297212
13,1230,30.668925022887898
13,1231,30.845897123478586
13,1232,31.02286922406927
13,1233,31.19984132465996
13,1234,31.376813425250646
13,1235,31.553785525841334
13,1236,31.73075762643202
13,1237,31.907729727022705
13,1238,32.084701827613394
13,1239,32.26167392820408
13,1240,32.438646028794764
13,1241,32.61561812938545
13,1242,32.79259022997614
13,1243,32.96956233056683
13,1244,33.14653443115753
13,1245,33.323506531748215
13,1246,33.500478632338904
13,1247,33.67745073292959
13,1248,33.85442283352029
13,1249,34.03139493411098
13,1250,34.208367034701666
13,1251,34.385339135292355
13,1252,34.56231123588305
13,1253,34.73928333647374
13,1254,34.91625543706443
13,1255,35.09322753765512
13,1256,35.270199638245806
13,1257,35.4471717388365
13,1258,35.62414383942719
13,1259,35.80111594001788
13,1260,35.97808804060857
13,1261,36.155060141199264
13,1262,36.38053541513059
13,1263,36.60601068906191
13,1264,36.83148596299324
13,1265,37.056961236924565
13,1266,37.282436510855895
13,1267,37.50791178478722
13,1268,37.73338705871854
13,1269,37.95886233264987
13,1270,38.184337606581195
13,1271,38.409812880512526
13,1272,38.63528815444385
13,1273,38.86076342837518
13,1274,39.0862387023065
13,1275,39.311713976237826
13,1276,39.537189250169156
13,1277,39.76266452410048
13,1278,39.98813979803181
13,1279,40.21361507196313
13,1280,40.439090345894456
13,1281,40.66456561982579
13,1282,40.89004089375711
13,1283,41.11551616768844
13,1284,41.340991441619764
13,1285,41.566466715551094
13,1286,41.79194198948242
13,1287,42.01741726341374
13,1288,42.24289253734507
13,1289,42.468367811276394
13,1290,42.693843085207725
13,1291,42.91931835913905
13,1292,43.14479363307037
13,1293,43.3702689070017
13,1294,43.595744180933025
13,1295,43.821219454864355
13,1296,44.04669472879568
13,1297,44.27217000272701
13,1298,44.49764527665833
13,1299,44.723120550589655
13,1300,44.948595824520986
13,1301,45.17407109845231
13,1302,45.39954637238364
13,1303,45.62502164631496
13,1304,45.850496920246286
13,1305,46.075972194177616
13,1306,46.30144746810894
13,1307,46.52692274204027
13,1308,46.75239801597159
13,1309,46.97787328990292
13,1310,47.20334856383425
13,1311,47.42882383776557
14,1312,47.6542991116969
14,1313,47.879774385628224
14,1314,48.105249659559554
14,1315,48.33072493349088
14,1316,48.5562002074222
14,1317,48.78167548135353
14,1318,49.007150755284854
14,1319,49.232626029216185
14,1320,49.45810130314751
14,1321,49.68357657707883
14,1322,49.90905185101016
14,1323,50.134527124941485
14,1324,50.360002398872815
14,1325,50.58547767280414
14,1326,50.81095294673547
14,1327,51.03642822066679
14,1328,51.261903494598116
14,1329,51.487378768529446
14,1330,51.71285404246077
14,1331,51.9383293163921
14,1332,52.16380459032342
14,1333,52.389279864254746
14,1334,52.61475513818608
14,1335,52.8402304121174
14,1336,53.06570568604873
14,1337,53.29118095998005
14,1338,53.516656233911384
14,1339,53.74213150784271
14,1340,53.96760678177403
14,1341,54.19308205570536
14,1342,54.418557329636684
14,1343,54.644032603568014
14,1344,54.86950787749934
14,1345,55.09498315143066
14,1346,55.32045842536199
14,1347,55.545933699293315
14,1348,55.771408973224645
14,1349,55.99688424715597
14,1350,56.2223595210873
14,1351,56.44783479501862
14,1352,56.673310068949945
14,1353,56.898785342881276
14,1354,57.1242606168126
14,1355,57.34973589074393
14,1356,57.57521116467525
14,1357,57.800686438606576
14,1358,58.026161712537906
14,1359,58.25163698646923
14,1360,58.47711226040056
14,1361,58.70258753433188
14,1362,58.92806280826321
14,1363,59.20532743822512
14,1364,59.482592068187024
14,1365,59.75985669814894
14,1366,60.03712132811084
14,1367,60.31438595807275
14,1368,60.59165058803466
14,1369,60.868915217996566
14,1370,61.14617984795848
14,1371,61.423444477920384
14,1372,61.70070910788229
14,1373,61.9779737378442
14,1374,62.25523836780611
14,1375,62.53250299776802
14,1376,62.809767627729926
14,1377,63.08703225769183
14,1378,63.364296887653744
14,1379,63.64156151761565
14,1380,63.918826147577555
14,1381,64.19609077753947
14,1382,64.47335540750137
14,1383,64.75062003746328
14,1384,65.02788466742518
14,1385,65.3051492973871
14,1386,65.582413927349
14,1387,65.85967855731091
14,1388,66.13694318727282
14,1389,66.41420781723473
14,1390,66.69147244719663
14,1391,66.96873707715854
14,1392,67.24600170712046
14,1393,67.52326633708236
14,1394,67.80053096704427
14,1395,68.07779559700617
14,1396,68.35506022696808
14,1397,68.63232485692998
14,1398,68.9095894868919
14,1399,69.18685411685381
14,1400,69.46411874681571
14,1401,69.74138337677762
14,1402,70.01864800673953
14,1403,70.29591263670144
14,1404,70.57317726666335
14,1405,70.85044189662526
14,1406,71.12770652658716
14,1407,71.40497115654907
14,1408,71.68223578651099
14,1409,71.95950041647289
14,1410,72.2367650464348
14,1411,72.5140296763967
15,1412,72.79129430635861
15,1413,73.06855893632053
15,1414,73.34582356628243
15,1415,73.62308819624434
15,1416,73.90035282620624
15,1417,74.17761745616815
15,1418,74.45488208613007
15,1419,74.73214671609198
15,1420,75.00941134605388
15,1421,75.28667597601579
15,1422,75.56394060597769
15,1423,75.8412052359396
15,1424,76.11846986590152
15,1425,76.39573449586342
15,1426,76.67299912582533
15,1427,76.95026375578723
15,1428,77.22752838574914
15,1429,77.50479301571106
15,1430,77.78205764567296
15,1431,78.05932227563487
15,1432,78.33658690559677
15,1433,78.61385153555868
15,1434,78.8911161655206
15,1435,79.1683807954825
15,1436,79.44564542544441
15,1437,79.72291005540632
15,1438,80.00017468536822
15,1439,80.27743931533014
15,1440,80.55470394529205
15,1441,80.83196857525395
15,1442,81.10923320521586
15,1443,81.38649783517776
15,1444,81.66376246513968
15,1445,81.94102709510159
15,1446,82.2182917250635
15,1447,82.4955563550254
15,1448,82.7728209849873
15,1449,83.05008561494921
15,1450,83.32735024491113
15,1451,83.60461487487304
15,1452,83.88187950483494
15,1453,84.15914413479685
15,1454,84.43640876475875
15,1455,84.71367339472067
15,1456,84.99093802468258
15,1457,85.26820265464448
15,1458,85.54546728460639
15,1459,85.8227319145683
15,1460,86.09999654453021
15,1461,86.37726117449212
15,1462,86.65452580445402
15,1463,86.9866334497625
15,1464,87.31874109507096
15,1465,87.65084874037943
15,1466,87.9829563856879
15,1467,88.31506403099637
15,1468,88.64717167630484
15,1469,88.9792793216133
15,1470,89.31138696692177
15,1471,89.64349461223024
15,1472,89.9756022575387
15,1473,90.30770990284717
15,1474,90.63981754815563
15,1475,90.9719251934641
15,1476,91.30403283877257
15,1477,91.63614048408104
15,1478,91.96824812938951
15,1479,92.30035577469798
15,1480,92.63246342000645
15,1481,92.96457106531491
15,1482,93.29667871062338
15,1483,93.62878635593185
15,1484,93.96089400124032
15,1485,94.29300164654879
15,1486,94.62510929185726
15,1487,94.95721693716573
15,1488,95.2893245824742
15,1489,95.62143222778266
15,1490,95.95353987309113
15,1491,96.2856475183996
15,1492,96.61775516370807
15,1493,96.94986280901652
15,1494,97.28197045432499
15,1495,97.61407809963346
15,1496,97.94618574494193
15,1497,98.2782933902504
15,1498,98.61040103555887
15,1499,98.94250868086733
15,1500,99.2746163261758
15,1501,99.60672397148427
15,1502,99.93883161679274
15,1503,100.27093926210121
15,1504,100.60304690740968
15,1505,100.93515455271815
15,1506,101.26726219802661
15,1507,101.59936984333508
15,1508,101.93147748864355
15,1509,102.26358513395202
15,1510,102.59569277926049
15,1511,102.92780042456896
15,1512,103.25990806987743
16,1513,103.5920157151859
16,1514,103.92412336049435
16,1515,104.25623100580282
16,1516,104.58833865111129
16,1517,104.92044629641975
16,1518,105.25255394172822
16,1519,105.58466158703669
16,1520,105.91676923234516
16,1521,106.24887687765363
16,1522,106.5809845229621
16,1523,106.91309216827057
16,1524,107.24519981357903
16,1525,107.5773074588875
16,1526,107.90941510419597
16,1527,108.24152274950444
16,1528,108.57363039481291
16,1529,108.90573804012138
16,1530,109.23784568542985
16,1531,109.56995333073831
16,1532,109.90206097604678
16,1533,110.23416862135525
16,1534,110.56627626666372
16,1535,110.89838391197218
16,1536,111.23049155728064
16,1537,111.56259920258911
16,1538,111.89470684789758
16,1539,112.22681449320605
16,1540,112.55892213851452
16,1541,112.89102978382299
16,1542,113.22313742913146
16,1543,113.55524507443992
16,1544,113.88735271974839
16,1545,114.21946036505686
16,1546,114.55156801036533
16,1547,114.8836756556738
16,1548,115.21578330098227
16,1549,115.54789094629074
16,1550,115.8799985915992
16,1551,116.21210623690767
16,1552,116.54421388221614
16,1553,116.87632152752461
16,1554,117.20842917283308
16,1555,117.54053681814153
16,1556,117.87264446345
16,1557,118.20475210875847
16,1558,118.53685975406694
16,1559,118.8689673993754
16,1560,119.20107504468388
16,1561,119.53318268999234
16,1562,119.86529033530081
16,1563,120.19739798060928
16,1564,120.58716291303357
16,1565,120.97692784545785
16,1566,121.36669277788212
16,1567,121.7564577103064
16,1568,122.14622264273069
16,1569,122.53598757515498
16,1570,122.92575250757925
16,1571,123.31551744000353
16,1572,123.70528237242782
16,1573,124.09504730485209
16,1574,124.48481223727637
16,1575,124.87457716970066
16,1576,125.26434210212494
16,1577,125.65410703454921
16,1578,126.0438719669735
16,1579,126.43363689939778
16,1580,126.82340183182207
16,1581,127.21316676424634
16,1582,127.60293169667062
16,1583,127.99269662909491
16,1584,128.3824615615192
16,1585,128.77222649394346
16,1586,129.16199142636776
16,1587,129.55175635879203
16,1588,129.9415212912163
16,1589,130.3312862236406
16,1590,130.72105115606487
16,1591,131.11081608848914
16,1592,131.50058102091342
16,1593,131.8903459533377
16,1594,132.28011088576193
16,1595,132.6698758181862
16,1596,133.05964075061047
16,1597,133.44940568303474
16,1598,133.839170615459
16,1599,134.22893554788328
16,1600,134.61870048030755
16,1601,135.0084654127318
16,1602,135.39823034515607
16,1603,135.78799527758034
16,1604,136.1777602100046
16,1605,136.56752514242888
16,1606,136.95729007485315
16,1607,137.34705500727742
16,1608,137.73681993970166
16,1609,138.12658487212593
16,1610,138.5163498045502
16,1611,138.90611473697447
16,1612,139.29587966939874
16,1613,139.68564460182301
17,1614,140.07540953424729
17,1615,140.46517446667153
17,1616,140.8549393990958
17,1617,141.24470433152007
17,1618,141.63446926394434
17,1619,142.0242341963686
17,1620,142.41399912879288
17,1621,142.80376406121715
17,1622,143.1935289936414
17,1623,143.58329392606566
17,1624,143.97305885848994
17,1625,144.3628237909142
17,1626,144.75258872333848
17,1627,145.14235365576275
17,1628,145.53211858818702
17,1629,145.92188352061126
17,1630,146.31164845303553
17,1631,146.7014133854598
17,1632,147.09117831788407
17,1633,147.48094325030834
17,1634,147.8707081827326
17,1635,148.26047311515688
17,1636,148.65023804758113
17,1637,149.0400029800054
17,1638,149.42976791242967
17,1639,149.81953284485394
17,1640,150.2092977772782
17,1641,150.59906270970248
17,1642,150.98882764212675
17,1643,151.378592574551
17,1644,151.76835750697526
17,1645,152.15812243939953
17,1646,152.5478873718238
17,1647,152.93765230424808
17,1648,153.32741723667235
17,1649,153.7171821690966
17,1650,154.10694710152086
17,1651,154.49671203394513
17,1652,154.8864769663694
17,1653,155.27624189879367
17,1654,155.66600683121794
17,1655,156.0557717636422
17,1656,156.44553669606645
17,1657,156.83530162849073
17,1658,157.225066560915
17,1659,157.61483149333927
17,1660,158.00459642576354
17,1661,158.3943613581878
17,1662,158.78412629061208
17,1663,159.17389122303632
17,1664,159.5636561554606
17,1665,160.01364677475743
17,1666,160.46363739405425
17,1667,160.91362801335106
17,1668,161.36361863264787
17,1669,161.81360925194468
17,1670,162.26359987124152
17,1671,162.71359049053834
17,1672,163.16358110983515
17,1673,163.61357172913196
17,1674,164.0635623484288
17,1675,164.51355296772562
17,1676,164.96354358702243
17,1677,165.41353420631924
17,1678,165.86352482561608
17,1679,166.3135154449129
17,1680,166.7635060642097
17,1681,167.21349668350652
17,1682,167.66348730280336
17,1683,168.11347792210017
17,1684,168.563468541397
17,1685,169.0134591606938
17,1686,169.4634497799906
17,1687,169.91344039928745
17,1688,170.36343101858427
17,1689,170.81342163788108
17,1690,171.2634122571779
17,1691,171.71340287647473
17,1692,172.16339349577154
17,1693,172.61338411506836
17,1694,173.06337473436517
17,1695,173.513365353662
17,1696,173.96335597295882
17,1697,174.41334659225564
17,1698,174.86333721155245
17,1699,175.31332783084926
17,1700,175.7633184501461
17,1701,176.21330906944291
17,1702,176.66329968873973
17,1703,177.11329030803654
17,1704,177.56328092733338
17,1705,178.0132715466302
17,1706,178.463262165927
17,1707,178.91325278522382
17,1708,179.36324340452066
17,1709,179.81323402381747
17,1710,180.26322464311428
17,1711,180.7132152624111
17,1712,181.1632058817079
17,1713,181.61319650100475
17,1714,182.06318712030156
18,1715,182.51317773959838
18,1716,182.9631683588952
18,1717,183.41315897819203
18,1718,183.86314959748884
18,1719,184.31314021678565
18,1720,184.76313083608247
18,1721,185.2131214553793
18,1722,185.66311207467612
18,1723,186.11310269397293
18,1724,186.56309331326975
18,1725,187.01308393256656
18,1726,187.4630745518634
18,1727,187.9130651711602
18,1728,188.36305579045703
18,1729,188.81304640975384
18,1730,189.26303702905068
18,1731,189.7130276483475
18,1732,190.1630182676443
18,1733,190.61300888694112
18,1734,191.06299950623796
18,1735,191.51299012553477
18,1736,191.96298074483158
18,1737,192.4129713641284
18,1738,192.86296198342524
18,1739,193.31295260272205
18,1740,193.76294322201886
18,1741,194.21293384131567
18,1742,194.6629244606125
18,1743,195.11291507990933
18,1744,195.56290569920614
18,1745,196.01289631850295
18,1746,196.46288693779977
18,1747,196.9128775570966
18,1748,197.36286817639342
18,1749,197.81285879569023
18,1750,196.92378441498704
18,1751,196.03471003428388
18,1752,195.14563565358068
18,1753,194.2565612728775
18,1754,193.36748689217433
18,1755,192.47841251147113
18,1756,191.58933813076794
18,1757,190.70026375006478
18,1758,189.81118936936159
18,1759,188.9221149886584
18,1760,188.03304060795523
18,1761,187.14396622725204
18,1762,186.25489184654884
18,1763,185.36581746584568
18,1764,184.4767430851425
18,1765,183.5876687044393
18,1766,182.76113774661954
18,1767,181.93460678879975
18,1768,181.10807583097997
18,1769,180.2815448731602
18,1770,179.45501391534043
18,1771,178.62848295752065
18,1772,177.80195199970086
18,1773,176.97542104188108
18,1774,176.1488900840613
18,1775,175.32235912624154
18,1776,174.49582816842175
18,1777,173.66929721060197
18,1778,172.84276625278218
18,1779,172.01623529496243
18,1780,171.18970433714264
18,1781,170.36317337932286
18,1782,169.53664242150307
18,1783,168.71011146368332
18,1784,167.88358050586353
18,1785,167.05704954804375
18,1786,166.23051859022397
18,1787,165.4039876324042
18,1788,164.57745667458443
18,1789,163.75092571676464
18,1790,162.92439475894486
18,1791,162.0978638011251
18,1792,161.27133284330532
18,1793,160.44480188548553
18,1794,159.61827092766575
18,1795,158.791739969846
18,1796,157.9652090120262
18,1797,157.13867805420642
18,1798,156.31214709638664
18,1799,155.48561613856685
18,1800,154.6590851807471
18,1801,153.8325542229273
18,1802,153.00602326510753
18,1803,152.17949230728775
18,1804,151.352961349468
18,1805,150.5264303916482
18,1806,149.69989943382842
18,1807,148.87336847600864
18,1808,148.04683751818888
18,1809,147.2203065603691
18,1810,146.3937756025493
18,1811,145.56724464472953
18,1812,144.74071368690977
18,1813,143.91418272909
18,1814,143.0876517712702
18,1815,142.26112081345042
19,1816,141.43458985563066
19,1817,140.60805889781088
19,1818,139.7815279399911
19,1819,138.9549969821713
19,1820,138.12846602435155
19,1821,137.30193506653177
19,1822,136.47540410871198
19,1823,135.6488731508922
19,1824,134.82234219307242
19,1825,133.99581123525266
19,1826,133.16928027743288
19,1827,132.3427493196131
19,1828,131.5162183617933
19,1829,130.68968740397355
19,1830,129.8631564461538
19,1831,129.03662548833404
19,1832,128.21009453051425
19,1833,127.3835635726945
19,1834,126.55703261487474
19,1835,125.73050165705497
19,1836,124.90397069923522
19,1837,124.07743974141545
19,1838,123.25090878359569
19,1839,122.42437782577592
19,1840,121.59784686795616
19,1841,120.7713159101364
19,1842,119.94478495231664
19,1843,119.11825399449687
19,1844,118.29172303667711
19,1845,117.46519207885734
19,1846,116.63866112103759
19,1847,115.81213016321782
19,1848,114.98559920539806
19,1849,114.15906824757829
19,1850,113.33253728975853
19,1851,112.50600633193876
19,1852,111.67947537411901
19,1853,110.85294441629924
19,1854,110.02641345847948
19,1855,109.19988250065971
19,1856,108.37335154283996
19,1857,107.54682058502019
19,1858,106.72028962720043
19,1859,105.89375866938066
19,1860,105.0672277115609
19,1861,104.24069675374113
19,1862,103.41416579592138
19,1863,102.58763483810161
19,1864,101.76110388028185
19,1865,100.93457292246208
19,1866,100.10804196464233
19,1867,99.34611732614167
19,1868,98.58419268764102
19,1869,97.82226804914036
19,1870,97.0603434106397
19,1871,96.29841877213904
19,1872,95.5364941336384
19,1873,94.77456949513774
19,1874,94.01264485663708
19,1875,93.25072021813642
19,1876,92.48879557963578
19,1877,91.72687094113512
19,1878,90.96494630263446
19,1879,90.2030216641338
19,1880,89.44109702563316
19,1881,88.6791723871325
19,1882,87.91724774863184
19,1883,87.15532311013118
19,1884,86.39339847163053
19,1885,85.63147383312987
19,1886,84.86954919462922
19,1887,84.10762455612856
19,1888,83.34569991762791
19,1889,82.58377527912725
19,1890,81.8218506406266
19,1891,81.05992600212593
19,1892,80.29800136362529
19,1893,79.53607672512463
19,1894,78.77415208662397
19,1895,78.01222744812331
19,1896,77.25030280962267
19,1897,76.48837817112201
19,1898,75.72645353262135
19,1899,74.96452889412069
19,1900,74.20260425562005
19,1901,73.44067961711939
19,1902,72.67875497861873
19,1903,71.91683034011807
19,1904,71.15490570161742
19,1905,70.39298106311676
19,1906,69.6310564246161
19,1907,68.86913178611545
19,1908,68.1072071476148
19,1909,67.34528250911414
19,1910,66.58335787061348
19,1911,65.82143323211284
19,1912,65.05950859361216
19,1913,64.2975839551115
19,1914,63.53565931661085
19,1915,62.77373467811018
19,1916,62.011810039609514
20,1917,61.249885401108855
20,1918,60.48796076260819
20,1919,59.72603612410753
20,1920,58.964111485606864
20,1921,58.202186847106205
20,1922,57.44026220860554
20,1923,56.67833757010488
20,1924,55.916412931604214
20,1925,55.154488293103554
20,1926,54.39256365460289
20,1927,53.63063901610223
20,1928,52.86871437760156
20,1929,52.106789739100904
20,1930,51.34486510060024
20,1931,50.58294046209958
20,1932,49.82101582359891
20,1933,49.059091185098254
20,1934,48.29716654659759
20,1935,47.53524190809693
20,1936,46.77331726959626
20,1937,46.0113926310956
20,1938,45.24946799259494
20,1939,44.48754335409428
20,1940,43.72561871559361
20,1941,42.96369407709295
20,1942,42.20176943859229
20,1943,41.43984480009163
20,1944,40.67792016159096
20,1945,39.9159955230903
20,1946,39.154070884589636
20,1947,38.39214624608898
20,1948,37.63022160758831
20,1949,36.86829696908765
20,1950,36.106372330586986
20,1951,35.34444769208633
20,1952,34.58252305358566
20,1953,33.820598415085
20,1954,33.058673776584335
20,1955,32.296749138083676
20,1956,31.534824499583017
20,1957,30.772899861082358
20,1958,30.0109752225817
20,1959,29.24905058408104
20,1960,28.48712594558038
20,1961,27.725201307079722
20,1962,26.963276668579063
20,1963,26.201352030078404
20,1964,25.439427391577745
20,1965,24.677502753077086
20,1966,23.915578114576427
20,1967,23.153653476075768
20,1968,22.458143899573884
20,1969,21.762634323071996
20,1970,21.067124746570112
20,1971,20.371615170068228
20,1972,19.676105593566344
20,1973,18.980596017064457
20,1974,18.285086440562573
20,1975,17.58957686406069
20,1976,16.8940672875588
20,1977,16.198557711056917
20,1978,15.503048134555032
20,1979,14.807538558053148
20,1980,14.112028981551262
20,1981,13.416519405049378
20,1982,12.721009828547492
20,1983,12.025500252045607
20,1984,11.329990675543723
20,1985,10.634481099041837
20,1986,9.938971522539953
20,1987,9.243461946038067
20,1988,8.547952369536182
20,1989,7.852442793034296
20,1990,7.15693321653241
20,1991,6.4614236400305245
20,1992,5.765914063528639
20,1993,5.070404487026752
20,1994,4.3748949105248665
20,1995,3.6793853340229807
20,1996,2.9838757575210946
20,1997,2.288366181019209
20,1998,1.592856604517323
20,1999,0.8973470280154371
20,2000,0.20183745151355129
20,2001,-0.4936721249883345
20,2002,-1.1891817014902204
20,2003,-1.8846912779921063
20,2004,-2.580200854493992
20,2005,-3.275710430995878
20,2006,-3.971220007497764
20,2007,-4.66672958399965
20,2008,-5.362239160501535
20,2009,-6.057748737003421
20,2010,-6.753258313505308
20,2011,-7.448767890007193
20,2012,-8.14427746650908
20,2013,-8.839787043010965
20,2014,-9.53529661951285
20,2015,-10.230806196014735
20,2016,-10.92631577251662
20,2017,-11.621825349018506
21,2018,-12.31733492552039
21,2019,-13.012844502022276
21,2020,-13.70835407852416
21,2021,-14.403863655026045
21,2022,-15.099373231527931
21,2023,-15.794882808029815
21,2024,-16.4903923845317
21,2025,-17.185901961033586
21,2026,-17.88141153753547
21,2027,-18.576921114037354
21,2028,-19.27243069053924
21,2029,-19.967940267041126
21,2030,-20.66344984354301
21,2031,-21.358959420044897
21,2032,-22.05446899654678
21,2033,-22.749978573048665
21,2034,-23.44548814955055
21,2035,-24.140997726052436
21,2036,-24.83650730255432
21,2037,-25.532016879056204
21,2038,-26.227526455558092
21,2039,-26.923036032059976
21,2040,-27.61854560856186
21,2041,-28.314055185063747
21,2042,-29.00956476156563
21,2043,-29.705074338067515
21,2044,-30.400583914569403
21,2045,-31.096093491071287
21,2046,-31.79160306757317
21,2047,-32.487112644075054
21,2048,-33.182622220576945
21,2049,-33.87813179707883
21,2050,-34.57364137358071
21,2051,-35.2691509500826
21,2052,-35.96466052658448
21,2053,-36.66017010308637
21,2054,-37.355679679588256
21,2055,-38.05118925609014
21,2056,-38.746698832592024
21,2057,-39.44220840909391
21,2058,-40.13771798559579
21,2059,-40.83322756209768
21,2060,-41.52873713859957
21,2061,-42.22424671510145
21,2062,-42.919756291603335
21,2063,-43.61526586810522
21,2064,-44.3107754446071
21,2065,-45.00628502110899
21,2066,-45.70179459761088
21,2067,-46.39730417411276
21,2068,-47.092813750614646
21,2069,-47.72035021677444
21,2070,-48.347886682934245
21,2071,-48.97542314909404
21,2072,-49.602959615253845
21,2073,-50.23049608141364
21,2074,-50.858032547573444
21,2075,-51.48556901373324
21,2076,-52.11310547989304
21,2077,-52.74064194605284
21,2078,-53.36817841221264
21,2079,-53.99571487837244
21,2080,-54.62325134453224
21,2081,-55.25078781069204
21,2082,-55.87832427685184
21,2083,-56.50586074301164
21,2084,-57.13339720917144
21,2085,-57.76093367533124
21,2086,-58.38847014149104
21,2087,-59.01600660765084
21,2088,-59.64354307381064
21,2089,-60.27107953997044
21,2090,-60.89861600613023
21,2091,-61.526152472290036
21,2092,-62.15368893844983
21,2093,-62.781225404609636
21,2094,-63.40876187076943
21,2095,-64.03629833692924
21,2096,-64.66383480308903
21,2097,-65.29137126924883
21,2098,-65.91890773540864
21,2099,-66.54644420156843
21,2100,-67.17398066772823
21,2101,-67.80151713388803
21,2102,-68.42905360004784
21,2103,-69.05659006620763
21,2104,-69.68412653236743
21,2105,-70.31166299852723
21,2106,-70.93919946468704
21,2107,-71.56673593084683
21,2108,-72.19427239700663
21,2109,-72.82180886316642
21,2110,-73.44934532932623
21,2111,-74.07688179548603
21,2112,-74.70441826164583
21,2113,-75.33195472780562
21,2114,-75.95949119396542
21,2115,-76.58702766012523
21,2116,-77.21456412628503
21,2117,-77.84210059244482
21,2118,-78.46963705860462
22,2119,-79.09717352476443
22,2120,-79.72470999092423
22,2121,-80.35224645708402
22,2122,-80.97978292324382
22,2123,-81.60731938940363
22,2124,-82.23485585556342
22,2125,-82.86239232172322
22,2126,-83.48992878788302
22,2127,-84.11746525404283
22,2128,-84.74500172020262
22,2129,-85.37253818636242
22,2130,-86.00007465252222
22,2131,-86.62761111868203
22,2132,-87.25514758484182
22,2133,-87.88268405100162
22,2134,-88.51022051716141
22,2135,-89.13775698332122
22,2136,-89.76529344948102
22,2137,-90.39282991564082
22,2138,-91.02036638180061
22,2139,-91.64790284796041
22,2140,-92.27543931412022
22,2141,-92.90297578028002
22,2142,-93.53051224643981
22,2143,-94.15804871259961
22,2144,-94.78558517875942
22,2145,-95.41312164491922
22,2146,-96.04065811107901
22,2147,-96.66819457723881
22,2148,-97.29573104339862
22,2149,-97.92326750955841
22,2150,-98.55080397571821
22,2151,-99.178340441878
22,2152,-99.80587690803782
22,2153,-100.43341337419761
22,2154,-101.06094984035741
22,2155,-101.6884863065172
22,2156,-102.31602277267702
22,2157,-102.94355923883681
22,2158,-103.57109570499661
22,2159,-104.1986321711564
22,2160,-104.82616863731621
22,2161,-105.45370510347601
22,2162,-106.08124156963581
22,2163,-106.7087780357956
22,2164,-107.3363145019554
22,2165,-107.96385096811521
22,2166,-108.591387434275
22,2167,-109.2189239004348
22,2168,-109.8464603665946
22,2169,-110.47399683275441
22,2170,-111.0322487706193
22,2171,-111.59050070848421
22,2172,-112.14875264634911
22,2173,-112.707004584214
22,2174,-113.26525652207891
22,2175,-113.82350845994381
22,2176,-114.38176039780872
22,2177,-114.94001233567361
22,2178,-115.49826427353851
22,2179,-116.05651621140342
22,2180,-116.61476814926831
22,2181,-117.17302008713322
22,2182,-117.73127202499812
22,2183,-118.28952396286303
22,2184,-118.84777590072792
22,2185,-119.40602783859282
22,2186,-119.96427977645773
22,2187,-120.52253171432262
22,2188,-121.08078365218753
22,2189,-121.63903559005243
22,2190,-122.19728752791733
22,2191,-122.75553946578223
22,2192,-123.31379140364713
22,2193,-123.87204334151204
22,2194,-124.43029527937694
22,2195,-124.98854721724184
22,2196,-125.54679915510674
22,2197,-126.10505109297164
22,2198,-126.66330303083654
22,2199,-127.22155496870144
22,2200,-127.77980690656635
22,2201,-128.33805884443126
22,2202,-128.89631078229615
22,2203,-129.45456272016105
22,2204,-130.01281465802595
22,2205,-130.57106659589084
22,2206,-131.12931853375576
22,2207,-131.68757047162066
22,2208,-132.24582240948556
22,2209,-132.80407434735045
22,2210,-133.36232628521535
22,2211,-133.92057822308027
22,2212,-134.47883016094517
22,2213,-135.03708209881006
22,2214,-135.59533403667496
22,2215,-136.15358597453985
22,2216,-136.71183791240477
22,2217,-137.27008985026967
22,2218,-137.82834178813457
22,2219,-138.38659372599946
23,2220,-138.94484566386436
23,2221,-139.50309760172928
23,2222,-140.06134953959418
23,2223,-140.61960147745907
23,2224,-141.17785341532397
23,2225,-141.73610535318886
23,2226,-142.29435729105379
23,2227,-142.85260922891868
23,2228,-143.41086116678358
23,2229,-143.96911310464847
23,2230,-144.5273650425134
23,2231,-145.0856169803783
23,2232,-145.6438689182432
23,2233,-146.20212085610808
23,2234,-146.76037279397298
23,2235,-147.3186247318379
23,2236,-147.8768766697028
23,2237,-148.4351286075677
23,2238,-148.9933805454326
23,2239,-149.55163248329748
23,2240,-150.1098844211624
23,2241,-150.6681363590273
23,2242,-151.2263882968922
23,2243,-151.7846402347571
23,2244,-152.342892172622
23,2245,-152.9011441104869
23,2246,-153.4593960483518
23,2247,-154.0176479862167
23,2248,-154.5758999240816
23,2249,-155.1341518619465
23,2250,-155.69240379981142
23,2251,-156.2506557376763
23,2252,-156.8089076755412
23,2253,-157.3671596134061
23,2254,-157.92541155127103
23,2255,-158.48366348913592
23,2256,-159.04191542700082
23,2257,-159.6001673648657
23,2258,-160.1584193027306
23,2259,-160.71667124059553
23,2260,-161.27492317846043
23,2261,-161.83317511632532
23,2262,-162.39142705419022
23,2263,-162.9496789920551
23,2264,-163.50793092992004
23,2265,-164.06618286778493
23,2266,-164.62443480564983
23,2267,-165.18268674351472
23,2268,-165.74093868137962
23,2269,-166.29919061924454
23,2270,-166.85744255710944
23,2271,-167.34533659973255
23,2272,-167.83323064235566
23,2273,-168.32112468497877
23,2274,-168.80901872760188
23,2275,-169.296912770225
23,2276,-169.7848068128481
23,2277,-170.27270085547121
23,2278,-170.76059489809433
23,2279,-171.24848894071744
23,2280,-171.73638298334055
23,2281,-172.2242770259637
23,2282,-172.7121710685868
23,2283,-173.2000651112099
23,2284,-173.68795915383302
23,2285,-174.17585319645613
23,2286,-174.66374723907924
23,2287,-175.15164128170235
23,2288,-175.63953532432546
23,2289,-176.12742936694858
23,2290,-176.6153234095717
23,2291,-177.1032174521948
23,2292,-177.5911114948179
23,2293,-178.07900553744102
23,2294,-178.56689958006413
23,2295,-179.05479362268724
23,2296,-179.54268766531038
23,2297,-180.0305817079335
23,2298,-180.5184757505566
23,2299,-181.00636979317972
23,2300,-181.49426383580283
23,2301,-181.98215787842594
23,2302,-182.47005192104905
23,2303,-182.95794596367216
23,2304,-183.44584000629527
23,2305,-183.93373404891838
23,2306,-184.4216280915415
23,2307,-184.9095221341646
23,2308,-185.39741617678771
23,2309,-185.88531021941083
23,2310,-186.37320426203394
23,2311,-186.86109830465705
23,2312,-187.3489923472802
23,2313,-187.8368863899033
23,2314,-188.3247804325264
23,2315,-188.81267447514952
23,2316,-189.30056851777263
23,2317,-189.78846256039574
23,2318,-190.27635660301885
23,2319,-190.76425064564197
23,2320,-191.25214468826508
24,2321,-191.7400387308882
24,2322,-192.2279327735113
24,2323,-192.7158268161344
24,2324,-193.20372085875752
24,2325,-193.69161490138063
24,2326,-194.17950894400374
24,2327,-194.66740298662688
24,2328,-195.15529702925
24,2329,-195.6431910718731
24,2330,-196.13108511449622
24,2331,-196.61897915711933
24,2332,-197.10687319974244
24,2333,-197.59476724236555
24,2334,-198.08266128498866
24,2335,-198.57055532761177
24,2336,-199.05844937023488
24,2337,-199.546343412858
24,2338,-200.0342374554811
24,2339,-200.52213149810422
24,2340,-201.01002554072733
24,2341,-201.49791958335044
24,2342,-201.98581362597355
24,2343,-202.4737076685967
24,2344,-202.9616017112198
24,2345,-203.4494957538429
24,2346,-203.93738979646602
24,2347,-204.42528383908913
24,2348,-204.91317788171224
24,2349,-205.40107192433535
24,2350,-205.88896596695847
24,2351,-206.37686000958158
24,2352,-206.8647540522047
24,2353,-207.3526480948278
24,2354,-207.8405421374509
24,2355,-208.32843618007402
24,2356,-208.81633022269713
24,2357,-209.30422426532024
24,2358,-209.79211830794335
24,2359,-210.2800123505665
24,2360,-210.7679063931896
24,2361,-211.25580043581272
24,2362,-211.74369447843583
24,2363,-212.23158852105894
24,2364,-212.71948256368205
24,2365,-213.20737660630516
24,2366,-213.69527064892827
24,2367,-214.18316469155138
24,2368,-214.6710587341745
24,2369,-215.1589527767976
24,2370,-215.64684681942072
24,2371,-216.06353958905865
24,2372,-216.48023235869655
24,2373,-216.89692512833446
24,2374,-217.31361789797236
24,2375,-217.7303106676103
24,2376,-218.1470034372482
24,2377,-218.5636962068861
24,2378,-218.98038897652404
24,2379,-219.39708174616194
24,2380,-219.81377451579985
24,2381,-220.23046728543778
24,2382,-220.6471600550757
24,2383,-221.0638528247136
24,2384,-221.48054559435153
24,2385,-221.89723836398943
24,2386,-222.31393113362734
24,2387,-222.73062390326524
24,2388,-223.14731667290317
24,2389,-223.56400944254108
24,2390,-223.98070221217898
24,2391,-224.39739498181692
24,2392,-224.81408775145482
24,2393,-225.23078052109273
24,2394,-225.64747329073066
24,2395,-226.06416606036856
24,2396,-226.48085883000647
24,2397,-226.89755159964437
24,2398,-227.3142443692823
24,2399,-227.7309371389202
24,2400,-228.14762990855812
24,2401,-228.56432267819605
24,2402,-228.98101544783395
24,2403,-229.39770821747186
24,2404,-229.8144009871098
24,2405,-230.2310937567477
24,2406,-230.6477865263856
24,2407,-231.06447929602353
24,2408,-231.48117206566144
24,2409,-231.89786483529934
24,2410,-232.31455760493725
24,2411,-232.73125037457518
24,2412,-233.1479431442131
24,2413,-233.564635913851
24,2414,-233.98132868348893
24,2415,-234.39802145312683
24,2416,-234.81471422276474
24,2417,-235.23140699240267
24,2418,-235.64809976204057
24,2419,-236.06479253167848
24,2420,-236.48148530131638
25,2421,-236.89817807095432
25,2422,-237.31487084059222
25,2423,-237.73156361023013
25,2424,-238.14825637986806
25,2425,-238.56494914950596
25,2426,-238.98164191914387
25,2427,-239.3983346887818
25,2428,-239.8150274584197
25,2429,-240.2317202280576
25,2430,-240.64841299769552
25,2431,-241.06510576733345
25,2432,-241.48179853697135
25,2433,-241.89849130660926
25,2434,-242.3151840762472
25,2435,-242.7318768458851
25,2436,-243.148569615523
25,2437,-243.56526238516093
25,2438,-243.98195515479884
25,2439,-244.39864792443674
25,2440,-244.81534069407468
25,2441,-245.23203346371258
25,2442,-245.6487262333505
25,2443,-246.0654190029884
25,2444,-246.48211177262633
25,2445,-246.89880454226423
25,2446,-247.31549731190213
25,2447,-247.73219008154007
25,2448,-248.14888285117797
25,2449,-248.56557562081588
25,2450,-248.9822683904538
25,2451,-249.39896116009172
25,2452,-249.81565392972962
25,2453,-250.23234669936753
25,2454,-250.64903946900546
25,2455,-251.06573223864336
25,2456,-251.48242500828127
25,2457,-251.8991177779192
25,2458,-252.3158105475571
25,2459,-252.732503317195
25,2460,-253.14919608683294
25,2461,-253.56588885647085
25,2462,-253.98258162610875
25,2463,-254.3992743957467
25,2464,-254.8159671653846
25,2465,-255.2326599350225
25,2466,-255.6493527046604
25,2467,-256.06604547429833
25,2468,-256.48273824393624
25,2469,-256.89943101357414
25,2470,-257.31612378321205
25,2471,-257.73281655284995
25,2472,-258.07768535196595
25,2473,-258.42255415108195
25,2474,-258.76742295019795
25,2475,-259.11229174931395
25,2476,-259.45716054842995
25,2477,-259.80202934754595
25,2478,-260.14689814666195
25,2479,-260.49176694577795
25,2480,-260.83663574489395
25,2481,-261.18150454400995
25,2482,-261.52637334312595
25,2483,-261.87124214224195
25,2484,-262.21611094135795
25,2485,-262.56097974047395
25,2486,-262.90584853958995
25,2487,-263.25071733870595
25,2488,-263.59558613782195
25,2489,-263.94045493693795
25,2490,-264.28532373605395
25,2491,-264.63019253516995
25,2492,-264.97506133428595
25,2493,-265.31993013340195
25,2494,-265.66479893251795
25,2495,-266.00966773163395
25,2496,-266.35453653074995
25,2497,-266.69940532986595
25,2498,-267.0442741289819
25,2499,-267.3891429280979
25,2500,-267.7340117272139
25,2501,-268.0788805263299
25,2502,-268.4237493254459
25,2503,-268.7686181245619
25,2504,-269.1134869236779
25,2505,-269.4583557227939
25,2506,-269.8032245219099
25,2507,-270.1480933210259
25,2508,-270.4929621201419
25,2509,-270.8378309192579
25,2510,-271.1826997183739
25,2511,-271.5275685174899
25,2512,-271.8724373166059
25,2513,-272.2173061157219
25,2514,-272.5621749148379
25,2515,-272.9070437139539
25,2516,-273.25191251306984
25,2517,-273.59678131218584
25,2518,-273.94165011130184
25,2519,-274.28651891041784
25,2520,-274.63138770953384
25,2521,-274.97625650864984
26,2522,-275.32112530776584
26,2523,-275.66599410688184
26,2524,-276.01086290599784
26,2525,-276.35573170511384
26,2526,-276.70060050422984
26,2527,-277.04546930334584
26,2528,-277.39033810246184
26,2529,-277.73520690157784
26,2530,-278.08007570069384
26,2531,-278.42494449980984
26,2532,-278.76981329892584
26,2533,-279.11468209804184
26,2534,-279.4595508971578
26,2535,-279.8044196962738
26,2536,-280.1492884953898
26,2537,-280.4941572945058
26,2538,-280.8390260936218
26,2539,-281.1838948927378
26,2540,-281.5287636918538
26,2541,-281.8736324909698
26,2542,-282.2185012900858
26,2543,-282.5633700892018
26,2544,-282.9082388883178
26,2545,-283.2531076874338
26,2546,-283.5979764865498
26,2547,-283.9428452856658
26,2548,-284.2877140847818
26,2549,-284.6325828838978
26,2550,-284.9774516830138
26,2551,-285.3223204821298
26,2552,-285.6671892812457
26,2553,-286.0120580803617
26,2554,-286.3569268794777
26,2555,-286.7017956785937
26,2556,-287.0466644777097
26,2557,-287.3915332768257
26,2558,-287.7364020759417
26,2559,-288.0812708750577
26,2560,-288.4261396741737
26,2561,-288.7710084732897
26,2562,-289.1158772724057
26,2563,-289.4607460715217
26,2564,-289.8056148706377
26,2565,-290.1504836697537
26,2566,-290.4953524688697
26,2567,-290.8402212679857
26,2568,-291.1850900671017
26,2569,-291.5299588662177
26,2570,-291.87482766533367
26,2571,-292.21969646444967
26,2572,-292.56456526356567
26,2573,-292.8371926335297
26,2574,-293.1098200034937
26,2575,-293.38244737345775
26,2576,-293.6550747434218
26,2577,-293.92770211338586
26,2578,-294.2003294833499
26,2579,-294.4729568533139
26,2580,-294.74558422327794
26,2581,-295.018211593242
26,2582,-295.290838963206
26,2583,-295.56346633317
26,2584,-295.83609370313405
26,2585,-296.1087210730981
26,2586,-296.3813484430621
26,2587,-296.65397581302614
26,2588,-296.92660318299016
26,2589,-297.1992305529542
26,2590,-297.4718579229182
26,2591,-297.74448529288225
26,2592,-298.0171126628463
26,2593,-298.2897400328103
26,2594,-298.5623674027743
26,2595,-298.83499477273836
26,2596,-299.1076221427024
26,2597,-299.3802495126664
26,2598,-299.65287688263044
26,2599,-299.92550425259446
26,2600,-300.1981316225585
26,2601,-300.4707589925225
26,2602,-300.7433863624866
26,2603,-301.01601373245063
26,2604,-301.28864110241466
26,2605,-301.5612684723787
26,2606,-301.8338958423427
26,2607,-302.10652321230674
26,2608,-302.37915058227077
26,2609,-302.6517779522348
26,2610,-302.9244053221988
26,2611,-303.19703269216285
26,2612,-303.4696600621269
26,2613,-303.7422874320909
26,2614,-304.01491480205493
26,2615,-304.28754217201896
26,2616,-304.560169541983
26,2617,-304.832796911947
26,2618,-305.10542428191104
26,2619,-305.37805165187507
26,2620,-305.6506790218391
26,2621,-305.9233063918031
26,2622,-306.19593376176715
27,2623,-306.4685611317312
27,2624,-306.7411885016952
27,2625,-307.01381587165923
27,2626,-307.28644324162326
27,2627,-307.55907061158734
27,2628,-307.8316979815514
27,2629,-308.1043253515154
27,2630,-308.3769527214794
27,2631,-308.64958009144345
27,2632,-308.9222074614075
27,2633,-309.1948348313715
27,2634,-309.46746220133554
27,2635,-309.74008957129956
27,2636,-310.0127169412636
27,2637,-310.2853443112276
27,2638,-310.55797168119165
27,2639,-310.8305990511557
27,2640,-311.1032264211197
27,2641,-311.3758537910837
27,2642,-311.64848116104775
27,2643,-311.9211085310118
27,2644,-312.1937359009758
27,2645,-312.46636327093984
27,2646,-312.73899064090386
27,2647,-313.0116180108679
27,2648,-313.2842453808319
27,2649,-313.55687275079595
27,2650,-313.82950012076
27,2651,-314.102127490724
27,2652,-314.3747548606881
27,2653,-314.6473822306521
27,2654,-314.92000960061614
27,2655,-315.19263697058017
27,2656,-315.4652643405442
27,2657,-315.7378917105082
27,2658,-316.01051908047225
27,2659,-316.2831464504363
27,2660,-316.5557738204003
27,2661,-316.82840119036433
27,2662,-317.10102856032836
27,2663,-317.3736559302924
27,2664,-317.6462833002564
27,2665,-317.91891067022044
27,2666,-318.19153804018447
27,2667,-318.4641654101485
27,2668,-318.7367927801125
27,2669,-319.00942015007655
27,2670,-319.2820475200406
27,2671,-319.5546748900046
27,2672,-319.82730225996863
27,2673,-320.09992962993266
27,2674,-320.30008686746834
27,2675,-320.50024410500396
27,2676,-320.7004013425396
27,2677,-320.9005585800752
27,2678,-321.1007158176109
27,2679,-321.3008730551465
27,2680,-321.5010302926821
27,2681,-321.70118753021774
27,2682,-321.90134476775336
27,2683,-322.10150200528903
27,2684,-322.30165924282466
27,2685,-322.5018164803603
27,2686,-322.7019737178959
27,2687,-322.9021309554316
27,2688,-323.1022881929672
27,2689,-323.3024454305028
27,2690,-323.50260266803843
27,2691,-323.7027599055741
27,2692,-323.90291714310973
27,2693,-324.10307438064535
27,2694,-324.303231618181
27,2695,-324.5033888557166
27,2696,-324.70354609325227
27,2697,-324.9037033307879
27,2698,-325.1038605683235
27,2699,-325.30401780585913
27,2700,-325.5041750433948
27,2701,-325.70433228093043
27,2702,-325.90448951846605
27,2703,-326.10464675600167
27,2704,-326.30480399353735
27,2705,-326.50496123107297
27,2706,-326.7051184686086
27,2707,-326.9052757061442
27,2708,-327.10543294367983
27,2709,-327.3055901812155
27,2710,-327.5057474187511
27,2711,-327.70590465628675
27,2712,-327.90606189382237
27,2713,-328.10621913135805
27,2714,-328.30637636889367
27,2715,-328.5065336064293
27,2716,-328.7066908439649
27,2717,-328.9068480815006
27,2718,-329.1070053190362
27,2719,-329.3071625565718
27,2720,-329.50731979410745
27,2721,-329.7074770316431
27,2722,-329.90763426917874
27,2723,-330.10779150671436
28,2724,-330.30794874425
28,2725,-330.5081059817856
28,2726,-330.7082632193213
28,2727,-330.9084204568569
28,2728,-331.1085776943925
28,2729,-331.30873493192814
28,2730,-331.5088921694638
28,2731,-331.70904940699944
28,2732,-331.90920664453506
28,2733,-332.1093638820707
28,2734,-332.30952111960636
28,2735,-332.509678357142
28,2736,-332.7098355946776
28,2737,-332.9099928322132
28,2738,-333.11015006974884
28,2739,-333.3103073072845
28,2740,-333.51046454482014
28,2741,-333.71062178235576
28,2742,-333.9107790198914
28,2743,-334.11093625742706
28,2744,-334.3110934949627
28,2745,-334.5112507324983
28,2746,-334.7114079700339
28,2747,-334.9115652075696
28,2748,-335.1117224451052
28,2749,-335.31187968264084
28,2750,-335.51203692017646
28,2751,-335.7121941577121
28,2752,-335.91235139524775
28,2753,-336.1125086327834
28,2754,-336.312665870319
28,2755,-336.5128231078546
28,2756,-336.7129803453903
28,2757,-336.9131375829259
28,2758,-337.11329482046153
28,2759,-337.31345205799715
28,2760,-337.51360929553283
28,2761,-337.71376653306845
28,2762,-337.9139237706041
28,2763,-338.1140810081397
28,2764,-338.3142382456753
28,2765,-338.514395483211
28,2766,-338.7145527207466
28,2767,-338.91470995828223
28,2768,-339.11486719581785
28,2769,-339.3150244333535
28,2770,-339.51518167088915
28,2771,-339.71533890842477
28,2772,-339.9154961459604
28,2773,-340.11565338349607
28,2774,-340.3158106210317
28,2775,-340.5159678585673
28,2776,-340.6428709227114
28,2777,-340.76977398685545
28,2778,-340.89667705099953
28,2779,-341.0235801151436
28,2780,-341.1504831792877
28,2781,-341.27738624343175
28,2782,-341.4042893075758
28,2783,-341.5311923717199
28,2784,-341.658095435864
28,2785,-341.7849985000081
28,2786,-341.9119015641522
28,2787,-342.03880462829625
28,2788,-342.1657076924403
28,2789,-342.2926107565844
28,2790,-342.41951382072847
28,2791,-342.54641688487254
28,2792,-342.6733199490166
28,2793,-342.8002230131607
28,2794,-342.92712607730476
28,2795,-343.05402914144884
28,2796,-343.1809322055929
28,2797,-343.307835269737
28,2798,-343.43473833388106
28,2799,-343.56164139802513
28,2800,-343.6885444621692
28,2801,-343.8154475263133
28,2802,-343.9423505904574
28,2803,-344.0692536546015
28,2804,-344.19615671874556
28,2805,-344.32305978288963
28,2806,-344.4499628470337
28,2807,-344.5768659111778
28,2808,-344.70376897532185
28,2809,-344.8306720394659
28,2810,-344.95757510361
28,2811,-345.08447816775407
28,2812,-345.21138123189814
28,2813,-345.3382842960422
28,2814,-345.4651873601863
28,2815,-345.59209042433037
28,2816,-345.71899348847444
28,2817,-345.8458965526185
28,2818,-345.9727996167626
28,2819,-346.0997026809067
28,2820,-346.2266057450508
28,2821,-346.35350880919486
28,2822,-346.48041187333894
28,2823,-346.607314937483
28,2824,-346.7342180016271
28,2825,-346.86112106577116
29,2826,-346.98802412991523
29,2827,-347.1149271940593
29,2828,-347.2418302582034
29,2829,-347.36873332234745
29,2830,-347.4956363864915
29,2831,-347.6225394506356
29,2832,-347.7494425147797
29,2833,-347.87634557892375
29,2834,-348.0032486430678
29,2835,-348.1301517072119
29,2836,-348.25705477135597
29,2837,-348.3839578355001
29,2838,-348.5108608996442
29,2839,-348.63776396378825
29,2840,-348.7646670279323
29,2841,-348.8915700920764
29,2842,-349.01847315622047
29,2843,-349.14537622036454
29,2844,-349.2722792845086
29,2845,-349.3991823486527
29,2846,-349.52608541279676
29,2847,-349.65298847694083
29,2848,-349.7798915410849
29,2849,-349.906794605229
29,2850,-350.03369766937305
29,2851,-350.16060073351713
29,2852,-350.2875037976612
29,2853,-350.4144068618053
29,2854,-350.54130992594935
29,2855,-350.6682129900935
29,2856,-350.79511605423755
29,2857,-350.9220191183816
29,2858,-351.0489221825257
29,2859,-351.1758252466698
29,2860,-351.30272831081385
29,2861,-351.4296313749579
29,2862,-351.556534439102
29,2863,-351.68343750324607
29,2864,-351.81034056739014
29,2865,-351.9372436315342
29,2866,-352.0641466956783
29,2867,-352.19104975982236
29,2868,-352.31795282396644
29,2869,-352.4448558881105
29,2870,-352.5717589522546
29,2871,-352.69866201639866
29,2872,-352.82556508054273
29,2873,-352.95246814468686
29,2874,-353.07937120883093
29,2875,-353.206274272975
29,2876,-353.26142235932485
29,2877,-353.31657044567476
29,2878,-353.37171853202466
29,2879,-353.42686661837456
29,2880,-353.4820147047244
29,2881,-353.5371627910743
29,2882,-353.5923108774242
29,2883,-353.6474589637741
29,2884,-353.70260705012396
29,2885,-353.75775513647386
29,2886,-353.81290322282376
29,2887,-353.8680513091736
29,2888,-353.9231993955235
29,2889,-353.9783474818734
29,2890,-354.0334955682233
29,2891,-354.08864365457316
29,2892,-354.14379174092306
29,2893,-354.19893982727297
29,2894,-354.25408791362287
29,2895,-354.3092359999727
29,2896,-354.3643840863226
29,2897,-354.4195321726725
29,2898,-354.4746802590224
29,2899,-354.52982834537227
29,2900,-354.58497643172217
29,2901,-354.64012451807207
29,2902,-354.695272604422
29,2903,-354.7504206907718
29,2904,-354.8055687771217
29,2905,-354.8607168634716
29,2906,-354.91586494982147
29,2907,-354.97101303617137
29,2908,-355.0261611225213
29,2909,-355.0813092088712
29,2910,-355.136457295221
29,2911,-355.1916053815709
29,2912,-355.2467534679208
29,2913,-355.3019015542707
29,2914,-355.3570496406206
29,2915,-355.4121977269705
29,2916,-355.4673458133204
29,2917,-355.5224938996703
29,2918,-355.5776419860201
29,2919,-355.63279007237
29,2920,-355.68793815871993
29,2921,-355.7430862450698
29,2922,-355.7982343314197
29,2923,-355.8533824177696
29,2924,-355.9085305041195
29,2925,-355.9636785904693
30,2926,-356.01882667681923
30,2927,-356.07397476316913
30,2928,-356.12912284951904
30,2929,-356.1842709358689
30,2930,-356.2394190222188
30,2931,-356.2945671085687
30,2932,-356.3497151949186
30,2933,-356.40486328126843
30,2934,-356.46001136761834
30,2935,-356.51515945396824
30,2936,-356.57030754031814
30,2937,-356.625455626668
30,2938,-356.6806037130179
30,2939,-356.7357517993678
30,2940,-356.79089988571764
30,2941,-356.84604797206754
30,2942,-356.90119605841744
30,2943,-356.95634414476734
30,2944,-357.0114922311172
30,2945,-357.0666403174671
30,2946,-357.121788403817
30,2947,-357.1769364901669
30,2948,-357.23208457651674
30,2949,-357.28723266286664
30,2950,-357.34238074921655
30,2951,-357.39752883556645
30,2952,-357.4526769219163
30,2953,-357.5078250082662
30,2954,-357.5629730946161
30,2955,-357.618121180966
30,2956,-357.67326926731585
30,2957,-357.72841735366575
30,2958,-357.78356544001565
30,2959,-357.8387135263655
30,2960,-357.8938616127154
30,2961,-357.9490096990653
30,2962,-358.0041577854152
30,2963,-358.05930587176505
30,2964,-358.11445395811495
30,2965,-358.16960204446485
30,2966,-358.22475013081475
30,2967,-358.2798982171646
30,2968,-358.3350463035145
30,2969,-358.3901943898644
30,2970,-358.4453424762143
30,2971,-358.50049056256415
30,2972,-358.55563864891406
30,2973,-358.61078673526396
30,2974,-358.66593482161386
30,2975,-358.7210829079637
30,2976,-358.7762309943136
30,2977,-358.759094518139
30,2978,-358.74195804196444
30,2979,-358.72482156578985
30,2980,-358.70768508961527
30,2981,-358.6905486134407
30,2982,-358.67341213726615
30,2983,-358.65627566109157
30,2984,-358.639139184917
30,2985,-358.6220027087424
30,2986,-358.6048662325678
30,2987,-358.58772975639323
30,2988,-358.57059328021865
30,2989,-358.55345680404406
30,2990,-358.5363203278695
30,2991,-358.51918385169495
30,2992,-358.50204737552036
30,2993,-358.4849108993458
30,2994,-358.4677744231712
30,2995,-358.4506379469966
30,2996,-358.433501470822
30,2997,-358.41636499464744
30,2998,-358.39922851847285
30,2999,-358.38209204229827
30,3000,-358.3649555661237
30,3001,-358.34781908994916
30,3002,-358.33068261377457
30,3003,-358.3135461376
30,3004,-358.2964096614254
30,3005,-358.2792731852508
30,3006,-358.26213670907623
30,3007,-358.24500023290165
30,3008,-358.22786375672706
30,3009,-358.2107272805525
30,3010,-358.19359080437795
30,3011,-358.17645432820336
30,3012,-358.1593178520288
30,3013,-358.1421813758542
30,3014,-358.1250448996796
30,3015,-358.107908423505
30,3016,-358.09077194733044
30,3017,-358.07363547115585
30,3018,-358.05649899498127
30,3019,-358.0393625188067
30,3020,-358.02222604263216
30,3021,-358.00508956645757
30,3022,-357.987953090283
30,3023,-357.9708166141084
30,3024,-357.9536801379338
30,3025,-357.93654366175923
30,3026,-357.91940718558465
31,3027,-357.90227070941006
31,3028,-357.8851342332355
31,3029,-357.8679977570609
31,3030,-357.85086128088636
31,3031,-357.8337248047118
31,3032,-357.8165883285372
31,3033,-357.7994518523626
31,3034,-357.782315376188
31,3035,-357.76517890001344
31,3036,-357.74804242383885
31,3037,-357.73090594766427
31,3038,-357.7137694714897
31,3039,-357.69663299531516
31,3040,-357.67949651914057
31,3041,-357.662360042966
31,3042,-357.6452235667914
31,3043,-357.6280870906168
31,3044,-357.61095061444223
31,3045,-357.59381413826765
31,3046,-357.57667766209306
31,3047,-357.5595411859185
31,3048,-357.5424047097439
31,3049,-357.52526823356936
31,3050,-357.5081317573948
31,3051,-357.4909952812202
31,3052,-357.4738588050456
31,3053,-357.456722328871
31,3054,-357.43958585269644
31,3055,-357.42244937652185
31,3056,-357.40531290034727
31,3057,-357.3881764241727
31,3058,-357.37103994799816
31,3059,-357.35390347182357
31,3060,-357.336766995649
31,3061,-357.3196305194744
31,3062,-357.3024940432998
31,3063,-357.28535756712523
31,3064,-357.26822109095065
31,3065,-357.25108461477606
31,3066,-357.2339481386015
31,3067,-357.2168116624269
31,3068,-357.19967518625236
31,3069,-357.1825387100778
31,3070,-357.1654022339032
31,3071,-357.1482657577286
31,3072,-357.131129281554
31,3073,-357.11399280537944
31,3074,-357.09685632920485
31,3075,-357.07971985303027
31,3076,-357.0625833768557
31,3077,-357.0454469006811
31,3078,-356.9563773327849
31,3079,-356.8673077648886
31,3080,-356.7782381969924
31,3081,-356.6891686290961
31,3082,-356.6000990611999
31,3083,-356.5110294933036
31,3084,-356.42195992540735
31,3085,-356.33289035751113
31,3086,-356.24382078961486
31,3087,-356.15475122171864
31,3088,-356.06568165382237
31,3089,-355.9766120859261
31,3090,-355.8875425180299
31,3091,-355.7984729501336
31,3092,-355.7094033822374
31,3093,-355.6203338143411
31,3094,-355.53126424644483
31,3095,-355.4421946785486
31,3096,-355.35312511065234
31,3097,-355.2640555427561
31,3098,-355.17498597485985
31,3099,-355.0859164069636
31,3100,-354.99684683906736
31,3101,-354.9077772711711
31,3102,-354.81870770327487
31,3103,-354.7296381353786
31,3104,-354.6405685674823
31,3105,-354.5514989995861
31,3106,-354.4624294316898
31,3107,-354.3733598637936
31,3108,-354.28429029589734
31,3109,-354.1952207280011
31,3110,-354.10615116010484
31,3111,-354.01708159220857
31,3112,-353.92801202431235
31,3113,-353.8389424564161
31,3114,-353.74987288851986
31,3115,-353.6608033206236
31,3116,-353.5717337527273
31,3117,-353.4826641848311
31,3118,-353.3935946169348
31,3119,-353.3045250490386
31,3120,-353.2154554811423
31,3121,-353.12638591324605
31,3122,-353.03731634534984
31,3123,-352.94824677745356
31,3124,-352.85917720955734
31,3125,-352.77010764166107
31,3126,-352.6810380737648
31,3127,-352.5919685058686
32,3128,-352.5028989379723
32,3129,-352.4138293700761
32,3130,-352.3247598021798
32,3131,-352.2356902342836
32,3132,-352.1466206663873
32,3133,-352.05755109849105
32,3134,-351.96848153059483
32,3135,-351.87941196269855
32,3136,-351.79034239480234
32,3137,-351.70127282690606
32,3138,-351.6122032590098
32,3139,-351.52313369111357
32,3140,-351.4340641232173
32,3141,-351.3449945553211
32,3142,-351.2559249874248
32,3143,-351.16685541952853
32,3144,-351.0777858516323
32,3145,-350.98871628373604
32,3146,-350.8996467158398
32,3147,-350.81057714794355
32,3148,-350.7215075800473
32,3149,-350.63243801215106
32,3150,-350.5433684442548
32,3151,-350.45429887635856
32,3152,-350.3652293084623
32,3153,-350.276159740566
32,3154,-350.1870901726698
32,3155,-350.0980206047735
32,3156,-350.0089510368773
32,3157,-349.91988146898103
32,3158,-349.8308119010848
32,3159,-349.74174233318854
32,3160,-349.65267276529227
32,3161,-349.56360319739605
32,3162,-349.4745336294998
32,3163,-349.38546406160356
32,3164,-349.2963944937073
32,3165,-349.207324925811
32,3166,-349.1182553579148
32,3167,-349.0291857900185
32,3168,-348.9401162221223
32,3169,-348.851046654226
32,3170,-348.76197708632975
32,3171,-348.67290751843353
32,3172,-348.58383795053726
32,3173,-348.49476838264104
32,3174,-348.40569881474477
32,3175,-348.3166292468485
32,3176,-348.2275596789523
32,3177,-348.138490111056
32,3178,-348.0494205431598
32,3179,-347.8889565154728
32,3180,-347.7284924877858
32,3181,-347.56802846009884
32,3182,-347.40756443241185
32,3183,-347.2471004047249
32,3184,-347.0866363770379
32,3185,-346.9261723493509
32,3186,-346.76570832166396
32,3187,-346.60524429397697
32,3188,-346.44478026629
32,3189,-346.284316238603
32,3190,-346.123852210916
32,3191,-345.9633881832291
32,3192,-345.8029241555421
32,3193,-345.64246012785514
32,3194,-345.48199610016815
32,3195,-345.32153207248115
32,3196,-345.1610680447942
32,3197,-345.0006040171072
32,3198,-344.84013998942027
32,3199,-344.67967596173327
32,3200,-344.51921193404627
32,3201,-344.3587479063593
32,3202,-344.1982838786723
32,3203,-344.0378198509854
32,3204,-343.8773558232984
32,3205,-343.7168917956114
32,3206,-343.55642776792445
32,3207,-343.39596374023745
32,3208,-343.2354997125505
32,3209,-343.0750356848635
32,3210,-342.9145716571765
32,3211,-342.75410762948957
32,3212,-342.59364360180257
32,3213,-342.4331795741156
32,3214,-342.2727155464286
32,3215,-342.11225151874163
32,3216,-341.9517874910547
32,3217,-341.7913234633677
32,3218,-341.63085943568075
32,3219,-341.47039540799375
32,3220,-341.30993138030675
32,3221,-341.1494673526198
32,3222,-340.9890033249328
32,3223,-340.82853929724587
32,3224,-340.66807526955887
32,3225,-340.50761124187187
32,3226,-340.34714721418493
32,3227,-340.18668318649793
32,3228,-340.026219158811
33,3229,-339.865755131124
33,3230,-339.705291103437
33,3231,-339.54482707575005
33,3232,-339.38436304806305
33,3233,-339.2238990203761
33,3234,-339.0634349926891
33,3235,-338.9029709650021
33,3236,-338.74250693731517
33,3237,-338.58204290962817
33,3238,-338.42157888194123
33,3239,-338.26111485425423
33,3240,-338.10065082656723
33,3241,-337.9401867988803
33,3242,-337.7797227711933
33,3243,-337.61925874350635
33,3244,-337.45879471581935
33,3245,-337.29833068813235
33,3246,-337.1378666604454
33,3247,-336.9774026327584
33,3248,-336.81693860507147
33,3249,-336.6564745773845
33,3250,-336.4960105496975
33,3251,-336.33554652201053
33,3252,-336.17508249432353
33,3253,-336.0146184666366
33,3254,-335.8541544389496
33,3255,-335.6936904112626
33,3256,-335.53322638357565
33,3257,-335.37276235588865
33,3258,-335.2122983282017
33,3259,-335.0518343005147
33,3260,-334.8913702728277
33,3261,-334.7309062451408
33,3262,-334.5704422174538
33,3263,-334.40997818976683
33,3264,-334.24951416207983
33,3265,-334.08905013439283
33,3266,-333.9285861067059
33,3267,-333.7681220790189
33,3268,-333.60765805133195
33,3269,-333.44719402364495
33,3270,-333.28672999595796
33,3271,-333.126265968271
33,3272,-332.965801940584
33,3273,-332.8053379128971
33,3274,-332.6448738852101
33,3275,-332.4844098575231
33,3276,-332.32394582983613
33,3277,-332.16348180214914
33,3278,-332.0030177744622
33,3279,-331.8425537467752
33,3280,-331.61143671532005
33,3281,-331.3803196838649
33,3282,-331.1492026524097
33,3283,-330.91808562095457
33,3284,-330.68696858949943
33,3285,-330.4558515580443
33,3286,-330.2247345265891
33,3287,-329.99361749513395
33,3288,-329.7625004636788
33,3289,-329.53138343222366
33,3290,-329.30026640076846
33,3291,-329.0691493693133
33,3292,-328.8380323378582
33,3293,-328.60691530640304
33,3294,-328.37579827494784
33,3295,-328.1446812434927
33,3296,-327.91356421203756
33,3297,-327.68244718058236
33,3298,-327.4513301491272
33,3299,-327.2202131176721
33,3300,-326.98909608621693
33,3301,-326.75797905476173
33,3302,-326.5268620233066
33,3303,-326.29574499185145
33,3304,-326.0646279603963
33,3305,-325.8335109289411
33,3306,-325.60239389748597
33,3307,-325.3712768660308
33,3308,-325.1401598345757
33,3309,-324.9090428031205
33,3310,-324.67792577166534
33,3311,-324.4468087402102
33,3312,-324.21569170875506
33,3313,-323.98457467729986
33,3314,-323.7534576458447
33,3315,-323.5223406143896
33,3316,-323.29122358293444
33,3317,-323.06010655147924
33,3318,-322.8289895200241
33,3319,-322.59787248856895
33,3320,-322.3667554571138
33,3321,-322.1356384256586
33,3322,-321.90452139420347
33,3323,-321.67340436274833
33,3324,-321.4422873312932
33,3325,-321.211170299838
33,3326,-320.98005326838285
33,3327,-320.7489362369277
33,3328,-320.51781920547256
34,3329,-320.28670217401736
34,3330,-320.0555851425622
34,3331,-319.8244681111071
34,3332,-319.59335107965194
34,3333,-319.36223404819674
34,3334,-319.1311170167416
34,3335,-318.89999998528646
34,3336,-318.66888295383126
34,3337,-318.4377659223761
34,3338,-318.206648890921
34,3339,-317.97553185946583
34,3340,-317.74441482801063
34,3341,-317.5132977965555
34,3342,-317.28218076510035
34,3343,-317.0510637336452
34,3344,-316.81994670219
34,3345,-316.58882967073487
34,3346,-316.3577126392797
34,3347,-316.1265956078246
34,3348,-315.8954785763694
34,3349,-315.66436154491424
34,3350,-315.4332445134591
34,3351,-315.20212748200396
34,3352,-314.97101045054876
34,3353,-314.7398934190936
34,3354,-314.5087763876385
34,3355,-314.27765935618334
34,3356,-314.04654232472814
34,3357,-313.815425293273
34,3358,-313.58430826181785
34,3359,-313.3531912303627
34,3360,-313.1220741989075
34,3361,-312.89095716745237
34,3362,-312.65984013599723
34,3363,-312.4287231045421
34,3364,-312.1976060730869
34,3365,-311.96648904163175
34,3366,-311.7353720101766
34,3367,-311.50425497872146
34,3368,-311.27313794726626
34,3369,-311.0420209158111
34,3370,-310.810903884356
34,3371,-310.57978685290084
34,3372,-310.34866982144564
34,3373,-310.1175527899905
34,3374,-309.88643575853536
34,3375,-309.6553187270802
34,3376,-309.424201695625
34,3377,-309.1930846641699
34,3378,-308.96196763271473
34,3379,-308.73085060125953
34,3380,-308.4300394076171
34,3381,-308.12922821397456
34,3382,-307.82841702033204
34,3383,-307.5276058266896
34,3384,-307.22679463304706
34,3385,-306.9259834394046
34,3386,-306.6251722457621
34,3387,-306.32436105211957
34,3388,-306.0235498584771
34,3389,-305.7227386648346
34,3390,-305.4219274711921
34,3391,-305.1211162775496
34,3392,-304.8203050839071
34,3393,-304.5194938902646
34,3394,-304.2186826966221
34,3395,-303.9178715029796
34,3396,-303.6170603093371
34,3397,-303.31624911569463
34,3398,-303.0154379220521
34,3399,-302.7146267284096
34,3400,-302.41381553476714
34,3401,-302.1130043411246
34,3402,-301.8121931474821
34,3403,-301.51138195383965
34,3404,-301.21057076019713
34,3405,-300.9097595665546
34,3406,-300.60894837291215
34,3407,-300.30813717926964
34,3408,-300.0073259856271
34,3409,-299.70651479198466
34,3410,-299.40570359834214
34,3411,-299.1048924046996
34,3412,-298.80408121105717
34,3413,-298.50327001741465
34,3414,-298.20245882377213
34,3415,-297.9016476301297
34,3416,-297.60083643648716
34,3417,-297.30002524284464
34,3418,-296.9992140492022
34,3419,-296.69840285555966
34,3420,-296.39759166191715
34,3421,-296.0967804682747
34,3422,-295.79596927463217
34,3423,-295.49515808098965
34,3424,-295.1943468873472
34,3425,-294.8935356937047
34,3426,-294.59272450006216
34,3427,-294.2919133064197
34,3428,-293.9911021127772
34,3429,-293.69029091913467
35,3430,-293.3894797254922
35,3431,-293.0886685318497
35,3432,-292.7878573382072
35,3433,-292.4870461445647
35,3434,-292.1862349509222
35,3435,-291.8854237572797
35,3436,-291.5846125636372
35,3437,-291.2838013699947
35,3438,-290.9829901763522
35,3439,-290.68217898270973
35,3440,-290.3813677890672
35,3441,-290.0805565954247
35,3442,-289.77974540178224
35,3443,-289.4789342081397
35,3444,-289.1781230144972
35,3445,-288.87731182085474
35,3446,-288.5765006272122
35,3447,-288.2756894335697
35,3448,-287.97487823992725
35,3449,-287.67406704628473
35,3450,-287.3732558526422
35,3451,-287.07244465899976
35,3452,-286.77163346535724
35,3453,-286.4708222717147
35,3454,-286.17001107807226
35,3455,-285.86919988442975
35,3456,-285.56838869078723
35,3457,-285.26757749714477
35,3458,-284.96676630350225
35,3459,-284.66595510985974
35,3460,-284.3651439162173
35,3461,-284.06433272257476
35,3462,-283.76352152893224
35,3463,-283.4627103352898
35,3464,-283.16189914164727
35,3465,-282.86108794800475
35,3466,-282.5602767543623
35,3467,-282.2594655607198
35,3468,-281.95865436707726
35,3469,-281.6578431734348
35,3470,-281.3570319797923
35,3471,-281.05622078614977
35,3472,-280.7554095925073
35,3473,-280.4545983988648
35,3474,-280.1537872052223
35,3475,-279.8529760115798
35,3476,-279.5521648179373
35,3477,-279.2513536242948
35,3478,-278.9505424306523
35,3479,-278.6497312370098
35,3480,-278.3489200433673
35,3481,-277.9795992864197
35,3482,-277.61027852947217
35,3483,-277.2409577725246
35,3484,-276.87163701557705
35,3485,-276.5023162586295
35,3486,-276.13299550168193
35,3487,-275.7636747447344
35,3488,-275.3943539877868
35,3489,-275.02503323083926
35,3490,-274.6557124738917
35,3491,-274.28639171694414
35,3492,-273.9170709599965
35,3493,-273.54775020304896
35,3494,-273.1784294461014
35,3495,-272.80910868915385
35,3496,-272.4397879322063
35,3497,-272.0704671752587
35,3498,-271.70114641831117
35,3499,-271.3318256613636
35,3500,-270.96250490441605
35,3501,-270.5931841474685
35,3502,-270.22386339052093
35,3503,-269.8545426335734
35,3504,-269.4852218766258
35,3505,-269.1159011196782
35,3506,-268.74658036273064
35,3507,-268.3772596057831
35,3508,-268.0079388488355
35,3509,-267.63861809188796
35,3510,-267.2692973349404
35,3511,-266.89997657799285
35,3512,-266.5306558210453
35,3513,-266.1613350640977
35,3514,-265.79201430715017
35,3515,-265.4226935502026
35,3516,-265.05337279325505
35,3517,-264.68405203630743
35,3518,-264.3147312793599
35,3519,-263.9454105224123
35,3520,-263.57608976546476
35,3521,-263.2067690085172
35,3522,-262.83744825156964
35,3523,-262.4681274946221
35,3524,-262.09880673767447
35,3525,-261.7294859807269
35,3526,-261.3601652237793
35,3527,-260.99084446683173
35,3528,-260.6215237098841
35,3529,-260.2522029529365
35,3530,-259.88288219598894
36,3531,-259.5135614390413
36,3532,-259.14424068209377
36,3533,-258.77491992514615
36,3534,-258.40559916819853
36,3535,-258.036278411251
36,3536,-257.66695765430336
36,3537,-257.2976368973558
36,3538,-256.9283161404082
36,3539,-256.5589953834606
36,3540,-256.189674626513
36,3541,-255.82035386956542
36,3542,-255.4510331126178
36,3543,-255.08171235567022
36,3544,-254.71239159872263
36,3545,-254.34307084177505
36,3546,-253.97375008482746
36,3547,-253.60442932787987
36,3548,-253.23510857093225
36,3549,-252.86578781398467
36,3550,-252.49646705703708
36,3551,-252.1271463000895
36,3552,-251.7578255431419
36,3553,-251.3885047861943
36,3554,-251.0191840292467
36,3555,-250.64986327229911
36,3556,-250.28054251535153
36,3557,-249.91122175840394
36,3558,-249.54190100145635
36,3559,-249.17258024450874
36,3560,-248.80325948756115
36,3561,-248.43393873061356
36,3562,-248.06461797366597
36,3563,-247.6952972167184
36,3564,-247.32597645977077
36,3565,-246.95665570282318
36,3566,-246.5873349458756
36,3567,-246.218014188928
36,3568,-245.84869343198042
36,3569,-245.47937267503283
36,3570,-245.11005191808522
36,3571,-244.74073116113763
36,3572,-244.37141040419004
36,3573,-244.00208964724246
36,3574,-243.63276889029487
36,3575,-243.26344813334725
36,3576,-242.89412737639967
36,3577,-242.52480661945208
36,3578,-242.1554858625045
36,3579,-241.7861651055569
36,3580,-241.4168443486093
36,3581,-241.0475235916617
36,3582,-240.61111070855262
36,3583,-240.17469782544353
36,3584,-239.73828494233442
36,3585,-239.30187205922533
36,3586,-238.86545917611625
36,3587,-238.42904629300716
36,3588,-237.99263340989805
36,3589,-237.55622052678896
36,3590,-237.11980764367988
36,3591,-236.6833947605708
36,3592,-236.24698187746168
36,3593,-235.8105689943526
36,3594,-235.3741561112435
36,3595,-234.9377432281344
36,3596,-234.5013303450253
36,3597,-234.06491746191622
36,3598,-233.62850457880714
36,3599,-233.19209169569802
36,3600,-232.75567881258894
36,3601,-232.31926592947985
36,3602,-231.88285304637077
36,3603,-231.44644016326166
36,3604,-231.01002728015257
36,3605,-230.57361439704349
36,3606,-230.13720151393437
36,3607,-229.7007886308253
36,3608,-229.2643757477162
36,3609,-228.82796286460712
36,3610,-228.391549981498
36,3611,-227.95513709838892
36,3612,-227.51872421527983
36,3613,-227.08231133217075
36,3614,-226.64589844906163
36,3615,-226.20948556595255
36,3616,-225.77307268284346
36,3617,-225.33665979973438
36,3618,-224.90024691662526
36,3619,-224.46383403351618
36,3620,-224.0274211504071
36,3621,-223.59100826729798
36,3622,-223.1545953841889
36,3623,-222.7181825010798
36,3624,-222.28176961797072
36,3625,-221.8453567348616
36,3626,-221.40894385175253
36,3627,-220.97253096864344
36,3628,-220.53611808553435
36,3629,-220.09970520242524
36,3630,-219.66329231931616
36,3631,-219.22687943620707
37,3632,-218.79046655309796
37,3633,-218.35405366998887
37,3634,-217.9176407868798
37,3635,-217.4812279037707
37,3636,-217.0448150206616
37,3637,-216.6084021375525
37,3638,-216.17198925444342
37,3639,-215.73557637133433
37,3640,-215.29916348822522
37,3641,-214.86275060511613
37,3642,-214.42633772200705
37,3643,-213.98992483889793
37,3644,-213.55351195578885
37,3645,-213.11709907267976
37,3646,-212.68068618957068
37,3647,-212.24427330646157
37,3648,-211.80786042335248
37,3649,-211.3714475402434
37,3650,-210.9350346571343
37,3651,-210.4986217740252
37,3652,-210.0622088909161
37,3653,-209.62579600780703
37,3654,-209.1893831246979
37,3655,-208.75297024158883
37,3656,-208.31655735847974
37,3657,-207.88014447537066
37,3658,-207.44373159226154
37,3659,-207.00731870915246
37,3660,-206.57090582604337
37,3661,-206.1344929429343
37,3662,-205.69808005982517
37,3663,-205.2616671767161
37,3664,-204.825254293607
37,3665,-204.3888414104979
37,3666,-203.9524285273888
37,3667,-203.51601564427972
37,3668,-203.07960276117063
37,3669,-202.64318987806152
37,3670,-202.20677699495243
37,3671,-201.77036411184335
37,3672,-201.33395122873426
37,3673,-200.89753834562515
37,3674,-200.46112546251607
37,3675,-200.02471257940698
37,3676,-199.58829969629787
37,3677,-199.15188681318878
37,3678,-198.7154739300797
37,3679,-198.2790610469706
37,3680,-197.8426481638615
37,3681,-197.4062352807524
37,3682,-196.96982239764333
37,3683,-196.4679752284971
37,3684,-195.96612805935086
37,3685,-195.46428089020463
37,3686,-194.9624337210584
37,3687,-194.46058655191217
37,3688,-193.9587393827659
37,3689,-193.45689221361968
37,3690,-192.95504504447345
37,3691,-192.45319787532722
37,3692,-191.951350706181
37,3693,-191.44950353703476
37,3694,-190.94765636788853
37,3695,-190.4458091987423
37,3696,-189.94396202959607
37,3697,-189.44211486044983
37,3698,-188.9402676913036
37,3699,-188.43842052215737
37,3700,-187.93657335301114
37,3701,-187.4347261838649
37,3702,-186.93287901471868
37,3703,-186.43103184557242
37,3704,-185.9291846764262
37,3705,-185.42733750727996
37,3706,-184.92549033813373
37,3707,-184.4236431689875
37,3708,-183.92179599984127
37,3709,-183.41994883069503
37,3710,-182.9181016615488
37,3711,-182.41625449240257
37,3712,-181.91440732325634
37,3713,-181.4125601541101
37,3714,-180.91071298496388
37,3715,-180.40886581581765
37,3716,-179.90701864667142
37,3717,-179.4051714775252
37,3718,-178.90332430837896
37,3719,-178.4014771392327
37,3720,-177.89962997008647
37,3721,-177.39778280094023
37,3722,-176.895935631794
37,3723,-176.39408846264777
37,3724,-175.89224129350154
37,3725,-175.3903941243553
37,3726,-174.88854695520908
37,3727,-174.38669978606285
37,3728,-173.88485261691662
37,3729,-173.3830054477704
37,3730,-172.88115827862416
37,3731,-172.37931110947792
37,3732,-171.8774639403317
38,3733,-171.37561677118546
38,3734,-170.8737696020392
38,3735,-170.37192243289297
38,3736,-169.87007526374674
38,3737,-169.3682280946005
38,3738,-168.86638092545428
38,3739,-168.36453375630805
38,3740,-167.86268658716182
38,3741,-167.3608394180156
38,3742,-166.85899224886936
38,3743,-166.35714507972313
38,3744,-165.8552979105769
38,3745,-165.35345074143066
38,3746,-164.85160357228443
38,3747,-164.3497564031382
38,3748,-163.84790923399197
38,3749,-163.34606206484574
38,3750,-162.84421489569948
38,3751,-162.34236772655325
38,3752,-161.84052055740702
38,3753,-161.3386733882608
38,3754,-160.83682621911456
38,3755,-160.33497904996833
38,3756,-159.8331318808221
38,3757,-159.33128471167586
38,3758,-158.82943754252963
38,3759,-158.3275903733834
38,3760,-157.82574320423717
38,3761,-157.32389603509094
38,3762,-156.8220488659447
38,3763,-156.32020169679848
38,3764,-155.81835452765225
38,3765,-155.31650735850602
38,3766,-154.81466018935976
38,3767,-154.31281302021353
38,3768,-153.8109658510673
38,3769,-153.30911868192106
38,3770,-152.80727151277483
38,3771,-152.3054243436286
38,3772,-151.80357717448237
38,3773,-151.30173000533614
38,3774,-150.7998828361899
38,3775,-150.29803566704368
38,3776,-149.79618849789745
38,3777,-149.29434132875122
38,3778,-148.79249415960498
38,3779,-148.29064699045875
38,3780,-147.78879982131252
38,3781,-147.28695265216626
38,3782,-146.78510548302003
38,3783,-146.2832583138738
38,3784,-145.717878111269
38,3785,-145.15249790866415
38,3786,-144.5871177060593
38,3787,-144.02173750345446
38,3788,-143.45635730084962
38,3789,-142.8909770982448
38,3790,-142.32559689563996
38,3791,-141.76021669303512
38,3792,-141.19483649043028
38,3793,-140.62945628782546
38,3794,-140.06407608522062
38,3795,-139.49869588261578
38,3796,-138.93331568001094
38,3797,-138.3679354774061
38,3798,-137.80255527480128
38,3799,-137.23717507219644
38,3800,-136.6717948695916
38,3801,-136.10641466698675
38,3802,-135.54103446438194
38,3803,-134.9756542617771
38,3804,-134.41027405917225
38,3805,-133.8448938565674
38,3806,-133.2795136539626
38,3807,-132.71413345135775
38,3808,-132.1487532487529
38,3809,-131.58337304614807
38,3810,-131.01799284354323
38,3811,-130.45261264093838
38,3812,-129.8872324383335
38,3813,-129.32185223572867
38,3814,-128.75647203312383
38,3815,-128.19109183051896
38,3816,-127.62571162791411
38,3817,-127.06033142530927
38,3818,-126.49495122270442
38,3819,-125.92957102009957
38,3820,-125.36419081749472
38,3821,-124.79881061488986
38,3822,-124.23343041228502
38,3823,-123.66805020968016
38,3824,-123.10267000707532
38,3825,-122.53728980447046
38,3826,-121.97190960186562
38,3827,-121.40652939926076
38,3828,-120.8411491966559
38,3829,-120.27576899405106
38,3830,-119.7103887914462
38,3831,-119.14500858884136
38,3832,-118.57962838623651
38,3833,-118.01424818363166
39,3834,-117.44886798102681
39,3835,-116.88348777842195
39,3836,-116.31810757581711
39,3837,-115.75272737321225
39,3838,-115.18734717060741
39,3839,-114.62196696800255
39,3840,-114.05658676539771
39,3841,-113.49120656279285
39,3842,-112.925826360188
39,3843,-112.36044615758316
39,3844,-111.7950659549783
39,3845,-111.22968575237346
39,3846,-110.6643055497686
39,3847,-110.09892534716374
39,3848,-109.5335451445589
39,3849,-108.96816494195404
39,3850,-108.4027847393492
39,3851,-107.83740453674434
39,3852,-107.2720243341395
39,3853,-106.70664413153465
39,3854,-106.14126392892979
39,3855,-105.57588372632495
39,3856,-105.01050352372009
39,3857,-104.44512332111525
39,3858,-103.87974311851039
39,3859,-103.31436291590555
39,3860,-102.74898271330069
39,3861,-102.18360251069583
39,3862,-101.61822230809099
39,3863,-101.05284210548614
39,3864,-100.4874619028813
39,3865,-99.92208170027644
39,3866,-99.3567014976716
39,3867,-98.79132129506674
39,3868,-98.22594109246188
39,3869,-97.66056088985704
39,3870,-97.09518068725218
39,3871,-96.52980048464734
39,3872,-95.96442028204248
39,3873,-95.39904007943764
39,3874,-94.83365987683278
39,3875,-94.26827967422793
39,3876,-93.70289947162308
39,3877,-93.13751926901823
39,3878,-92.57213906641338
39,3879,-92.00675886380853
39,3880,-91.44137866120367
39,3881,-90.87599845859883
39,3882,-90.31061825599397
39,3883,-89.74523805338913
39,3884,-89.17985785078427
39,3885,-88.55309165376839
39,3886,-87.92632545675251
39,3887,-87.29955925973664
39,3888,-86.67279306272076
39,3889,-86.04602686570487
39,3890,-85.41926066868899
39,3891,-84.79249447167311
39,3892,-84.16572827465723
39,3893,-83.53896207764134
39,3894,-82.91219588062548
39,3895,-82.28542968360959
39,3896,-81.65866348659371
39,3897,-81.03189728957783
39,3898,-80.40513109256194
39,3899,-79.77836489554606
39,3900,-79.15159869853018
39,3901,-78.52483250151431
39,3902,-77.89806630449843
39,3903,-77.27130010748255
39,3904,-76.64453391046666
39,3905,-76.01776771345078
39,3906,-75.3910015164349
39,3907,-74.76423531941902
39,3908,-74.13746912240315
39,3909,-73.51070292538726
39,3910,-72.88393672837138
39,3911,-72.2571705313555
39,3912,-71.63040433433962
39,3913,-71.00363813732373
39,3914,-70.37687194030785
39,3915,-69.75010574329198
39,3916,-69.1233395462761
39,3917,-68.49657334926022
39,3918,-67.86980715224433
39,3919,-67.24304095522845
39,3920,-66.61627475821257
39,3921,-65.98950856119669
39,3922,-65.36274236418082
39,3923,-64.73597616716494
39,3924,-64.10920997014905
39,3925,-63.48244377313317
39,3926,-62.85567757611729
39,3927,-62.22891137910141
39,3928,-61.60214518208553
39,3929,-60.975378985069646
39,3930,-60.34861278805377
39,3931,-59.72184659103789
39,3932,-59.095080394022006
39,3933,-58.46831419700612
39,3934,-57.84154799999025
40,3935,-57.214781802974365
40,3936,-56.58801560595848
40,3937,-55.96124940894261
40,3938,-55.334483211926724
40,3939,-54.70771701491084
40,3940,-54.08095081789496
40,3941,-53.45418462087908
40,3942,-52.8274184238632
40,3943,-52.20065222684732
40,3944,-51.57388602983144
40,3945,-50.94711983281556
40,3946,-50.32035363579968
40,3947,-49.693587438783794
40,3948,-49.06682124176792
40,3949,-48.440055044752036
40,3950,-47.81328884773615
40,3951,-47.18652265072028
40,3952,-46.559756453704395
40,3953,-45.93299025668851
40,3954,-45.30622405967263
40,3955,-44.679457862656754
40,3956,-44.05269166564087
40,3957,-43.42592546862499
40,3958,-42.79915927160911
40,3959,-42.17239307459323
40,3960,-41.54562687757735
40,3961,-40.91886068056147
40,3962,-40.29209448354559
40,3963,-39.66532828652971
40,3964,-39.038562089513825
40,3965,-38.41179589249795
40,3966,-37.785029695482066
40,3967,-37.158263498466184
40,3968,-36.53149730145031
40,3969,-35.904731104434426
40,3970,-35.27796490741854
40,3971,-34.65119871040266
40,3972,-34.024432513386785
40,3973,-33.3976663163709
40,3974,-32.77090011935502
40,3975,-32.14413392233914
40,3976,-31.517367725323254
40,3977,-30.890601528307368
40,3978,-30.263835331291485
40,3979,-29.6370691342756
40,3980,-29.010302937259716
40,3981,-28.38353674024383
40,3982,-27.756770543227947
40,3983,-27.13000434621206
40,3984,-26.50323814919618
40,3985,-25.876471952180296
40,3986,-25.19071215671501
40,3987,-24.504952361249725
40,3988,-23.81919256578444
40,3989,-23.133432770319157
40,3990,-22.44767297485387
40,3991,-21.761913179388586
40,3992,-21.0761533839233
40,3993,-20.390393588458018
40,3994,-19.70463379299273
40,3995,-19.018873997527447
40,3996,-18.333114202062163
40,3997,-17.64735440659688
40,3998,-16.961594611131595
40,3999,-16.27583481566631
40,4000,-15.590075020201027
40,4001,-14.904315224735745
40,4002,-14.218555429270461
40,4003,-13.53279563380518
40,4004,-12.847035838339895
40,4005,-12.161276042874613
40,4006,-11.475516247409331
40,4007,-10.789756451944047
40,4008,-10.103996656478765
40,4009,-9.418236861013481
40,4010,-8.7324770655482
40,4011,-8.046717270082915
40,4012,-7.360957474617633
40,4013,-6.67519767915235
40,4014,-5.989437883687067
40,4015,-5.303678088221784
40,4016,-4.617918292756501
40,4017,-3.9321584972912182
40,4018,-3.246398701825935
40,4019,-2.560638906360652
40,4020,-1.8748791108953682
40,4021,-1.189119315430085
40,4022,-0.5033595199648017
40,4023,0.1824002755004817
40,4024,0.8681600709657651
40,4025,1.5539198664310483
40,4026,2.2396796618963317
40,4027,2.925439457361615
40,4028,3.6111992528268986
40,4029,4.296959048292181
40,4030,4.982718843757464
40,4031,5.668478639222747
40,4032,6.35423843468803
40,4033,7.039998230153313
40,4034,7.725758025618596
40,4035,8.411517821083878
41,4036,9.097277616549162
41,4037,9.783037412014444
41,4038,10.468797207479728
41,4039,11.15455700294501
41,4040,11.840316798410292
41,4041,12.526076593875576
41,4042,13.211836389340858
41,4043,13.897596184806142
41,4044,14.583355980271424
41,4045,15.269115775736708
41,4046,15.95487557120199
41,4047,16.640635366667272
41,4048,17.326395162132556
41,4049,18.012154957597843
41,4050,18.697914753063127
41,4051,19.38367454852841
41,4052,20.069434343993695
41,4053,20.755194139458983
41,4054,21.440953934924266
41,4055,22.12671373038955
41,4056,22.812473525854834
41,4057,23.49823332132012
41,4058,24.183993116785405
41,4059,24.86975291225069
41,4060,25.555512707715973
41,4061,26.241272503181257
41,4062,26.927032298646544
41,4063,27.61279209411183
41,4064,28.298551889577112
41,4065,28.984311685042396
41,4066,29.670071480507684
41,4067,30.355831275972967
41,4068,31.04159107143825
41,4069,31.727350866903535
41,4070,32.41311066236882
41,4071,33.0988704578341
41,4072,33.78463025329939
41,4073,34.47039004876467
41,4074,35.15614984422995
41,4075,35.84190963969523
41,4076,36.52766943516051
41,4077,37.21342923062579
41,4078,37.89918902609107
41,4079,38.58494882155635
41,4080,39.27070861702163
41,4081,39.95646841248691
41,4082,40.6422282079522
41,4083,41.32798800341748
41,4084,42.01374779888276
41,4085,42.69950759434804
41,4086,43.38526738981332
41,4087,44.12738844474413
41,4088,44.86950949967494
41,4089,45.611630554605746
41,4090,46.35375160953656
41,4091,47.095872664467365
41,4092,47.83799371939818
41,4093,48.58011477432898
41,4094,49.322235829259796
41,4095,50.0643568841906
41,4096,50.80647793912141
41,4097,51.54859899405222
41,4098,52.290720048983026
41,4099,53.03284110391384
41,4100,53.774962158844644
41,4101,54.51708321377546
41,4102,55.25920426870626
41,4103,56.001325323637076
41,4104,56.74344637856788
41,4105,57.48556743349869
41,4106,58.2276884884295
41,4107,58.969809543360306
41,4108,59.71193059829112
41,4109,60.454051653221924
41,4110,61.19617270815274
41,4111,61.93829376308354
41,4112,62.680414818014356
41,4113,63.42253587294516
41,4114,64.16465692787597
41,4115,64.90677798280677
41,4116,65.64889903773759
41,4117,66.39102009266838
41,4118,67.13314114759919
41,4119,67.87526220253
41,4120,68.6173832574608
41,4121,69.35950431239159
41,4122,70.1016253673224
41,4123,70.8437464222532
41,4124,71.585867477184
41,4125,72.3279885321148
41,4126,73.07010958704561
41,4127,73.81223064197641
41,4128,74.5543516969072
41,4129,75.29647275183801
41,4130,76.03859380676882
41,4131,76.78071486169961
41,4132,77.52283591663041
41,4133,78.26495697156122
41,4134,79.00707802649202
41,4135,79.74919908142282
41,4136,80.49132013635362
42,4137,81.23344119128443
42,4138,81.97556224621522
42,4139,82.71768330114602
42,4140,83.45980435607683
42,4141,84.20192541100764
42,4142,84.94404646593843
42,4143,85.68616752086923
42,4144,86.42828857580004
42,4145,87.17040963073083
42,4146,87.91253068566164
42,4147,88.65465174059244
42,4148,89.39677279552323
42,4149,90.13889385045404
42,4150,89.82251590538485
42,4151,89.50613796031566
42,4152,89.18976001524646
42,4153,88.87338207017726
42,4154,88.55700412510807
42,4155,88.24062618003887
42,4156,87.92424823496968
42,4157,87.60787028990049
42,4158,87.2914923448313
42,4159,86.97511439976209
42,4160,86.6587364546929
42,4161,86.34235850962371
42,4162,86.02598056455452
42,4163,85.70960261948532
42,4164,85.39322467441612
42,4165,85.07684672934693
42,4166,84.76046878427773
42,4167,84.44409083920854
42,4168,84.12771289413935
42,4169,83.81133494907016
42,4170,83.49495700400095
42,4171,83.17857905893176
42,4172,82.86220111386257
42,4173,82.54582316879338
42,4174,82.22944522372418
42,4175,81.91306727865498
42,4176,81.59668933358579
42,4177,81.2803113885166
42,4178,80.9639334434474
42,4179,80.64755549837821
42,4180,80.331177553309
42,4181,80.01479960823981
42,4182,79.69842166317062
42,4183,79.38204371810143
42,4184,79.06566577303224
42,4185,78.74928782796304
42,4186,78.43290988289384
42,4187,78.11653193782465
42,4188,77.85364902916685
42,4189,77.59076612050904
42,4190,77.32788321185123
42,4191,77.06500030319343
42,4192,76.80211739453563
42,4193,76.53923448587783
42,4194,76.27635157722001
42,4195,76.01346866856221
42,4196,75.75058575990441
42,4197,75.48770285124661
42,4198,75.2248199425888
42,4199,74.961937033931
42,4200,74.6990541252732
42,4201,74.43617121661539
42,4202,74.17328830795758
42,4203,73.91040539929978
42,4204,73.64752249064198
42,4205,73.38463958198417
42,4206,73.12175667332636
42,4207,72.85887376466856
42,4208,72.59599085601076
42,4209,72.33310794735296
42,4210,72.07022503869516
42,4211,71.80734213003734
42,4212,71.54445922137954
42,4213,71.28157631272174
42,4214,71.01869340406394
42,4215,70.75581049540612
42,4216,70.49292758674832
42,4217,70.23004467809052
42,4218,69.96716176943272
42,4219,69.7042788607749
42,4220,69.4413959521171
42,4221,69.1785130434593
42,4222,68.9156301348015
42,4223,68.65274722614369
42,4224,68.38986431748589
42,4225,68.12698140882809
42,4226,67.86409850017029
42,4227,67.60121559151247
42,4228,67.33833268285467
42,4229,67.07544977419687
42,4230,66.81256686553907
42,4231,66.54968395688125
42,4232,66.28680104822345
42,4233,66.02391813956565
42,4234,65.76103523090785
42,4235,65.49815232225005
42,4236,65.23526941359225
42,4237,64.97238650493445
43,4238,64.70950359627666
43,4239,64.44662068761886
43,4240,64.18373777896106
43,4241,63.920854870303266
43,4242,63.657971961645465
43,4243,63.39508905298767
43,4244,63.13220614432987
43,4245,62.86932323567208
43,4246,62.606440327014276
43,4247,62.34355741835648
43,4248,62.08067450969868
43,4249,61.81779160104089
43,4250,61.554908692383094
43,4251,61.29202578372529
43,4252,61.0291428750675
43,4253,60.7662599664097
43,4254,60.503377057751905
43,4255,60.240494149094104
43,4256,59.97761124043631
43,4257,59.71472833177851
43,4258,59.451845423120716
43,4259,59.188962514462915
43,4260,58.92607960580512
43,4261,58.66319669714732
43,4262,58.40031378848953
43,4263,58.137430879831726
43,4264,57.87454797117393
43,4265,57.61166506251613
43,4266,57.34878215385834
43,4267,57.085899245200544
43,4268,56.82301633654274
43,4269,56.56013342788495
43,4270,56.29725051922715
43,4271,56.034367610569355
43,4272,55.771484701911554
43,4273,55.50860179325376
43,4274,55.24571888459596
43,4275,54.982835975938166
43,4276,54.719953067280365
43,4277,54.45707015862257
43,4278,54.19418724996477
43,4279,53.931304341306976
43,4280,53.668421432649176
43,4281,53.40553852399138
43,4282,53.14265561533358
43,4283,52.87977270667579
43,4284,52.61688979801799
43,4285,52.35400688936019
43,4286,52.0911239807024
43,4287,51.8282410720446
43,4288,51.61576069822541
43,4289,51.40328032440622
43,4290,51.19079995058703
43,4291,50.97831957676783
43,4292,50.76583920294864
43,4293,50.55335882912945
43,4294,50.34087845531026
43,4295,50.12839808149107
43,4296,49.91591770767188
43,4297,49.70343733385268
43,4298,49.49095696003349
43,4299,49.2784765862143
43,4300,49.06599621239511
43,4301,48.85351583857592
43,4302,48.641035464756726
43,4303,48.428555090937536
43,4304,48.216074717118346
43,4305,48.003594343299156
43,4306,47.791113969479966
43,4307,47.578633595660776
43,4308,47.36615322184158
43,4309,47.15367284802239
43,4310,46.9411924742032
43,4311,46.72871210038401
43,4312,46.51623172656482
43,4313,46.30375135274563
43,4314,46.09127097892643
43,4315,45.87879060510724
43,4316,45.66631023128805
43,4317,45.45382985746886
43,4318,45.24134948364967
43,4319,45.028869109830474
43,4320,44.816388736011284
43,4321,44.603908362192094
43,4322,44.391427988372904
43,4323,44.178947614553714
43,4324,43.966467240734524
43,4325,43.75398686691533
43,4326,43.541506493096136
43,4327,43.329026119276946
43,4328,43.116545745457756
43,4329,42.904065371638566
43,4330,42.691584997819376
43,4331,42.47910462400018
43,4332,42.26662425018099
43,4333,42.0541438763618
43,4334,41.84166350254261
43,4335,41.62918312872342
43,4336,41.41670275490422
43,4337,41.20422238108503
44,4338,40.99174200726584
44,4339,40.77926163344665
44,4340,40.56678125962746
44,4341,40.35430088580827
44,4342,40.141820511989074
44,4343,39.929340138169884
44,4344,39.716859764350694
44,4345,39.504379390531504
44,4346,39.291899016712314
44,4347,39.079418642893124
44,4348,38.86693826907393
44,4349,38.65445789525474
44,4350,38.44197752143555
44,4351,38.22949714761636
44,4352,38.01701677379717
44,4353,37.80453639997797
44,4354,37.59205602615878
44,4355,37.37957565233959
44,4356,37.1670952785204
44,4357,36.95461490470121
44,4358,36.74213453088202
44,4359,36.52965415706282
44,4360,36.31717378324363
44,4361,36.10469340942444
44,4362,35.89221303560525
44,4363,35.67973266178606
44,4364,35.46725228796687
44,4365,35.254771914147675
44,4366,35.042291540328485
44,4367,34.829811166509295
44,4368,34.617330792690105
44,4369,34.404850418870915
44,4370,34.19237004505172
44,4371,33.97988967123253
44,4372,33.76740929741334
44,4373,33.55492892359415
44,4374,33.34244854977496
44,4375,33.12996817595577
44,4376,32.91748780213657
44,4377,32.70500742831739
44,4378,32.4925270544982
44,4379,32.28004668067901
44,4380,32.067566306859824
44,4381,31.855085933040634
44,4382,31.642605559221447
44,4383,31.43012518540226
44,4384,31.21764481158307
44,4385,31.005164437763884
44,4386,30.792684063944698
44,4387,30.580203690125508
44,4388,30.36772331630632
44,4389,30.202334699352917
44,4390,30.03694608239951
44,4391,29.871557465446106
44,4392,29.7061688484927
44,4393,29.540780231539294
44,4394,29.37539161458589
44,4395,29.210002997632483
44,4396,29.04461438067908
44,4397,28.879225763725675
44,4398,28.713837146772267
44,4399,28.548448529818863
44,4400,28.38305991286546
44,4401,28.21767129591205
44,4402,28.052282678958647
44,4403,27.886894062005243
44,4404,27.721505445051836
44,4405,27.556116828098432
44,4406,27.390728211145024
44,4407,27.22533959419162
44,4408,27.059950977238216
44,4409,26.89456236028481
44,4410,26.729173743331405
44,4411,26.563785126378
44,4412,26.398396509424593
44,4413,26.23300789247119
44,4414,26.067619275517785
44,4415,25.902230658564378
44,4416,25.736842041610974
44,4417,25.571453424657566
44,4418,25.406064807704162
44,4419,25.240676190750758
44,4420,25.07528757379735
44,4421,24.909898956843946
44,4422,24.744510339890542
44,4423,24.579121722937135
44,4424,24.41373310598373
44,4425,24.248344489030327
44,4426,24.08295587207692
44,4427,23.917567255123515
44,4428,23.75217863817011
44,4429,23.586790021216704
44,4430,23.4214014042633
44,4431,23.256012787309892
44,4432,23.090624170356488
44,4433,22.925235553403084
44,4434,22.759846936449676
44,4435,22.594458319496272
44,4436,22.42906970254287
44,4437,22.26368108558946
44,4438,22.098292468636057
45,4439,21.932903851682653
45,4440,21.767515234729245
45,4441,21.60212661777584
45,4442,21.436738000822434
45,4443,21.27134938386903
45,4444,21.105960766915626
45,4445,20.940572149962218
45,4446,20.775183533008814
45,4447,20.60979491605541
45,4448,20.444406299102003
45,4449,20.2790176821486
45,4450,20.113629065195195
45,4451,19.948240448241787
45,4452,19.782851831288383
45,4453,19.61746321433498
45,4454,19.45207459738157
45,4455,19.286685980428167
45,4456,19.12129736347476
45,4457,18.955908746521356
45,4458,18.790520129567952
45,4459,18.625131512614544
45,4460,18.45974289566114
45,4461,18.294354278707736
45,4462,18.12896566175433
45,4463,17.963577044800925
45,4464,17.79818842784752
45,4465,17.632799810894113
45,4466,17.46741119394071
45,4467,17.3020225769873
45,4468,17.136633960033897
45,4469,16.971245343080493
45,4470,16.805856726127086
45,4471,16.640468109173682
45,4472,16.475079492220278
45,4473,16.30969087526687
45,4474,16.144302258313466
45,4475,15.97891364136006
45,4476,15.813525024406655
45,4477,15.64813640745325
45,4478,15.482747790499845
45,4479,15.31735917354644
45,4480,15.151970556593035
45,4481,14.98658193963963
45,4482,14.821193322686224
45,4483,14.655804705732818
45,4484,14.490416088779414
45,4485,14.325027471826008
45,4486,14.159638854872602
45,4487,13.994250237919198
45,4488,13.828861620965792
45,4489,13.663473004012387
45,4490,13.541404948214494
45,4491,13.419336892416599
45,4492,13.297268836618706
45,4493,13.175200780820811
45,4494,13.053132725022916
45,4495,12.931064669225023
45,4496,12.808996613427128
45,4497,12.686928557629235
45,4498,12.56486050183134
45,4499,12.442792446033447
45,4500,12.320724390235553
45,4501,12.19865633443766
45,4502,12.076588278639765
45,4503,11.954520222841872
45,4504,11.832452167043977
45,4505,11.710384111246084
45,4506,11.588316055448189
45,4507,11.466247999650296
45,4508,11.344179943852401
45,4509,11.222111888054508
45,4510,11.100043832256613
45,4511,10.977975776458718
45,4512,10.855907720660825
45,4513,10.73383966486293
45,4514,10.611771609065038
45,4515,10.489703553267143
45,4516,10.36763549746925
45,4517,10.245567441671355
45,4518,10.123499385873462
45,4519,10.001431330075567
45,4520,9.879363274277674
45,4521,9.75729521847978
45,4522,9.635227162681886
45,4523,9.513159106883991
45,4524,9.391091051086098
45,4525,9.269022995288204
45,4526,9.14695493949031
45,4527,9.024886883692416
45,4528,8.902818827894523
45,4529,8.780750772096628
45,4530,8.658682716298733
45,4531,8.53661466050084
45,4532,8.414546604702945
45,4533,8.292478548905052
45,4534,8.170410493107157
45,4535,8.048342437309264
45,4536,7.92627438151137
45,4537,7.804206325713476
45,4538,7.682138269915582
45,4539,7.560070214117688
46,4540,7.438002158319794
46,4541,7.3159341025219
46,4542,7.193866046724006
46,4543,7.071797990926112
46,4544,6.949729935128218
46,4545,6.827661879330324
46,4546,6.70559382353243
46,4547,6.583525767734536
46,4548,6.461457711936642
46,4549,6.339389656138748
46,4550,6.2173216003408545
46,4551,6.0952535445429605
46,4552,5.973185488745067
46,4553,5.851117432947173
46,4554,5.729049377149279
46,4555,5.606981321351385
46,4556,5.48491326555349
46,4557,5.362845209755596
46,4558,5.240777153957702
46,4559,5.118709098159808
46,4560,4.996641042361914
46,4561,4.87457298656402
46,4562,4.7525049307661265
46,4563,4.6304368749682325
46,4564,4.508368819170339
46,4565,4.386300763372445
46,4566,4.264232707574551
46,4567,4.142164651776657
46,4568,4.020096595978763
46,4569,3.89802854018087
46,4570,3.775960484382976
46,4571,3.6538924285850825
46,4572,3.531824372787189
46,4573,3.4097563169892955
46,4574,3.287688261191402
46,4575,3.1656202053935085
46,4576,3.043552149595615
46,4577,2.9214840937977216
46,4578,2.799416037999828
46,4579,2.6773479822019346
46,4580,2.555279926404041
46,4581,2.433211870606147
46,4582,2.3111438148082537
46,4583,2.1890757590103602
46,4584,2.0670077032124667
46,4585,1.9449396474145733
46,4586,1.8228715916166798
46,4587,1.7008035358187863
46,4588,1.5787354800208928
46,4589,1.456667424222999
46,4590,1.3345993684251056
46,4591,1.251595980716858
46,4592,1.16859259300861
46,4593,1.0855892053003622
46,4594,1.0025858175921143
46,4595,0.9195824298838665
46,4596,0.8365790421756187
46,4597,0.7535756544673708
46,4598,0.6705722667591231
46,4599,0.5875688790508753
46,4600,0.5045654913426274
46,4601,0.42156210363437957
46,4602,0.33855871592613174
46,4603,0.2555553282178839
46,4604,0.1725519405096361
46,4605,0.08954855280138826
46,4606,0.00654516509314044
46,4607,-0.07645822261510739
46,4608,-0.1594616103233552
46,4609,-0.24246499803160304
46,4610,-0.3254683857398509
46,4611,-0.4084717734480987
46,4612,-0.49147516115634654
46,4613,-0.5744785488645944
46,4614,-0.6574819365728422
46,4615,-0.74048532428109
46,4616,-0.8234887119893378
46,4617,-0.9064920996975857
46,4618,-0.9894954874058335
46,4619,-1.0724988751140814
46,4620,-1.1555022628223293
46,4621,-1.238505650530577
46,4622,-1.3215090382388248
46,4623,-1.4045124259470727
46,4624,-1.4875158136553204
46,4625,-1.5705192013635683
46,4626,-1.6535225890718162
46,4627,-1.736525976780064
46,4628,-1.8195293644883117
46,4629,-1.9025327521965596
46,4630,-1.9855361399048075
46,4631,-2.0685395276130554
46,4632,-2.1515429153213033
46,4633,-2.2345463030295507
46,4634,-2.3175496907377986
46,4635,-2.4005530784460465
46,4636,-2.4835564661542944
46,4637,-2.5665598538625423
46,4638,-2.64956324157079
46,4639,-2.732566629279038
46,4640,-2.815570016987286
47,4641,-2.8985734046955334
47,4642,-2.9815767924037813
47,4643,-3.064580180112029
47,4644,-3.147583567820277
47,4645,-3.230586955528525
47,4646,-3.313590343236773
47,4647,-3.3965937309450207
47,4648,-3.479597118653268
47,4649,-3.562600506361516
47,4650,-3.645603894069764
47,4651,-3.728607281778012
47,4652,-3.8116106694862597
47,4653,-3.8946140571945076
47,4654,-3.9776174449027555
47,4655,-4.060620832611003
47,4656,-4.143624220319251
47,4657,-4.226627608027498
47,4658,-4.309630995735747
47,4659,-4.392634383443994
47,4660,-4.4756377711522415
47,4661,-4.55864115886049
47,4662,-4.641644546568737
47,4663,-4.724647934276986
47,4664,-4.807651321985233
47,4665,-4.890654709693481
47,4666,-4.973658097401729
47,4667,-5.056661485109976
47,4668,-5.139664872818225
47,4669,-5.222668260526472
47,4670,-5.30567164823472
47,4671,-5.388675035942968
47,4672,-5.471678423651216
47,4673,-5.554681811359464
47,4674,-5.637685199067711
47,4675,-5.720688586775959
47,4676,-5.803691974484207
47,4677,-5.886695362192455
47,4678,-5.969698749900703
47,4679,-6.052702137608951
47,4680,-6.135705525317198
47,4681,-6.218708913025446
47,4682,-6.301712300733694
47,4683,-6.384715688441942
47,4684,-6.46771907615019
47,4685,-6.550722463858437
47,4686,-6.633725851566686
47,4687,-6.716729239274933
47,4688,-6.799732626983181
47,4689,-6.882736014691429
47,4690,-6.965739402399676
47,4691,-7.048742790107925
47,4692,-7.097183062236822
47,4693,-7.1456233343657205
47,4694,-7.194063606494618
47,4695,-7.242503878623516
47,4696,-7.290944150752415
47,4697,-7.339384422881312
47,4698,-7.38782469501021
47,4699,-7.436264967139108
47,4700,-7.484705239268006
47,4701,-7.533145511396904
47,4702,-7.581585783525802
47,4703,-7.6300260556547
47,4704,-7.678466327783598
47,4705,-7.726906599912496
47,4706,-7.775346872041394
47,4707,-7.823787144170292
47,4708,-7.872227416299189
47,4709,-7.920667688428088
47,4710,-7.969107960556986
47,4711,-8.017548232685884
47,4712,-8.065988504814781
47,4713,-8.11442877694368
47,4714,-8.162869049072578
47,4715,-8.211309321201476
47,4716,-8.259749593330374
47,4717,-8.308189865459273
47,4718,-8.356630137588173
47,4719,-8.405070409717071
47,4720,-8.45351068184597
47,4721,-8.501950953974868
47,4722,-8.550391226103768
47,4723,-8.598831498232666
47,4724,-8.647271770361565
47,4725,-8.695712042490465
47,4726,-8.744152314619363
47,4727,-8.792592586748261
47,4728,-8.841032858877162
47,4729,-8.88947313100606
47,4730,-8.937913403134958
47,4731,-8.986353675263857
47,4732,-9.034793947392757
47,4733,-9.083234219521655
47,4734,-9.131674491650553
47,4735,-9.180114763779454
47,4736,-9.228555035908352
47,4737,-9.27699530803725
47,4738,-9.32543558016615
47,4739,-9.373875852295049
47,4740,-9.422316124423947
47,4741,-9.470756396552845
48,4742,-9.519196668681746
48,4743,-9.567636940810644
48,4744,-9.616077212939542
48,4745,-9.664517485068442
48,4746,-9.71295775719734
48,4747,-9.761398029326239
48,4748,-9.809838301455137
48,4749,-9.858278573584037
48,4750,-9.906718845712936
48,4751,-9.955159117841834
48,4752,-10.003599389970734
48,4753,-10.052039662099633
48,4754,-10.100479934228531
48,4755,-10.148920206357431
48,4756,-10.19736047848633
48,4757,-10.245800750615228
48,4758,-10.294241022744126
48,4759,-10.342681294873026
48,4760,-10.391121567001925
48,4761,-10.439561839130823
48,4762,-10.488002111259723
48,4763,-10.536442383388621
48,4764,-10.58488265551752
48,4765,-10.63332292764642
48,4766,-10.681763199775318
48,4767,-10.730203471904217
48,4768,-10.778643744033115
48,4769,-10.827084016162015
48,4770,-10.875524288290913
48,4771,-10.923964560419812
48,4772,-10.972404832548712
48,4773,-11.02084510467761
48,4774,-11.069285376806508
48,4775,-11.117725648935407
48,4776,-11.166165921064307
48,4777,-11.214606193193205
48,4778,-11.263046465322104
48,4779,-11.311486737451004
48,4780,-11.359927009579902
48,4781,-11.4083672817088
48,4782,-11.4568075538377
48,4783,-11.505247825966599
48,4784,-11.553688098095497
48,4785,-11.602128370224396
48,4786,-11.650568642353296
48,4787,-11.699008914482194
48,4788,-11.747449186611092
48,4789,-11.795889458739993
48,4790,-11.84432973086889
48,4791,-11.89277000299779
48,4792,-11.94121027512669
48,4793,-11.95979397449934
48,4794,-11.978377673871991
48,4795,-11.996961373244643
48,4796,-12.015545072617295
48,4797,-12.034128771989947
48,4798,-12.052712471362598
48,4799,-12.07129617073525
48,4800,-12.089879870107902
48,4801,-12.108463569480552
48,4802,-12.127047268853204
48,4803,-12.145630968225856
48,4804,-12.164214667598507
48,4805,-12.18279836697116
48,4806,-12.201382066343811
48,4807,-12.219965765716463
48,4808,-12.238549465089115
48,4809,-12.257133164461766
48,4810,-12.275716863834417
48,4811,-12.294300563207068
48,4812,-12.31288426257972
48,4813,-12.331467961952372
48,4814,-12.350051661325024
48,4815,-12.368635360697676
48,4816,-12.387219060070327
48,4817,-12.40580275944298
48,4818,-12.424386458815631
48,4819,-12.442970158188281
48,4820,-12.461553857560933
48,4821,-12.480137556933585
48,4822,-12.498721256306236
48,4823,-12.517304955678888
48,4824,-12.53588865505154
48,4825,-12.554472354424192
48,4826,-12.573056053796844
48,4827,-12.591639753169495
48,4828,-12.610223452542145
48,4829,-12.628807151914797
48,4830,-12.647390851287449
48,4831,-12.665974550660101
48,4832,-12.684558250032753
48,4833,-12.703141949405405
48,4834,-12.721725648778056
48,4835,-12.740309348150708
48,4836,-12.75889304752336
48,4837,-12.77747674689601
48,4838,-12.796060446268662
48,4839,-12.814644145641314
48,4840,-12.833227845013965
48,4841,-12.851811544386617
48,4842,-12.870395243759269
49,4843,-12.88897894313192
49,4844,-12.907562642504573
49,4845,-12.926146341877224
49,4846,-12.944730041249874
49,4847,-12.963313740622526
49,4848,-12.981897439995178
49,4849,-13.00048113936783
49,4850,-13.019064838740482
49,4851,-13.037648538113134
49,4852,-13.056232237485785
49,4853,-13.074815936858437
49,4854,-13.093399636231089
49,4855,-13.111983335603739
49,4856,-13.13056703497639
49,4857,-13.149150734349043
49,4858,-13.167734433721694
49,4859,-13.186318133094346
49,4860,-13.204901832466998
49,4861,-13.22348553183965
49,4862,-13.242069231212302
49,4863,-13.260652930584953
49,4864,-13.279236629957603
49,4865,-13.297820329330255
49,4866,-13.316404028702907
49,4867,-13.334987728075559
49,4868,-13.35357142744821
49,4869,-13.372155126820862
49,4870,-13.390738826193514
49,4871,-13.409322525566166
49,4872,-13.427906224938818
49,4873,-13.446489924311468
49,4874,-13.46507362368412
49,4875,-13.483657323056772
49,4876,-13.502241022429423
49,4877,-13.520824721802075
49,4878,-13.539408421174727
49,4879,-13.557992120547379
49,4880,-13.57657581992003
49,4881,-13.595159519292682
49,4882,-13.613743218665332
49,4883,-13.632326918037984
49,4884,-13.650910617410636
49,4885,-13.669494316783288
49,4886,-13.68807801615594
49,4887,-13.706661715528591
49,4888,-13.725245414901243
49,4889,-13.743829114273895
49,4890,-13.762412813646547
49,4891,-13.780996513019197
49,4892,-13.799580212391849
49,4893,-13.8181639117645
49,4894,-13.812385759540623
49,4895,-13.806607607316744
49,4896,-13.800829455092865
49,4897,-13.795051302868988
49,4898,-13.789273150645109
49,4899,-13.783494998421231
49,4900,-13.777716846197352
49,4901,-13.771938693973475
49,4902,-13.766160541749596
49,4903,-13.760382389525718
49,4904,-13.75460423730184
49,4905,-13.74882608507796
49,4906,-13.743047932854083
49,4907,-13.737269780630204
49,4908,-13.731491628406326
49,4909,-13.725713476182447
49,4910,-13.71993532395857
49,4911,-13.71415717173469
49,4912,-13.708379019510812
49,4913,-13.702600867286934
49,4914,-13.696822715063055
49,4915,-13.691044562839178
49,4916,-13.685266410615299
49,4917,-13.679488258391421
49,4918,-13.673710106167542
49,4919,-13.667931953943663
49,4920,-13.662153801719786
49,4921,-13.656375649495907
49,4922,-13.65059749727203
49,4923,-13.64481934504815
49,4924,-13.639041192824273
49,4925,-13.633263040600394
49,4926,-13.627484888376515
49,4927,-13.621706736152637
49,4928,-13.615928583928758
49,4929,-13.61015043170488
49,4930,-13.604372279481002
49,4931,-13.598594127257124
49,4932,-13.592815975033245
49,4933,-13.587037822809366
49,4934,-13.581259670585489
49,4935,-13.57548151836161
49,4936,-13.569703366137732
49,4937,-13.563925213913853
49,4938,-13.558147061689976
49,4939,-13.552368909466097
49,4940,-13.546590757242218
49,4941,-13.54081260501834
49,4942,-13.535034452794461
49,4943,-13.529256300570584
50,4944,-13.523478148346705
50,4945,-13.517699996122827
50,4946,-13.511921843898948
50,4947,-13.50614369167507
50,4948,-13.500365539451192
50,4949,-13.494587387227313
50,4950,-13.488809235003435
50,4951,-13.483031082779556
50,4952,-13.477252930555679
50,4953,-13.4714747783318
50,4954,-13.465696626107922
50,4955,-13.459918473884043
50,4956,-13.454140321660164
50,4957,-13.448362169436287
50,4958,-13.442584017212408
50,4959,-13.43680586498853
50,4960,-13.431027712764651
50,4961,-13.425249560540774
50,4962,-13.419471408316895
50,4963,-13.413693256093016
50,4964,-13.407915103869138
50,4965,-13.402136951645259
50,4966,-13.396358799421382
50,4967,-13.390580647197503
50,4968,-13.384802494973625
50,4969,-13.379024342749746
50,4970,-13.373246190525867
50,4971,-13.36746803830199
50,4972,-13.36168988607811
50,4973,-13.355911733854233
50,4974,-13.350133581630354
50,4975,-13.344355429406477
50,4976,-13.338577277182598
50,4977,-13.332799124958719
50,4978,-13.327020972734841
50,4979,-13.321242820510962
50,4980,-13.315464668287085
50,4981,-13.309686516063206
50,4982,-13.303908363839328
50,4983,-13.29813021161545
50,4984,-13.292352059391572
50,4985,-13.286573907167693
50,4986,-13.280795754943814
50,4987,-13.275017602719936
50,4988,-13.269239450496057
50,4989,-13.26346129827218
50,4990,-13.2576831460483
50,4991,-13.251904993824423
50,4992,-13.246126841600544
50,4993,-13.240348689376665
50,4994,-13.234570537152788
50,4995,-13.211426992835042
50,4996,-13.188283448517296
50,4997,-13.165139904199552
50,4998,-13.141996359881807
50,4999,-13.118852815564061
50,5000,-13.095709271246317
50,5001,-13.072565726928572
50,5002,-13.049422182610826
50,5003,-13.02627863829308
50,5004,-13.003135093975336
50,5005,-12.97999154965759
50,5006,-12.956848005339845
50,5007,-12.9337044610221
50,5008,-12.910560916704355
50,5009,-12.88741737238661
50,5010,-12.864273828068864
50,5011,-12.84113028375112
50,5012,-12.817986739433374
50,5013,-12.794843195115629
50,5014,-12.771699650797883
50,5015,-12.74855610648014
50,5016,-12.725412562162393
50,5017,-12.702269017844648
50,5018,-12.679125473526904
50,5019,-12.655981929209158
50,5020,-12.632838384891413
50,5021,-12.609694840573667
50,5022,-12.586551296255923
50,5023,-12.563407751938177
50,5024,-12.540264207620432
50,5025,-12.517120663302688
50,5026,-12.493977118984942
50,5027,-12.470833574667196
50,5028,-12.44769003034945
50,5029,-12.424546486031707
50,5030,-12.401402941713961
50,5031,-12.378259397396215
50,5032,-12.35511585307847
50,5033,-12.331972308760726
50,5034,-12.30882876444298
50,5035,-12.285685220125234
50,5036,-12.26254167580749
50,5037,-12.239398131489745
50,5038,-12.216254587172
50,5039,-12.193111042854254
50,5040,-12.16996749853651
50,5041,-12.146823954218764
50,5042,-12.123680409901018
50,5043,-12.100536865583274
50,5044,-12.077393321265529
51,5045,-12.054249776947783
51,5046,-12.031106232630037
51,5047,-12.007962688312293
51,5048,-11.984819143994548
51,5049,-11.961675599676802
51,5050,-11.938532055359058
51,5051,-11.915388511041312
51,5052,-11.892244966723567
51,5053,-11.869101422405821
51,5054,-11.845957878088077
51,5055,-11.822814333770332
51,5056,-11.799670789452586
51,5057,-11.77652724513484
51,5058,-11.753383700817096
51,5059,-11.73024015649935
51,5060,-11.707096612181605
51,5061,-11.683953067863861
51,5062,-11.660809523546115
51,5063,-11.63766597922837
51,5064,-11.614522434910624
51,5065,-11.59137889059288
51,5066,-11.568235346275134
51,5067,-11.545091801957389
51,5068,-11.521948257639645
51,5069,-11.4988047133219
51,5070,-11.475661169004153
51,5071,-11.452517624686408
51,5072,-11.429374080368664
51,5073,-11.406230536050918
51,5074,-11.383086991733173
51,5075,-11.359943447415429
51,5076,-11.336799903097683
51,5077,-11.313656358779937
51,5078,-11.290512814462192
51,5079,-11.267369270144448
51,5080,-11.244225725826702
51,5081,-11.221082181508956
51,5082,-11.19793863719121
51,5083,-11.174795092873467
51,5084,-11.151651548555721
51,5085,-11.128508004237975
51,5086,-11.105364459920231
51,5087,-11.082220915602486
51,5088,-11.05907737128474
51,5089,-11.035933826966994
51,5090,-11.01279028264925
51,5091,-10.989646738331505
51,5092,-10.96650319401376
51,5093,-10.943359649696015
51,5094,-10.92021610537827
51,5095,-10.897072561060524
51,5096,-10.864690314145719
51,5097,-10.832308067230914
51,5098,-10.799925820316108
51,5099,-10.767543573401303
51,5100,-10.735161326486498
51,5101,-10.702779079571691
51,5102,-10.670396832656886
51,5103,-10.63801458574208
51,5104,-10.605632338827276
51,5105,-10.57325009191247
51,5106,-10.540867844997665
51,5107,-10.50848559808286
51,5108,-10.476103351168055
51,5109,-10.44372110425325
51,5110,-10.411338857338444
51,5111,-10.378956610423637
51,5112,-10.346574363508832
51,5113,-10.314192116594027
51,5114,-10.281809869679222
51,5115,-10.249427622764417
51,5116,-10.217045375849612
51,5117,-10.184663128934806
51,5118,-10.152280882020001
51,5119,-10.119898635105196
51,5120,-10.08751638819039
51,5121,-10.055134141275584
51,5122,-10.022751894360779
51,5123,-9.990369647445974
51,5124,-9.957987400531168
51,5125,-9.925605153616363
51,5126,-9.893222906701558
51,5127,-9.860840659786753
51,5128,-9.828458412871948
51,5129,-9.796076165957142
51,5130,-9.763693919042336
51,5131,-9.73131167212753
51,5132,-9.698929425212725
51,5133,-9.66654717829792
51,5134,-9.634164931383115
51,5135,-9.60178268446831
51,5136,-9.569400437553504
51,5137,-9.5370181906387
51,5138,-9.504635943723894
51,5139,-9.472253696809089
51,5140,-9.439871449894282
51,5141,-9.407489202979477
51,5142,-9.375106956064672
51,5143,-9.342724709149866
51,5144,-9.310342462235061
51,5145,-9.277960215320256
52,5146,-9.24557796840545
52,5147,-9.213195721490646
52,5148,-9.18081347457584
52,5149,-9.148431227661034
52,5150,-9.116048980746228
52,5151,-9.083666733831423
52,5152,-9.051284486916618
52,5153,-9.018902240001813
52,5154,-8.986519993087008
52,5155,-8.954137746172202
52,5156,-8.921755499257397
52,5157,-8.889373252342592
52,5158,-8.856991005427787
52,5159,-8.82460875851298
52,5160,-8.792226511598175
52,5161,-8.75984426468337
52,5162,-8.727462017768564
52,5163,-8.69507977085376
52,5164,-8.662697523938954
52,5165,-8.630315277024149
52,5166,-8.597933030109344
52,5167,-8.565550783194539
52,5168,-8.533168536279733
52,5169,-8.500786289364926
52,5170,-8.468404042450121
52,5171,-8.436021795535316
52,5172,-8.40363954862051
52,5173,-8.371257301705706
52,5174,-8.3388750547909
52,5175,-8.306492807876095
52,5176,-8.27411056096129
52,5177,-8.241728314046485
52,5178,-8.209346067131678
52,5179,-8.176963820216873
52,5180,-8.144581573302066
52,5181,-8.11219932638726
52,5182,-8.079817079472454
52,5183,-8.047434832557647
52,5184,-8.015052585642842
52,5185,-7.982670338728035
52,5186,-7.950288091813229
52,5187,-7.9179058448984225
52,5188,-7.8855235979836165
52,5189,-7.8531413510688095
52,5190,-7.820759104154003
52,5191,-7.788376857239197
52,5192,-7.755994610324391
52,5193,-7.723612363409584
52,5194,-7.691230116494778
52,5195,-7.658847869579972
52,5196,-7.625715006748837
52,5197,-7.592582143917701
52,5198,-7.5594492810865646
52,5199,-7.526316418255429
52,5200,-7.493183555424293
52,5201,-7.460050692593158
52,5202,-7.426917829762022
52,5203,-7.393784966930887
52,5204,-7.36065210409975
52,5205,-7.3275192412686145
52,5206,-7.294386378437479
52,5207,-7.261253515606343
52,5208,-7.228120652775208
52,5209,-7.194987789944071
52,5210,-7.161854927112936
52,5211,-7.1287220642818
52,5212,-7.0955892014506645
52,5213,-7.062456338619529
52,5214,-7.029323475788393
52,5215,-6.996190612957257
52,5216,-6.963057750126121
52,5217,-6.929924887294986
52,5218,-6.89679202446385
52,5219,-6.8636591616327145
52,5220,-6.830526298801578
52,5221,-6.797393435970442
52,5222,-6.764260573139307
52,5223,-6.731127710308171
52,5224,-6.697994847477036
52,5225,-6.664861984645899
52,5226,-6.631729121814764
52,5227,-6.598596258983628
52,5228,-6.565463396152492
52,5229,-6.532330533321357
52,5230,-6.499197670490221
52,5231,-6.466064807659085
52,5232,-6.432931944827949
52,5233,-6.399799081996814
52,5234,-6.366666219165678
52,5235,-6.333533356334542
52,5236,-6.300400493503406
52,5237,-6.26726763067227
52,5238,-6.234134767841135
52,5239,-6.201001905009999
52,5240,-6.167869042178864
52,5241,-6.134736179347728
52,5242,-6.1016033165165915
52,5243,-6.068470453685456
52,5244,-6.03533759085432
52,5245,-6.002204728023185
53,5246,-5.969071865192049
53,5247,-5.935939002360913
53,5248,-5.902806139529777
53,5249,-5.8696732766986415
53,5250,-5.836540413867506
53,5251,-5.80340755103637
53,5252,-5.770274688205235
53,5253,-5.737141825374098
53,5254,-5.704008962542963
53,5255,-5.670876099711827
53,5256,-5.6377432368806915
53,5257,-5.604610374049556
53,5258,-5.571477511218419
53,5259,-5.538344648387284
53,5260,-5.505211785556148
53,5261,-5.472078922725013
53,5262,-5.438946059893877
53,5263,-5.4058131970627405
53,5264,-5.372680334231605
53,5265,-5.339547471400469
53,5266,-5.306414608569334
53,5267,-5.273281745738198
53,5268,-5.240148882907063
53,5269,-5.207016020075926
53,5270,-5.1738831572447905
53,5271,-5.140750294413655
53,5272,-5.107617431582519
53,5273,-5.074484568751384
53,5274,-5.041351705920247
53,5275,-5.008218843089112
53,5276,-4.975085980257976
53,5277,-4.9419531174268405
53,5278,-4.908820254595705
53,5279,-4.875687391764569
53,5280,-4.842554528933433
53,5281,-4.809421666102297
53,5282,-4.776288803271162
53,5283,-4.743155940440026
53,5284,-4.7100230776088905
53,5285,-4.676890214777754
53,5286,-4.643757351946618
53,5287,-4.610624489115483
53,5288,-4.577491626284347
53,5289,-4.544358763453212
53,5290,-4.511225900622076
53,5291,-4.47809303779094
53,5292,-4.444960174959804
53,5293,-4.411827312128668
53,5294,-4.378694449297533
53,5295,-4.345561586466397
53,5296,-4.312428723635261
53,5297,-4.286435446133827
53,5298,-4.260442168632393
53,5299,-4.234448891130959
53,5300,-4.208455613629525
53,5301,-4.182462336128091
53,5302,-4.156469058626657
53,5303,-4.130475781125223
53,5304,-4.104482503623789
53,5305,-4.078489226122356
53,5306,-4.052495948620922
53,5307,-4.026502671119489
53,5308,-4.000509393618055
53,5309,-3.974516116116621
53,5310,-3.9485228386151876
53,5311,-3.922529561113754
53,5312,-3.8965362836123205
53,5313,-3.870543006110887
53,5314,-3.8445497286094534
53,5315,-3.81855645110802
53,5316,-3.7925631736065863
53,5317,-3.7665698961051524
53,5318,-3.740576618603719
53,5319,-3.7145833411022853
53,5320,-3.6885900636008517
53,5321,-3.662596786099418
53,5322,-3.6366035085979846
53,5323,-3.610610231096551
53,5324,-3.5846169535951176
53,5325,-3.558623676093684
53,5326,-3.5326303985922505
53,5327,-3.506637121090817
53,5328,-3.4806438435893834
53,5329,-3.45465056608795
53,5330,-3.4286572885865163
53,5331,-3.4026640110850828
53,5332,-3.376670733583649
53,5333,-3.3506774560822157
53,5334,-3.324684178580782
53,5335,-3.298690901079348
53,5336,-3.2726976235779146
53,5337,-3.246704346076481
53,5338,-3.2207110685750475
53,5339,-3.194717791073614
53,5340,-3.1687245135721804
53,5341,-3.142731236070747
53,5342,-3.1167379585693133
53,5343,-3.09074468106788
53,5344,-3.0647514035664463
53,5345,-3.0387581260650127
53,5346,-3.012764848563579
54,5347,-2.9867715710621456
54,5348,-2.960778293560712
54,5349,-2.9347850160592786
54,5350,-2.908791738557845
54,5351,-2.8827984610564115
54,5352,-2.856805183554978
54,5353,-2.830811906053544
54,5354,-2.8048186285521104
54,5355,-2.778825351050677
54,5356,-2.7528320735492433
54,5357,-2.7268387960478098
54,5358,-2.7008455185463762
54,5359,-2.6748522410449427
54,5360,-2.648858963543509
54,5361,-2.6228656860420756
54,5362,-2.596872408540642
54,5363,-2.5708791310392085
54,5364,-2.544885853537775
54,5365,-2.5188925760363414
54,5366,-2.492899298534908
54,5367,-2.4669060210334743
54,5368,-2.440912743532041
54,5369,-2.4149194660306073
54,5370,-2.3889261885291733
54,5371,-2.3629329110277397
54,5372,-2.336939633526306
54,5373,-2.3109463560248726
54,5374,-2.284953078523439
54,5375,-2.2589598010220056
54,5376,-2.232966523520572
54,5377,-2.2069732460191385
54,5378,-2.180979968517705
54,5379,-2.1549866910162714
54,5380,-2.128993413514838
54,5381,-2.1030001360134043
54,5382,-2.0770068585119708
54,5383,-2.051013581010537
54,5384,-2.0250203035091032
54,5385,-1.9990270260076695
54,5386,-1.9730337485062357
54,5387,-1.947040471004802
54,5388,-1.9210471935033682
54,5389,-1.8950539160019344
54,5390,-1.8690606385005006
54,5391,-1.8430673609990667
54,5392,-1.8170740834976329
54,5393,-1.7910808059961991
54,5394,-1.7650875284947654
54,5395,-1.7390942509933316
54,5396,-1.7131009734918978
54,5397,-1.687107695990464
54,5398,-1.6733722674934461
54,5399,-1.6596368389964282
54,5400,-1.6459014104994103
54,5401,-1.6321659820023924
54,5402,-1.6184305535053745
54,5403,-1.6046951250083565
54,5404,-1.5909596965113388
54,5405,-1.577224268014321
54,5406,-1.563488839517303
54,5407,-1.549753411020285
54,5408,-1.5360179825232672
54,5409,-1.5222825540262492
54,5410,-1.5085471255292313
54,5411,-1.4948116970322134
54,5412,-1.4810762685351957
54,5413,-1.4673408400381778
54,5414,-1.4536054115411599
54,5415,-1.439869983044142
54,5416,-1.426134554547124
54,5417,-1.412399126050106
54,5418,-1.3986636975530882
54,5419,-1.3849282690560702
54,5420,-1.3711928405590526
54,5421,-1.3574574120620346
54,5422,-1.3437219835650167
54,5423,-1.3299865550679988
54,5424,-1.3162511265709809
54,5425,-1.302515698073963
54,5426,-1.288780269576945
54,5427,-1.275044841079927
54,5428,-1.2613094125829094
54,5429,-1.2475739840858915
54,5430,-1.2338385555888736
54,5431,-1.2201031270918556
54,5432,-1.2063676985948377
54,5433,-1.1926322700978198
54,5434,-1.1788968416008019
54,5435,-1.165161413103784
54,5436,-1.1514259846067663
54,5437,-1.1376905561097483
54,5438,-1.1239551276127304
54,5439,-1.1102196991157125
54,5440,-1.0964842706186946
54,5441,-1.0827488421216767
54,5442,-1.0690134136246587
54,5443,-1.055277985127641
54,5444,-1.0415425566306231
54,5445,-1.0278071281336052
54,5446,-1.0140716996365873
54,5447,-1.0003362711395694
55,5448,-0.9866008426425514
55,5449,-0.9728654141455336
55,5450,-0.9591299856485157
55,5451,-0.9453945571514978
55,5452,-0.9316591286544799
55,5453,-0.917923700157462
55,5454,-0.9041882716604441
55,5455,-0.8904528431634262
55,5456,-0.8767174146664083
55,5457,-0.8629819861693905
55,5458,-0.8492465576723726
55,5459,-0.8355111291753546
55,5460,-0.8217757006783367
55,5461,-0.8080402721813189
55,5462,-0.794304843684301
55,5463,-0.7805694151872831
55,5464,-0.7668339866902651
55,5465,-0.7530985581932473
55,5466,-0.7393631296962294
55,5467,-0.7256277011992115
55,5468,-0.7118922727021936
55,5469,-0.6981568442051758
55,5470,-0.6844214157081578
55,5471,-0.6706859872111399
55,5472,-0.656950558714122
55,5473,-0.6432151302171042
55,5474,-0.6294797017200863
55,5475,-0.6157442732230684
55,5476,-0.6020088447260504
55,5477,-0.5882734162290326
55,5478,-0.5745379877320147
55,5479,-0.5608025592349968
55,5480,-0.547067130737979
55,5481,-0.533331702240961
55,5482,-0.5195962737439431
55,5483,-0.5058608452469252
55,5484,-0.49212541674990734
55,5485,-0.4783899882528895
55,5486,-0.46465455975587155
55,5487,-0.4509191312588537
55,5488,-0.43718370276183577
55,5489,-0.4234482742648179
55,5490,-0.4097128457678
55,5491,-0.3959774172707821
55,5492,-0.3822419887737642
55,5493,-0.36850656027674633
55,5494,-0.3547711317797284
55,5495,-0.34103570328271055
55,5496,-0.3273002747856926
55,5497,-0.31356484628867476
55,5498,-0.29982941779165684
55,5499,-0.296946863064271
55,5500,-0.2940643083368851
55,5501,-0.29118175360949927
55,5502,-0.28829919888211336
55,5503,-0.2854166441547275
55,5504,-0.28253408942734165
55,5505,-0.2796515346999558
55,5506,-0.27676897997256994
55,5507,-0.2738864252451841
55,5508,-0.2710038705177982
55,5509,-0.2681213157904123
55,5510,-0.26523876106302646
55,5511,-0.2623562063356406
55,5512,-0.25947365160825475
55,5513,-0.25659109688086884
55,5514,-0.25370854215348304
55,5515,-0.2508259874260972
55,5516,-0.24794343269871136
55,5517,-0.2450608779713255
55,5518,-0.24217832324393967
55,5519,-0.23929576851655385
55,5520,-0.236413213789168
55,5521,-0.23353065906178216
55,5522,-0.2306481043343963
55,5523,-0.22776554960701048
55,5524,-0.22488299487962465
55,5525,-0.2220004401522388
55,5526,-0.21911788542485297
55,5527,-0.21623533069746714
55,5528,-0.2133527759700813
55,5529,-0.21047022124269546
55,5530,-0.20758766651530963
55,5531,-0.20470511178792378
55,5532,-0.20182255706053795
55,5533,-0.19894000233315212
55,5534,-0.19605744760576627
55,5535,-0.19317489287838044
55,5536,-0.19029233815099458
55,5537,-0.18740978342360876
55,5538,-0.18452722869622293
55,5539,-0.18164467396883707
55,5540,-0.17876211924145124
55,5541,-0.17587956451406542
55,5542,-0.17299700978667956
55,5543,-0.17011445505929373
55,5544,-0.1672319003319079
55,5545,-0.16434934560452205
55,5546,-0.16146679087713622
55,5547,-0.15858423614975037
55,5548,-0.15570168142236454
56,5549,-0.1528191266949787
56,5550,-0.14993657196759286
56,5551,-0.14705401724020703
56,5552,-0.1441714625128212
56,5553,-0.14128890778543535
56,5554,-0.13840635305804952
56,5555,-0.1355237983306637
56,5556,-0.13264124360327784
56,5557,-0.129758688875892
56,5558,-0.12687613414850615
56,5559,-0.1239935794211203
56,5560,-0.12111102469373446
56,5561,-0.1182284699663486
56,5562,-0.11534591523896275
56,5563,-0.11246336051157689
56,5564,-0.10958080578419105
56,5565,-0.1066982510568052
56,5566,-0.10381569632941934
56,5567,-0.10093314160203348
56,5568,-0.09805058687464764
56,5569,-0.09516803214726179
56,5570,-0.09228547741987593
56,5571,-0.08940292269249007
56,5572,-0.08652036796510423
56,5573,-0.08363781323771838
56,5574,-0.08075525851033252
56,5575,-0.07787270378294667
56,5576,-0.07499014905556083
56,5577,-0.07210759432817497
56,5578,-0.06922503960078912
56,5579,-0.06634248487340326
56,5580,-0.06345993014601742
56,5581,-0.06057737541863156
56,5582,-0.05769482069124571
56,5583,-0.05481226596385986
56,5584,-0.051929711236474003
56,5585,-0.049047156509088155
56,5586,-0.0461646017817023
56,5587,-0.04328204705431645
56,5588,-0.040399492326930596
56,5589,-0.03751693759954475
56,5590,-0.03463438287215889
56,5591,-0.031751828144773044
56,5592,-0.02886927341738719
56,5593,-0.02598671869000134
56,5594,-0.023104163962615488
56,5595,-0.020221609235229636
56,5596,-0.017339054507843784
56,5597,-0.014456499780457934
56,5598,-0.011573945053072084
56,5599,-0.008691390325686233
56,5600,-0.008691387508705779
56,5601,-0.008691384691725323
56,5602,-0.008691381874744868
56,5603,-0.008691379057764414
56,5604,-0.008691376240783958
56,5605,-0.008691373423803503
56,5606,-0.008691370606823047
56,5607,-0.008691367789842593
56,5608,-0.008691364972862138
56,5609,-0.008691362155881682
56,5610,-0.008691359338901227
56,5611,-0.008691356521920773
56,5612,-0.008691353704940317
56,5613,-0.008691350887959862
56,5614,-0.008691348070979406
56,5615,-0.008691345253998952
56,5616,-0.008691342437018497
56,5617,-0.008691339620038041
56,5618,-0.008691336803057587
56,5619,-0.00869133398607713
56,5620,-0.008691331169096676
56,5621,-0.008691328352116221
56,5622,-0.008691325535135765
56,5623,-0.00869132271815531
56,5624,-0.008691319901174856
56,5625,-0.0086913170841944
56,5626,-0.008691314267213946
56,5627,-0.00869131145023349
56,5628,-0.008691308633253035
56,5629,-0.00869130581627258
56,5630,-0.008691302999292124
56,5631,-0.00869130018231167
56,5632,-0.008691297365331214
56,5633,-0.00869129454835076
56,5634,-0.008691291731370305
56,5635,-0.008691288914389849
56,5636,-0.008691286097409394
56,5637,-0.00869128328042894
56,5638,-0.008691280463448484
56,5639,-0.00869127764646803
56,5640,-0.008691274829487573
56,5641,-0.008691272012507118
56,5642,-0.008691269195526664
56,5643,-0.008691266378546208
56,5644,-0.008691263561565753
56,5645,-0.008691260744585299
56,5646,-0.008691257927604843
56,5647,-0.008691255110624388
56,5648,-0.008691252293643932
56,5649,-0.008691249476663478
