Station,Length,Moment
1,0,0.0
1,1,0.0
1,2,0.0
1,3,0.0
1,4,0.0
1,5,0.0
1,6,0.0
1,7,0.0
1,8,0.0
1,9,0.0
1,10,0.0
1,11,0.0
1,12,0.0
1,13,0.0
1,14,0.0
1,15,0.0
1,16,0.0
1,17,0.0
1,18,0.0
1,19,0.0
1,20,0.0
1,21,0.0
1,22,0.0
1,23,0.0
1,24,0.0
1,25,0.0
1,26,0.0
1,27,0.0
1,28,0.0
1,29,0.0
1,30,0.0
1,31,0.0
1,32,0.0
1,33,0.0
1,34,0.0
1,35,0.0
1,36,0.0
1,37,0.0
1,38,0.0
1,39,0.0
1,40,0.0
1,41,0.0
1,42,0.0
1,43,0.0
1,44,0.0
1,45,0.0
1,46,0.0
1,47,0.0
1,48,0.0
1,49,0.0
1,50,0.0
1,51,-0.0028825519104054
1,52,-0.0057651038208108
1,53,-0.0086476557312162
1,54,-0.0115302076416216
1,55,-0.014412759552027001
1,56,-0.017295311462432402
1,57,-0.020177863372837803
1,58,-0.023060415283243204
1,59,-0.025942967193648605
1,60,-0.028825519104054006
1,61,-0.0317080710144594
1,62,-0.034590622924864804
1,63,-0.037473174835270205
1,64,-0.040355726745675606
1,65,-0.04323827865608101
1,66,-0.04612083056648641
1,67,-0.04900338247689181
1,68,-0.05188593438729721
1,69,-0.05476848629770261
1,70,-0.05765103820810801
1,71,-0.06053359011851341
1,72,-0.0634161420289188
1,73,-0.06629869393932421
1,74,-0.06918124584972961
1,75,-0.07206379776013501
1,76,-0.07494634967054041
1,77,-0.07782890158094581
1,78,-0.08071145349135121
1,79,-0.08359400540175661
1,80,-0.08647655731216201
1,81,-0.08935910922256741
1,82,-0.09224166113297282
1,83,-0.09512421304337822
1,84,-0.09800676495378362
1,85,-0.10088931686418902
1,86,-0.10377186877459442
1,87,-0.10665442068499982
1,88,-0.10953697259540522
1,89,-0.11241952450581062
1,90,-0.11530207641621602
1,91,-0.11818462832662142
1,92,-0.12106718023702683
1,93,-0.12394973214743223
1,94,-0.1268322840578376
1,95,-0.12971483596824301
1,96,-0.13259738787864842
1,97,-0.13547993978905382
1,98,-0.13836249169945922
1,99,-0.14124504360986462
1,100,-0.14412759552027002
2,101,-0.14701014743067542
2,102,-0.14989269934108082
2,103,-0.15277525125148622
2,104,-0.15565780316189162
2,105,-0.15854035507229702
2,106,-0.16142290698270242
2,107,-0.16430545889310783
2,108,-0.16718801080351323
2,109,-0.17007056271391863
2,110,-0.17295311462432403
2,111,-0.17583566653472943
2,112,-0.17871821844513483
2,113,-0.18160077035554023
2,114,-0.18448332226594563
2,115,-0.18736587417635103
2,116,-0.19024842608675643
2,117,-0.19313097799716183
2,118,-0.19601352990756724
2,119,-0.19889608181797264
2,120,-0.20177863372837804
2,121,-0.20466118563878344
2,122,-0.20754373754918884
2,123,-0.21042628945959424
2,124,-0.21330884136999964
2,125,-0.21619139328040504
2,126,-0.21907394519081044
2,127,-0.22195649710121584
2,128,-0.22483904901162124
2,129,-0.22772160092202665
2,130,-0.23060415283243205
2,131,-0.23348670474283745
2,132,-0.23636925665324285
2,133,-0.23925180856364825
2,134,-0.24213436047405365
2,135,-0.24501691238445905
2,136,-0.24789946429486445
2,137,-0.25078201620526985
2,138,-0.2536645681156752
2,139,-0.2565471200260806
2,140,-0.259429671936486
2,141,-0.26231222384689135
2,142,-0.2651947757572967
2,143,-0.2680773276677021
2,144,-0.27095987957810747
2,145,-0.27384243148851284
2,146,-0.2767249833989182
2,147,-0.2796075353093236
2,148,-0.28249008721972896
2,149,-0.28537263913013433
2,150,-0.2882551910405397
2,151,-0.2911377429509451
2,152,-0.3060590833358921
2,153,-0.3209804237208391
2,154,-0.33590176410578615
2,155,-0.3508231044907332
2,156,-0.3657444448756802
2,157,-0.3806657852606272
2,158,-0.39558712564557424
2,159,-0.41050846603052127
2,160,-0.4254298064154683
2,161,-0.4403511468004153
2,162,-0.45527248718536234
2,163,-0.47019382757030936
2,164,-0.4851151679552564
2,165,-0.5000365083402034
2,166,-0.5149578487251505
2,167,-0.5298791891100976
2,168,-0.5448005294950446
2,169,-0.5597218698799917
2,170,-0.5746432102649388
2,171,-0.5895645506498859
2,172,-0.604485891034833
2,173,-0.61940723141978
2,174,-0.6343285718047271
2,175,-0.6492499121896742
2,176,-0.6641712525746213
2,177,-0.6790925929595684
2,178,-0.6940139333445154
2,179,-0.7089352737294625
2,180,-0.7238566141144096
2,181,-0.7387779544993567
2,182,-0.7536992948843038
2,183,-0.7686206352692508
2,184,-0.7835419756541979
2,185,-0.798463316039145
2,186,-0.8133846564240921
2,187,-0.8283059968090392
2,188,-0.8432273371939862
2,189,-0.8581486775789333
2,190,-0.8730700179638804
2,191,-0.8879913583488275
2,192,-0.9029126987337746
2,193,-0.9178340391187216
2,194,-0.9327553795036687
2,195,-0.9476767198886158
2,196,-0.9625980602735629
2,197,-0.97751940065851
2,198,-0.992440741043457
2,199,-1.007362081428404
2,200,-1.0222834218133512
2,201,-1.0372047621982983
3,202,-1.0521261025832453
3,203,-1.0670474429681924
3,204,-1.0819687833531395
3,205,-1.0968901237380866
3,206,-1.1118114641230337
3,207,-1.1267328045079807
3,208,-1.1416541448929278
3,209,-1.156575485277875
3,210,-1.171496825662822
3,211,-1.186418166047769
3,212,-1.2013395064327161
3,213,-1.2162608468176632
3,214,-1.2311821872026103
3,215,-1.2461035275875574
3,216,-1.2610248679725045
3,217,-1.2759462083574515
3,218,-1.2908675487423986
3,219,-1.3057888891273457
3,220,-1.3207102295122928
3,221,-1.3356315698972399
3,222,-1.350552910282187
3,223,-1.365474250667134
3,224,-1.380395591052081
3,225,-1.3953169314370282
3,226,-1.4102382718219753
3,227,-1.4251596122069223
3,228,-1.4400809525918694
3,229,-1.4550022929768165
3,230,-1.4699236333617636
3,231,-1.4848449737467107
3,232,-1.4997663141316577
3,233,-1.5146876545166048
3,234,-1.5296089949015519
3,235,-1.544530335286499
3,236,-1.559451675671446
3,237,-1.5743730160563931
3,238,-1.5892943564413402
3,239,-1.6042156968262873
3,240,-1.6191370372112344
3,241,-1.6340583775961814
3,242,-1.6489797179811285
3,243,-1.6639010583660756
3,244,-1.6788223987510227
3,245,-1.6937437391359698
3,246,-1.7086650795209168
3,247,-1.723586419905864
3,248,-1.738507760290811
3,249,-1.753429100675758
3,250,-1.7683504410607052
3,251,-1.7832717814456522
3,252,-1.7981931218305993
3,253,-1.828400353868036
3,254,-1.8586075859054727
3,255,-1.8888148179429094
3,256,-1.919022049980346
3,257,-1.9492292820177828
3,258,-1.9794365140552195
3,259,-2.009643746092656
3,260,-2.039850978130093
3,261,-2.0700582101675296
3,262,-2.1002654422049662
3,263,-2.130472674242403
3,264,-2.1606799062798396
3,265,-2.1908871383172763
3,266,-2.221094370354713
3,267,-2.2513016023921497
3,268,-2.2815088344295864
3,269,-2.311716066467023
3,270,-2.34192329850446
3,271,-2.3721305305418965
3,272,-2.402337762579333
3,273,-2.43254499461677
3,274,-2.4627522266542066
3,275,-2.4929594586916433
3,276,-2.52316669072908
3,277,-2.5533739227665166
3,278,-2.5835811548039533
3,279,-2.61378838684139
3,280,-2.6439956188788267
3,281,-2.6742028509162634
3,282,-2.7044100829537
3,283,-2.734617314991137
3,284,-2.7648245470285735
3,285,-2.79503177906601
3,286,-2.825239011103447
3,287,-2.8554462431408836
3,288,-2.8856534751783203
3,289,-2.915860707215757
3,290,-2.9460679392531937
3,291,-2.9762751712906304
3,292,-3.006482403328067
3,293,-3.0366896353655037
3,294,-3.0668968674029404
3,295,-3.097104099440377
3,296,-3.127311331477814
3,297,-3.1575185635152505
3,298,-3.187725795552687
3,299,-3.217933027590124
3,300,-3.2481402596275606
3,301,-3.2783474916649973
3,302,-3.308554723702434
4,303,-3.3387619557398707
4,304,-3.3689691877773074
4,305,-3.399176419814744
4,306,-3.4293836518521807
4,307,-3.4595908838896174
4,308,-3.489798115927054
4,309,-3.520005347964491
4,310,-3.5502125800019275
4,311,-3.580419812039364
4,312,-3.610627044076801
4,313,-3.6408342761142376
4,314,-3.6710415081516743
4,315,-3.701248740189111
4,316,-3.7314559722265477
4,317,-3.7616632042639844
4,318,-3.791870436301421
4,319,-3.8220776683388578
4,320,-3.8522849003762945
4,321,-3.882492132413731
4,322,-3.912699364451168
4,323,-3.9429065964886045
4,324,-3.9731138285260412
4,325,-4.0033210605634775
4,326,-4.033528292600914
4,327,-4.06373552463835
4,328,-4.093942756675786
4,329,-4.1241499887132225
4,330,-4.154357220750659
4,331,-4.184564452788095
4,332,-4.214771684825531
4,333,-4.2449789168629675
4,334,-4.275186148900404
4,335,-4.30539338093784
4,336,-4.335600612975276
4,337,-4.3658078450127125
4,338,-4.396015077050149
4,339,-4.426222309087585
4,340,-4.456429541125021
4,341,-4.4866367731624575
4,342,-4.516844005199894
4,343,-4.54705123723733
4,344,-4.577258469274766
4,345,-4.6074657013122025
4,346,-4.637672933349639
4,347,-4.667880165387075
4,348,-4.698087397424511
4,349,-4.7282946294619475
4,350,-4.758501861499384
4,351,-4.78870909353682
4,352,-4.818916325574256
4,353,-4.8491235576116924
4,354,-4.890617877760486
4,355,-4.93211219790928
4,356,-4.973606518058074
4,357,-5.015100838206868
4,358,-5.056595158355662
4,359,-5.0980894785044555
4,360,-5.139583798653249
4,361,-5.181078118802043
4,362,-5.222572438950837
4,363,-5.264066759099631
4,364,-5.305561079248425
4,365,-5.3470553993972185
4,366,-5.388549719546012
4,367,-5.430044039694806
4,368,-5.4715383598436
4,369,-5.513032679992394
4,370,-5.554527000141188
4,371,-5.596021320289982
4,372,-5.637515640438775
4,373,-5.679009960587569
4,374,-5.720504280736363
4,375,-5.761998600885157
4,376,-5.803492921033951
4,377,-5.844987241182745
4,378,-5.886481561331538
4,379,-5.927975881480332
4,380,-5.969470201629126
4,381,-6.01096452177792
4,382,-6.052458841926714
4,383,-6.093953162075508
4,384,-6.1354474822243015
4,385,-6.176941802373095
4,386,-6.218436122521889
4,387,-6.259930442670683
4,388,-6.301424762819477
4,389,-6.342919082968271
4,390,-6.3844134031170645
4,391,-6.425907723265858
4,392,-6.467402043414652
4,393,-6.508896363563446
4,394,-6.55039068371224
4,395,-6.591885003861034
4,396,-6.6333793240098275
4,397,-6.674873644158621
4,398,-6.716367964307415
4,399,-6.757862284456209
4,400,-6.799356604605003
4,401,-6.840850924753797
4,402,-6.882345244902591
4,403,-6.923839565051384
5,404,-6.965333885200178
5,405,-7.006828205348972
5,406,-7.048322525497766
5,407,-7.08981684564656
5,408,-7.131311165795354
5,409,-7.1728054859441475
5,410,-7.214299806092941
5,411,-7.255794126241735
5,412,-7.297288446390529
5,413,-7.338782766539323
5,414,-7.380277086688117
5,415,-7.4217714068369105
5,416,-7.463265726985704
5,417,-7.504760047134498
5,418,-7.546254367283292
5,419,-7.587748687432086
5,420,-7.62924300758088
5,421,-7.6707373277296735
5,422,-7.712231647878467
5,423,-7.753725968027261
5,424,-7.795220288176055
5,425,-7.836714608324849
5,426,-7.878208928473643
5,427,-7.919703248622437
5,428,-7.96119756877123
5,429,-8.002691888920024
5,430,-8.044186209068817
5,431,-8.08568052921761
5,432,-8.127174849366403
5,433,-8.168669169515196
5,434,-8.210163489663989
5,435,-8.251657809812782
5,436,-8.293152129961575
5,437,-8.334646450110368
5,438,-8.37614077025916
5,439,-8.417635090407954
5,440,-8.459129410556747
5,441,-8.50062373070554
5,442,-8.542118050854333
5,443,-8.583612371003126
5,444,-8.625106691151919
5,445,-8.666601011300711
5,446,-8.708095331449504
5,447,-8.749589651598297
5,448,-8.79108397174709
5,449,-8.832578291895883
5,450,-8.874072612044676
5,451,-8.91556693219347
5,452,-8.957061252342262
5,453,-8.998555572491055
5,454,-9.040049892639848
5,455,-9.08575300549191
5,456,-9.131456118343971
5,457,-9.177159231196033
5,458,-9.222862344048094
5,459,-9.268565456900156
5,460,-9.314268569752217
5,461,-9.359971682604279
5,462,-9.40567479545634
5,463,-9.451377908308402
5,464,-9.497081021160463
5,465,-9.542784134012525
5,466,-9.588487246864586
5,467,-9.634190359716648
5,468,-9.67989347256871
5,469,-9.72559658542077
5,470,-9.771299698272832
5,471,-9.817002811124894
5,472,-9.862705923976955
5,473,-9.908409036829017
5,474,-9.954112149681078
5,475,-9.99981526253314
5,476,-10.045518375385202
5,477,-10.091221488237263
5,478,-10.136924601089325
5,479,-10.182627713941386
5,480,-10.228330826793448
5,481,-10.27403393964551
5,482,-10.31973705249757
5,483,-10.365440165349632
5,484,-10.411143278201694
5,485,-10.456846391053755
5,486,-10.502549503905817
5,487,-10.548252616757878
5,488,-10.59395572960994
5,489,-10.639658842462001
5,490,-10.685361955314063
5,491,-10.731065068166124
5,492,-10.776768181018186
5,493,-10.822471293870247
5,494,-10.868174406722309
5,495,-10.91387751957437
5,496,-10.959580632426432
5,497,-11.005283745278494
5,498,-11.050986858130555
5,499,-11.096689970982617
5,500,-11.142393083834678
5,501,-11.18809619668674
5,502,-11.233799309538801
5,503,-11.279502422390863
6,504,-11.325205535242924
6,505,-11.370908648094986
6,506,-11.416611760947047
6,507,-11.462314873799109
6,508,-11.50801798665117
6,509,-11.553721099503232
6,510,-11.599424212355293
6,511,-11.645127325207355
6,512,-11.690830438059416
6,513,-11.736533550911478
6,514,-11.78223666376354
6,515,-11.827939776615601
6,516,-11.873642889467662
6,517,-11.919346002319724
6,518,-11.965049115171785
6,519,-12.010752228023847
6,520,-12.056455340875909
6,521,-12.10215845372797
6,522,-12.147861566580032
6,523,-12.193564679432093
6,524,-12.239267792284155
6,525,-12.284970905136216
6,526,-12.330674017988278
6,527,-12.37637713084034
6,528,-12.4220802436924
6,529,-12.467783356544462
6,530,-12.513486469396524
6,531,-12.559189582248585
6,532,-12.604892695100647
6,533,-12.650595807952708
6,534,-12.69629892080477
6,535,-12.742002033656831
6,536,-12.787705146508893
6,537,-12.833408259360954
6,538,-12.879111372213016
6,539,-12.924814485065077
6,540,-12.970517597917139
6,541,-13.0162207107692
6,542,-13.061923823621262
6,543,-13.107626936473324
6,544,-13.153330049325385
6,545,-13.199033162177447
6,546,-13.244736275029508
6,547,-13.29043938788157
6,548,-13.336142500733631
6,549,-13.381845613585693
6,550,-13.427548726437754
6,551,-13.473251839289816
6,552,-13.518954952141877
6,553,-13.564658064993939
6,554,-13.610361177846
6,555,-13.652382699773403
6,556,-13.694404221700806
6,557,-13.736425743628208
6,558,-13.778447265555611
6,559,-13.820468787483014
6,560,-13.862490309410417
6,561,-13.90451183133782
6,562,-13.946533353265222
6,563,-13.988554875192625
6,564,-14.030576397120027
6,565,-14.07259791904743
6,566,-14.114619440974833
6,567,-14.156640962902236
6,568,-14.198662484829638
6,569,-14.240684006757041
6,570,-14.282705528684444
6,571,-14.324727050611846
6,572,-14.36674857253925
6,573,-14.408770094466652
6,574,-14.450791616394055
6,575,-14.492813138321457
6,576,-14.53483466024886
6,577,-14.576856182176263
6,578,-14.618877704103665
6,579,-14.660899226031068
6,580,-14.702920747958471
6,581,-14.744942269885874
6,582,-14.786963791813276
6,583,-14.828985313740679
6,584,-14.871006835668082
6,585,-14.913028357595485
6,586,-14.955049879522887
6,587,-14.99707140145029
6,588,-15.039092923377693
6,589,-15.081114445305095
6,590,-15.123135967232498
6,591,-15.1651574891599
6,592,-15.207179011087304
6,593,-15.249200533014706
6,594,-15.291222054942109
6,595,-15.333243576869512
6,596,-15.375265098796914
6,597,-15.417286620724317
6,598,-15.45930814265172
6,599,-15.501329664579123
6,600,-15.543351186506525
6,601,-15.585372708433928
6,602,-15.62739423036133
6,603,-15.669415752288733
6,604,-15.711437274216136
7,605,-15.753458796143539
7,606,-15.795480318070942
7,607,-15.837501839998344
7,608,-15.879523361925747
7,609,-15.92154488385315
7,610,-15.963566405780552
7,611,-16.005587927707953
7,612,-16.047609449635356
7,613,-16.08963097156276
7,614,-16.13165249349016
7,615,-16.173674015417564
7,616,-16.215695537344967
7,617,-16.25771705927237
7,618,-16.299738581199772
7,619,-16.341760103127175
7,620,-16.383781625054578
7,621,-16.42580314698198
7,622,-16.467824668909383
7,623,-16.509846190836786
7,624,-16.55186771276419
7,625,-16.59388923469159
7,626,-16.635910756618994
7,627,-16.677932278546397
7,628,-16.7199538004738
7,629,-16.761975322401202
7,630,-16.803996844328605
7,631,-16.846018366256008
7,632,-16.88803988818341
7,633,-16.930061410110813
7,634,-16.972082932038216
7,635,-17.01410445396562
7,636,-17.05612597589302
7,637,-17.098147497820424
7,638,-17.140169019747827
7,639,-17.18219054167523
7,640,-17.224212063602632
7,641,-17.266233585530035
7,642,-17.308255107457438
7,643,-17.35027662938484
7,644,-17.392298151312243
7,645,-17.434319673239646
7,646,-17.47634119516705
7,647,-17.51836271709445
7,648,-17.560384239021854
7,649,-17.602405760949257
7,650,-17.64442728287666
7,651,-17.686448804804062
7,652,-17.728470326731465
7,653,-17.770491848658867
7,654,-17.81251337058627
7,655,-17.854534892513673
7,656,-17.88515433299612
7,657,-17.915773773478566
7,658,-17.946393213961013
7,659,-17.97701265444346
7,660,-18.007632094925906
7,661,-18.038251535408353
7,662,-18.0688709758908
7,663,-18.099490416373246
7,664,-18.130109856855693
7,665,-18.16072929733814
7,666,-18.191348737820586
7,667,-18.221968178303033
7,668,-18.25258761878548
7,669,-18.283207059267927
7,670,-18.313826499750373
7,671,-18.34444594023282
7,672,-18.375065380715267
7,673,-18.405684821197713
7,674,-18.43630426168016
7,675,-18.466923702162607
7,676,-18.497543142645053
7,677,-18.5281625831275
7,678,-18.558782023609947
7,679,-18.589401464092393
7,680,-18.62002090457484
7,681,-18.650640345057287
7,682,-18.681259785539734
7,683,-18.71187922602218
7,684,-18.742498666504627
7,685,-18.773118106987074
7,686,-18.80373754746952
7,687,-18.834356987951967
7,688,-18.864976428434414
7,689,-18.89559586891686
7,690,-18.926215309399307
7,691,-18.956834749881754
7,692,-18.9874541903642
7,693,-19.018073630846647
7,694,-19.048693071329094
7,695,-19.07931251181154
7,696,-19.109931952293987
7,697,-19.140551392776434
7,698,-19.17117083325888
7,699,-19.201790273741327
7,700,-19.232409714223774
7,701,-19.26302915470622
7,702,-19.293648595188667
7,703,-19.324268035671114
7,704,-19.35488747615356
7,705,-19.385506916636007
8,706,-19.416126357118454
8,707,-19.4467457976009
8,708,-19.477365238083348
8,709,-19.507984678565794
8,710,-19.53860411904824
8,711,-19.569223559530688
8,712,-19.599843000013134
8,713,-19.63046244049558
8,714,-19.661081880978028
8,715,-19.691701321460474
8,716,-19.72232076194292
8,717,-19.752940202425368
8,718,-19.783559642907814
8,719,-19.81417908339026
8,720,-19.844798523872708
8,721,-19.875417964355155
8,722,-19.9060374048376
8,723,-19.936656845320048
8,724,-19.967276285802495
8,725,-19.99789572628494
8,726,-20.028515166767388
8,727,-20.059134607249835
8,728,-20.08975404773228
8,729,-20.120373488214728
8,730,-20.150992928697175
8,731,-20.18161236917962
8,732,-20.212231809662068
8,733,-20.242851250144515
8,734,-20.27347069062696
8,735,-20.304090131109408
8,736,-20.334709571591855
8,737,-20.3653290120743
8,738,-20.39594845255675
8,739,-20.426567893039195
8,740,-20.45718733352164
8,741,-20.48780677400409
8,742,-20.518426214486535
8,743,-20.54904565496898
8,744,-20.57966509545143
8,745,-20.610284535933875
8,746,-20.640903976416322
8,747,-20.67152341689877
8,748,-20.702142857381215
8,749,-20.732762297863662
8,750,-20.76338173834611
8,751,-20.794001178828555
8,752,-20.824620619311002
8,753,-20.85524005979345
8,754,-20.885859500275895
8,755,-20.916478940758342
8,756,-20.94709838124079
8,757,-20.959548223402116
8,758,-20.971998065563444
8,759,-20.98444790772477
8,760,-20.9968977498861
8,761,-21.009347592047426
8,762,-21.021797434208754
8,763,-21.03424727637008
8,764,-21.04669711853141
8,765,-21.059146960692736
8,766,-21.071596802854064
8,767,-21.08404664501539
8,768,-21.09649648717672
8,769,-21.108946329338046
8,770,-21.121396171499374
8,771,-21.1338460136607
8,772,-21.14629585582203
8,773,-21.158745697983356
8,774,-21.171195540144684
8,775,-21.18364538230601
8,776,-21.19609522446734
8,777,-21.208545066628666
8,778,-21.220994908789994
8,779,-21.23344475095132
8,780,-21.24589459311265
8,781,-21.258344435273976
8,782,-21.270794277435304
8,783,-21.28324411959663
8,784,-21.29569396175796
8,785,-21.308143803919286
8,786,-21.320593646080614
8,787,-21.33304348824194
8,788,-21.34549333040327
8,789,-21.357943172564596
8,790,-21.370393014725924
8,791,-21.38284285688725
8,792,-21.39529269904858
8,793,-21.407742541209906
8,794,-21.420192383371234
8,795,-21.43264222553256
8,796,-21.44509206769389
8,797,-21.457541909855216
8,798,-21.469991752016544
8,799,-21.48244159417787
8,800,-21.4948914363392
8,801,-21.507341278500526
8,802,-21.519791120661854
8,803,-21.53224096282318
8,804,-21.54469080498451
8,805,-21.557140647145836
8,806,-21.569590489307163
9,807,-21.58204033146849
9,808,-21.59449017362982
9,809,-21.606940015791146
9,810,-21.619389857952473
9,811,-21.6318397001138
9,812,-21.64428954227513
9,813,-21.656739384436456
9,814,-21.669189226597783
9,815,-21.68163906875911
9,816,-21.69408891092044
9,817,-21.706538753081766
9,818,-21.718988595243093
9,819,-21.73143843740442
9,820,-21.74388827956575
9,821,-21.756338121727076
9,822,-21.768787963888403
9,823,-21.78123780604973
9,824,-21.79368764821106
9,825,-21.806137490372386
9,826,-21.818587332533713
9,827,-21.83103717469504
9,828,-21.84348701685637
9,829,-21.855936859017696
9,830,-21.868386701179023
9,831,-21.88083654334035
9,832,-21.89328638550168
9,833,-21.905736227663006
9,834,-21.918186069824333
9,835,-21.93063591198566
9,836,-21.94308575414699
9,837,-21.955535596308316
9,838,-21.967985438469643
9,839,-21.98043528063097
9,840,-21.9928851227923
9,841,-22.005334964953626
9,842,-22.017784807114953
9,843,-22.03023464927628
9,844,-22.04268449143761
9,845,-22.055134333598936
9,846,-22.067584175760263
9,847,-22.08003401792159
9,848,-22.09248386008292
9,849,-22.104933702244246
9,850,-22.117383544405573
9,851,-22.1298333865669
9,852,-22.14228322872823
9,853,-22.154733070889556
9,854,-22.167182913050883
9,855,-22.17963275521221
9,856,-22.19208259737354
9,857,-22.204532439534866
9,858,-22.193383056960652
9,859,-22.18223367438644
9,860,-22.171084291812225
9,861,-22.15993490923801
9,862,-22.148785526663797
9,863,-22.137636144089583
9,864,-22.12648676151537
9,865,-22.115337378941156
9,866,-22.104187996366942
9,867,-22.09303861379273
9,868,-22.081889231218515
9,869,-22.0707398486443
9,870,-22.059590466070087
9,871,-22.048441083495874
9,872,-22.03729170092166
9,873,-22.026142318347446
9,874,-22.014992935773233
9,875,-22.00384355319902
9,876,-21.992694170624805
9,877,-21.98154478805059
9,878,-21.970395405476378
9,879,-21.959246022902164
9,880,-21.94809664032795
9,881,-21.936947257753737
9,882,-21.925797875179523
9,883,-21.91464849260531
9,884,-21.903499110031095
9,885,-21.89234972745688
9,886,-21.881200344882668
9,887,-21.870050962308454
9,888,-21.85890157973424
9,889,-21.847752197160027
9,890,-21.836602814585813
9,891,-21.8254534320116
9,892,-21.814304049437386
9,893,-21.803154666863172
9,894,-21.792005284288958
9,895,-21.780855901714745
9,896,-21.76970651914053
9,897,-21.758557136566317
9,898,-21.747407753992103
9,899,-21.73625837141789
9,900,-21.725108988843676
9,901,-21.713959606269462
9,902,-21.70281022369525
9,903,-21.691660841121035
9,904,-21.68051145854682
9,905,-21.669362075972607
9,906,-21.658212693398394
9,907,-21.64706331082418
10,908,-21.635913928249966
10,909,-21.624764545675752
10,910,-21.61361516310154
10,911,-21.602465780527325
10,912,-21.59131639795311
10,913,-21.580167015378898
10,914,-21.569017632804684
10,915,-21.55786825023047
10,916,-21.546718867656256
10,917,-21.535569485082043
10,918,-21.52442010250783
10,919,-21.513270719933615
10,920,-21.5021213373594
10,921,-21.490971954785188
10,922,-21.479822572210974
10,923,-21.46867318963676
10,924,-21.457523807062547
10,925,-21.446374424488333
10,926,-21.43522504191412
10,927,-21.424075659339906
10,928,-21.412926276765692
10,929,-21.401776894191478
10,930,-21.390627511617264
10,931,-21.37947812904305
10,932,-21.368328746468837
10,933,-21.357179363894623
10,934,-21.34602998132041
10,935,-21.334880598746196
10,936,-21.323731216171982
10,937,-21.31258183359777
10,938,-21.301432451023555
10,939,-21.29028306844934
10,940,-21.279133685875127
10,941,-21.267984303300913
10,942,-21.2568349207267
10,943,-21.245685538152486
10,944,-21.234536155578272
10,945,-21.22338677300406
10,946,-21.212237390429845
10,947,-21.20108800785563
10,948,-21.189938625281417
10,949,-21.178789242707204
10,950,-21.16763986013299
10,951,-21.156490477558776
10,952,-21.145341094984563
10,953,-21.13419171241035
10,954,-21.123042329836135
10,955,-21.11189294726192
10,956,-21.100743564687708
10,957,-21.089594182113494
10,958,-21.07844479953928
10,959,-21.038904647725335
10,960,-20.99936449591139
10,961,-20.959824344097445
10,962,-20.9202841922835
10,963,-20.880744040469555
10,964,-20.84120388865561
10,965,-20.801663736841665
10,966,-20.76212358502772
10,967,-20.722583433213774
10,968,-20.68304328139983
10,969,-20.643503129585884
10,970,-20.60396297777194
10,971,-20.564422825957994
10,972,-20.52488267414405
10,973,-20.485342522330104
10,974,-20.44580237051616
10,975,-20.406262218702214
10,976,-20.36672206688827
10,977,-20.327181915074323
10,978,-20.28764176326038
10,979,-20.248101611446433
10,980,-20.208561459632488
10,981,-20.169021307818543
10,982,-20.129481156004598
10,983,-20.089941004190653
10,984,-20.050400852376708
10,985,-20.010860700562763
10,986,-19.971320548748817
10,987,-19.931780396934872
10,988,-19.892240245120927
10,989,-19.852700093306982
10,990,-19.813159941493037
10,991,-19.773619789679092
10,992,-19.734079637865147
10,993,-19.6945394860512
10,994,-19.654999334237257
10,995,-19.61545918242331
10,996,-19.575919030609366
10,997,-19.53637887879542
10,998,-19.496838726981476
10,999,-19.45729857516753
10,1000,-19.417758423353586
10,1001,-19.37821827153964
10,1002,-19.338678119725696
10,1003,-19.29913796791175
10,1004,-19.259597816097806
10,1005,-19.22005766428386
10,1006,-19.180517512469915
10,1007,-19.14097736065597
10,1008,-19.101437208842025
11,1009,-19.06189705702808
11,1010,-19.022356905214135
11,1011,-18.98281675340019
11,1012,-18.943276601586245
11,1013,-18.9037364497723
11,1014,-18.864196297958355
11,1015,-18.82465614614441
11,1016,-18.785115994330464
11,1017,-18.74557584251652
11,1018,-18.706035690702574
11,1019,-18.66649553888863
11,1020,-18.626955387074684
11,1021,-18.58741523526074
11,1022,-18.547875083446794
11,1023,-18.50833493163285
11,1024,-18.468794779818904
11,1025,-18.42925462800496
11,1026,-18.389714476191013
11,1027,-18.35017432437707
11,1028,-18.310634172563123
11,1029,-18.271094020749178
11,1030,-18.231553868935233
11,1031,-18.192013717121288
11,1032,-18.152473565307343
11,1033,-18.112933413493398
11,1034,-18.073393261679453
11,1035,-18.033853109865507
11,1036,-17.994312958051562
11,1037,-17.954772806237617
11,1038,-17.915232654423672
11,1039,-17.875692502609727
11,1040,-17.836152350795782
11,1041,-17.796612198981837
11,1042,-17.757072047167892
11,1043,-17.717531895353947
11,1044,-17.67799174354
11,1045,-17.638451591726056
11,1046,-17.59891143991211
11,1047,-17.559371288098166
11,1048,-17.51983113628422
11,1049,-17.480290984470276
11,1050,-17.44075083265633
11,1051,-17.401210680842386
11,1052,-17.36167052902844
11,1053,-17.322130377214496
11,1054,-17.28259022540055
11,1055,-17.243050073586605
11,1056,-17.20350992177266
11,1057,-17.163969769958715
11,1058,-17.12442961814477
11,1059,-17.084889466330825
11,1060,-17.012234412714808
11,1061,-16.93957935909879
11,1062,-16.866924305482772
11,1063,-16.794269251866755
11,1064,-16.721614198250737
11,1065,-16.64895914463472
11,1066,-16.576304091018702
11,1067,-16.503649037402685
11,1068,-16.430993983786667
11,1069,-16.35833893017065
11,1070,-16.285683876554632
11,1071,-16.213028822938615
11,1072,-16.140373769322597
11,1073,-16.06771871570658
11,1074,-15.99506366209056
11,1075,-15.92240860847454
11,1076,-15.849753554858522
11,1077,-15.777098501242502
11,1078,-15.704443447626483
11,1079,-15.631788394010464
11,1080,-15.559133340394444
11,1081,-15.486478286778425
11,1082,-15.413823233162406
11,1083,-15.341168179546386
11,1084,-15.268513125930367
11,1085,-15.195858072314348
11,1086,-15.123203018698328
11,1087,-15.050547965082309
11,1088,-14.97789291146629
11,1089,-14.90523785785027
11,1090,-14.832582804234251
11,1091,-14.759927750618232
11,1092,-14.687272697002212
11,1093,-14.614617643386193
11,1094,-14.541962589770174
11,1095,-14.469307536154155
11,1096,-14.396652482538135
11,1097,-14.323997428922116
11,1098,-14.251342375306097
11,1099,-14.178687321690077
11,1100,-14.106032268074058
11,1101,-14.033377214458039
11,1102,-13.96072216084202
11,1103,-13.888067107226
11,1104,-13.81541205360998
11,1105,-13.742756999993961
11,1106,-13.670101946377942
11,1107,-13.597446892761923
11,1108,-13.524791839145903
11,1109,-13.452136785529884
12,1110,-13.379481731913865
12,1111,-13.306826678297845
12,1112,-13.234171624681826
12,1113,-13.161516571065807
12,1114,-13.088861517449788
12,1115,-13.016206463833768
12,1116,-12.943551410217749
12,1117,-12.87089635660173
12,1118,-12.79824130298571
12,1119,-12.725586249369691
12,1120,-12.652931195753672
12,1121,-12.580276142137652
12,1122,-12.507621088521633
12,1123,-12.434966034905614
12,1124,-12.362310981289594
12,1125,-12.289655927673575
12,1126,-12.217000874057556
12,1127,-12.144345820441536
12,1128,-12.071690766825517
12,1129,-11.999035713209498
12,1130,-11.926380659593478
12,1131,-11.85372560597746
12,1132,-11.78107055236144
12,1133,-11.70841549874542
12,1134,-11.635760445129401
12,1135,-11.563105391513382
12,1136,-11.490450337897363
12,1137,-11.417795284281343
12,1138,-11.345140230665324
12,1139,-11.272485177049305
12,1140,-11.199830123433285
12,1141,-11.127175069817266
12,1142,-11.054520016201247
12,1143,-10.981864962585227
12,1144,-10.909209908969208
12,1145,-10.836554855353189
12,1146,-10.76389980173717
12,1147,-10.69124474812115
12,1148,-10.61858969450513
12,1149,-10.545934640889111
12,1150,-10.473279587273092
12,1151,-10.400624533657073
12,1152,-10.327969480041054
12,1153,-10.255314426425034
12,1154,-10.182659372809015
12,1155,-10.110004319192996
12,1156,-10.037349265576976
12,1157,-9.964694211960957
12,1158,-9.892039158344938
12,1159,-9.819384104728918
12,1160,-9.746729051112899
12,1161,-9.636354318462425
12,1162,-9.525979585811951
12,1163,-9.415604853161478
12,1164,-9.305230120511004
12,1165,-9.19485538786053
12,1166,-9.084480655210056
12,1167,-8.974105922559582
12,1168,-8.863731189909108
12,1169,-8.753356457258635
12,1170,-8.64298172460816
12,1171,-8.532606991957687
12,1172,-8.422232259307213
12,1173,-8.31185752665674
12,1174,-8.201482794006266
12,1175,-8.091108061355792
12,1176,-7.980733328705319
12,1177,-7.870358596054846
12,1178,-7.759983863404373
12,1179,-7.6496091307539
12,1180,-7.539234398103427
12,1181,-7.428859665452954
12,1182,-7.318484932802481
12,1183,-7.208110200152008
12,1184,-7.097735467501535
12,1185,-6.9873607348510625
12,1186,-6.8769860022005895
12,1187,-6.766611269550117
12,1188,-6.656236536899644
12,1189,-6.545861804249171
12,1190,-6.435487071598698
12,1191,-6.325112338948225
12,1192,-6.214737606297752
12,1193,-6.104362873647279
12,1194,-5.993988140996806
12,1195,-5.883613408346333
12,1196,-5.77323867569586
12,1197,-5.662863943045387
12,1198,-5.552489210394914
12,1199,-5.4421144777444415
12,1200,-5.3317397450939685
12,1201,-5.221365012443496
12,1202,-5.110990279793023
12,1203,-5.00061554714255
12,1204,-4.890240814492077
12,1205,-4.779866081841604
12,1206,-4.669491349191131
12,1207,-4.559116616540658
12,1208,-4.448741883890185
12,1209,-4.338367151239712
12,1210,-4.227992418589239
13,1211,-4.117617685938766
13,1212,-4.007242953288293
13,1213,-3.8968682206378205
13,1214,-3.7864934879873475
13,1215,-3.6761187553368746
13,1216,-3.5657440226864017
13,1217,-3.4553692900359287
13,1218,-3.344994557385456
13,1219,-3.234619824734983
13,1220,-3.12424509208451
13,1221,-3.013870359434037
13,1222,-2.903495626783564
13,1223,-2.793120894133091
13,1224,-2.6827461614826182
13,1225,-2.5723714288321453
13,1226,-2.4619966961816724
13,1227,-2.3516219635311995
13,1228,-2.2412472308807265
13,1229,-2.1308724982302536
13,1230,-2.0204977655797807
13,1231,-1.9101230329293075
13,1232,-1.7997483002788344
13,1233,-1.6893735676283612
13,1234,-1.578998834977888
13,1235,-1.468624102327415
13,1236,-1.3582493696769418
13,1237,-1.2478746370264686
13,1238,-1.1374999043759955
13,1239,-1.0271251717255223
13,1240,-0.9167504390750492
13,1241,-0.806375706424576
13,1242,-0.6960009737741029
13,1243,-0.5856262411236297
13,1244,-0.47525150847315656
13,1245,-0.3648767758226834
13,1246,-0.25450204317221026
13,1247,-0.1441273105217371
13,1248,-0.033752577871263956
13,1249,0.0766221547792092
13,1250,0.18699688742968235
13,1251,0.2973716200801555
13,1252,0.40774635273062865
13,1253,0.5181210853811018
13,1254,0.628495818031575
13,1255,0.7388705506820481
13,1256,0.8492452833325213
13,1257,0.9596200159829944
13,1258,1.0699947486334676
13,1259,1.1803694812839407
13,1260,1.2907442139344139
13,1261,1.401118946584887
13,1262,1.5534489136089273
13,1263,1.7057788806329677
13,1264,1.858108847657008
13,1265,2.0104388146810486
13,1266,2.162768781705089
13,1267,2.3150987487291292
13,1268,2.4674287157531696
13,1269,2.61975868277721
13,1270,2.7720886498012502
13,1271,2.9244186168252906
13,1272,3.076748583849331
13,1273,3.2290785508733713
13,1274,3.3814085178974116
13,1275,3.533738484921452
13,1276,3.6860684519454923
13,1277,3.8383984189695326
13,1278,3.990728385993573
13,1279,4.143058353017613
13,1280,4.295388320041654
13,1281,4.447718287065694
13,1282,4.600048254089734
13,1283,4.752378221113775
13,1284,4.904708188137815
13,1285,5.057038155161855
13,1286,5.209368122185896
13,1287,5.361698089209936
13,1288,5.514028056233976
13,1289,5.666358023258017
13,1290,5.818687990282057
13,1291,5.971017957306097
13,1292,6.123347924330138
13,1293,6.275677891354178
13,1294,6.428007858378218
13,1295,6.580337825402259
13,1296,6.732667792426299
13,1297,6.884997759450339
13,1298,7.03732772647438
13,1299,7.18965769349842
13,1300,7.34198766052246
13,1301,7.494317627546501
13,1302,7.646647594570541
13,1303,7.798977561594581
13,1304,7.951307528618622
13,1305,8.103637495642662
13,1306,8.255967462666703
13,1307,8.408297429690744
13,1308,8.560627396714786
13,1309,8.712957363738827
13,1310,8.865287330762868
13,1311,9.01761729778691
14,1312,9.16994726481095
14,1313,9.322277231834992
14,1314,9.474607198859033
14,1315,9.626937165883074
14,1316,9.779267132907115
14,1317,9.931597099931157
14,1318,10.083927066955198
14,1319,10.23625703397924
14,1320,10.38858700100328
14,1321,10.540916968027322
14,1322,10.693246935051363
14,1323,10.845576902075404
14,1324,10.997906869099445
14,1325,11.150236836123486
14,1326,11.302566803147528
14,1327,11.454896770171569
14,1328,11.60722673719561
14,1329,11.759556704219651
14,1330,11.911886671243693
14,1331,12.064216638267734
14,1332,12.216546605291775
14,1333,12.368876572315816
14,1334,12.521206539339857
14,1335,12.673536506363899
14,1336,12.82586647338794
14,1337,12.978196440411981
14,1338,13.130526407436022
14,1339,13.282856374460064
14,1340,13.435186341484105
14,1341,13.587516308508146
14,1342,13.739846275532187
14,1343,13.892176242556229
14,1344,14.04450620958027
14,1345,14.196836176604311
14,1346,14.349166143628352
14,1347,14.501496110652393
14,1348,14.653826077676435
14,1349,14.806156044700476
14,1350,14.958486011724517
14,1351,15.110815978748558
14,1352,15.2631459457726
14,1353,15.41547591279664
14,1354,15.567805879820682
14,1355,15.720135846844723
14,1356,15.872465813868764
14,1357,16.024795780892806
14,1358,16.177125747916847
14,1359,16.329455714940888
14,1360,16.48178568196493
14,1361,16.63411564898897
14,1362,16.78644561601301
14,1363,16.984611081559525
14,1364,17.182776547106037
14,1365,17.38094201265255
14,1366,17.579107478199063
14,1367,17.777272943745576
14,1368,17.97543840929209
14,1369,18.1736038748386
14,1370,18.371769340385114
14,1371,18.569934805931627
14,1372,18.76810027147814
14,1373,18.966265737024653
14,1374,19.164431202571166
14,1375,19.36259666811768
14,1376,19.56076213366419
14,1377,19.758927599210704
14,1378,19.957093064757217
14,1379,20.15525853030373
14,1380,20.353423995850243
14,1381,20.551589461396755
14,1382,20.749754926943268
14,1383,20.94792039248978
14,1384,21.146085858036294
14,1385,21.344251323582807
14,1386,21.54241678912932
14,1387,21.740582254675832
14,1388,21.938747720222345
14,1389,22.136913185768858
14,1390,22.33507865131537
14,1391,22.533244116861884
14,1392,22.731409582408396
14,1393,22.92957504795491
14,1394,23.127740513501422
14,1395,23.325905979047935
14,1396,23.524071444594448
14,1397,23.72223691014096
14,1398,23.920402375687473
14,1399,24.118567841233986
14,1400,24.3167333067805
14,1401,24.51489877232701
14,1402,24.713064237873525
14,1403,24.911229703420037
14,1404,25.10939516896655
14,1405,25.307560634513063
14,1406,25.505726100059576
14,1407,25.70389156560609
14,1408,25.9020570311526
14,1409,26.100222496699114
14,1410,26.298387962245627
14,1411,26.49655342779214
15,1412,26.694718893338653
15,1413,26.892884358885166
15,1414,27.09104982443168
15,1415,27.28921528997819
15,1416,27.487380755524704
15,1417,27.685546221071217
15,1418,27.88371168661773
15,1419,28.081877152164243
15,1420,28.280042617710755
15,1421,28.478208083257268
15,1422,28.67637354880378
15,1423,28.874539014350294
15,1424,29.072704479896807
15,1425,29.27086994544332
15,1426,29.469035410989832
15,1427,29.667200876536345
15,1428,29.865366342082858
15,1429,30.06353180762937
15,1430,30.261697273175884
15,1431,30.459862738722396
15,1432,30.65802820426891
15,1433,30.856193669815422
15,1434,31.054359135361935
15,1435,31.252524600908448
15,1436,31.45069006645496
15,1437,31.648855532001473
15,1438,31.847020997547986
15,1439,32.045186463094495
15,1440,32.243351928641005
15,1441,32.441517394187514
15,1442,32.63968285973402
15,1443,32.83784832528053
15,1444,33.03601379082704
15,1445,33.23417925637355
15,1446,33.43234472192006
15,1447,33.63051018746657
15,1448,33.82867565301308
15,1449,34.02684111855959
15,1450,34.2250065841061
15,1451,34.42317204965261
15,1452,34.621337515199116
15,1453,34.819502980745625
15,1454,35.017668446292134
15,1455,35.215833911838644
15,1456,35.41399937738515
15,1457,35.61216484293166
15,1458,35.81033030847817
15,1459,36.00849577402468
15,1460,36.20666123957119
15,1461,36.4048267051177
15,1462,36.60299217066421
15,1463,36.850750131910885
15,1464,37.09850809315756
15,1465,37.34626605440424
15,1466,37.594024015650916
15,1467,37.84178197689759
15,1468,38.08953993814427
15,1469,38.33729789939095
15,1470,38.585055860637624
15,1471,38.8328138218843
15,1472,39.08057178313098
15,1473,39.328329744377655
15,1474,39.57608770562433
15,1475,39.82384566687101
15,1476,40.071603628117686
15,1477,40.31936158936436
15,1478,40.56711955061104
15,1479,40.814877511857716
15,1480,41.06263547310439
15,1481,41.31039343435107
15,1482,41.55815139559775
15,1483,41.805909356844424
15,1484,42.0536673180911
15,1485,42.30142527933778
15,1486,42.549183240584455
15,1487,42.79694120183113
15,1488,43.04469916307781
15,1489,43.292457124324486
15,1490,43.54021508557116
15,1491,43.78797304681784
15,1492,44.035731008064516
15,1493,44.28348896931119
15,1494,44.53124693055787
15,1495,44.77900489180455
15,1496,45.026762853051224
15,1497,45.2745208142979
15,1498,45.52227877554458
15,1499,45.770036736791255
15,1500,45.188849698037934
15,1501,44.607662659284614
15,1502,44.02647562053129
15,1503,43.44528858177797
15,1504,42.86410154302465
15,1505,42.28291450427133
15,1506,41.70172746551801
15,1507,41.12054042676469
15,1508,40.53935338801137
15,1509,39.95816634925805
15,1510,39.37697931050473
15,1511,38.79579227175141
15,1512,38.21460523299809
16,1513,37.63341819424477
16,1514,37.05223115549145
16,1515,36.47104411673813
16,1516,35.88985707798481
16,1517,35.30867003923149
16,1518,34.727483000478166
16,1519,34.146295961724846
16,1520,33.565108922971525
16,1521,32.983921884218205
16,1522,32.402734845464884
16,1523,31.821547806711564
16,1524,31.240360767958244
16,1525,30.659173729204923
16,1526,30.077986690451603
16,1527,29.496799651698282
16,1528,28.91561261294496
16,1529,28.33442557419164
16,1530,27.75323853543832
16,1531,27.172051496685
16,1532,26.59086445793168
16,1533,26.00967741917836
16,1534,25.42849038042504
16,1535,24.84730334167172
16,1536,24.266116302918398
16,1537,23.684929264165078
16,1538,23.103742225411757
16,1539,22.522555186658437
16,1540,21.941368147905116
16,1541,21.360181109151796
16,1542,20.778994070398475
16,1543,20.197807031645155
16,1544,19.616619992891835
16,1545,19.035432954138514
16,1546,18.454245915385194
16,1547,17.873058876631873
16,1548,17.291871837878553
16,1549,16.710684799125232
16,1550,16.129497760371912
16,1551,15.548310721618591
16,1552,14.967123682865271
16,1553,14.38593664411195
16,1554,13.80474960535863
16,1555,13.22356256660531
16,1556,12.64237552785199
16,1557,12.061188489098669
16,1558,11.480001450345348
16,1559,10.898814411592028
16,1560,10.317627372838707
16,1561,9.736440334085387
16,1562,9.155253295332066
16,1563,8.574066256578746
16,1564,8.046087604555467
16,1565,7.518108952532188
16,1566,6.990130300508909
16,1567,6.46215164848563
16,1568,5.934172996462351
16,1569,5.406194344439072
16,1570,4.878215692415793
16,1571,4.350237040392514
16,1572,3.822258388369235
16,1573,3.294279736345956
16,1574,2.766301084322677
16,1575,2.238322432299398
16,1576,1.7103437802761194
16,1577,1.1823651282528407
16,1578,0.6543864762295619
16,1579,0.12640782420628316
16,1580,-0.4015708278169956
16,1581,-0.9295494798402744
16,1582,-1.4575281318635531
16,1583,-1.9855067838868319
16,1584,-2.513485435910111
16,1585,-3.04146408793339
16,1586,-3.569442739956669
16,1587,-4.097421391979948
16,1588,-4.625400044003227
16,1589,-5.153378696026506
16,1590,-5.681357348049785
16,1591,-6.209336000073064
16,1592,-6.737314652096343
16,1593,-7.265293304119622
16,1594,-7.793271956142901
16,1595,-8.32125060816618
16,1596,-8.849229260189459
16,1597,-9.377207912212738
16,1598,-9.905186564236017
16,1599,-10.433165216259296
16,1600,-10.961143868282575
16,1601,-11.489122520305854
16,1602,-12.017101172329133
16,1603,-12.545079824352412
16,1604,-13.07305847637569
16,1605,-13.60103712839897
16,1606,-14.129015780422248
16,1607,-14.656994432445527
16,1608,-15.184973084468806
16,1609,-15.712951736492085
16,1610,-16.240930388515363
16,1611,-16.76890904053864
16,1612,-17.29688769256192
16,1613,-17.8248663445852
17,1614,-18.35284499660848
17,1615,-18.880823648631758
17,1616,-19.408802300655037
17,1617,-19.936780952678316
17,1618,-20.464759604701594
17,1619,-20.992738256724873
17,1620,-21.520716908748152
17,1621,-22.04869556077143
17,1622,-22.57667421279471
17,1623,-23.10465286481799
17,1624,-23.63263151684127
17,1625,-24.160610168864547
17,1626,-24.688588820887826
17,1627,-25.216567472911105
17,1628,-25.744546124934384
17,1629,-26.272524776957663
17,1630,-26.800503428980942
17,1631,-27.32848208100422
17,1632,-27.8564607330275
17,1633,-28.38443938505078
17,1634,-28.912418037074058
17,1635,-29.440396689097337
17,1636,-29.968375341120616
17,1637,-30.496353993143895
17,1638,-31.024332645167174
17,1639,-31.552311297190453
17,1640,-32.08028994921373
17,1641,-32.60826860123701
17,1642,-33.13624725326029
17,1643,-33.664225905283566
17,1644,-34.192204557306844
17,1645,-34.72018320933012
17,1646,-35.2481618613534
17,1647,-35.77614051337668
17,1648,-36.30411916539996
17,1649,-36.83209781742324
17,1650,-37.36007646944652
17,1651,-37.8880551214698
17,1652,-38.416033773493076
17,1653,-38.944012425516355
17,1654,-39.471991077539634
17,1655,-39.99996972956291
17,1656,-40.52794838158619
17,1657,-41.05592703360947
17,1658,-41.58390568563275
17,1659,-42.11188433765603
17,1660,-42.63986298967931
17,1661,-43.16784164170259
17,1662,-43.695820293725866
17,1663,-44.223798945749145
17,1664,-44.751777597772424
17,1665,-45.22309019948423
17,1666,-45.69440280119604
17,1667,-46.16571540290785
17,1668,-46.63702800461966
17,1669,-47.10834060633147
17,1670,-47.579653208043275
17,1671,-48.050965809755084
17,1672,-48.52227841146689
17,1673,-48.9935910131787
17,1674,-49.46490361489051
17,1675,-49.93621621660232
17,1676,-50.40752881831413
17,1677,-50.878841420025935
17,1678,-51.350154021737744
17,1679,-51.82146662344955
17,1680,-52.29277922516136
17,1681,-52.76409182687317
17,1682,-53.23540442858498
17,1683,-53.70671703029679
17,1684,-54.178029632008595
17,1685,-54.649342233720404
17,1686,-55.12065483543221
17,1687,-55.59196743714402
17,1688,-56.06328003885583
17,1689,-56.53459264056764
17,1690,-57.00590524227945
17,1691,-57.477217843991255
17,1692,-57.948530445703064
17,1693,-58.41984304741487
17,1694,-58.89115564912668
17,1695,-59.36246825083849
17,1696,-59.8337808525503
17,1697,-60.305093454262106
17,1698,-60.776406055973915
17,1699,-61.24771865768572
17,1700,-61.71903125939753
17,1701,-62.19034386110934
17,1702,-62.66165646282115
17,1703,-63.13296906453296
17,1704,-63.604281666244766
17,1705,-64.07559426795657
17,1706,-64.54690686966838
17,1707,-65.01821947138018
17,1708,-65.48953207309198
17,1709,-65.96084467480378
17,1710,-66.43215727651558
17,1711,-66.90346987822738
17,1712,-67.37478247993919
17,1713,-67.84609508165099
17,1714,-68.31740768336279
18,1715,-68.78872028507459
18,1716,-69.26003288678639
18,1717,-69.73134548849819
18,1718,-70.20265809021
18,1719,-70.6739706919218
18,1720,-71.1452832936336
18,1721,-71.6165958953454
18,1722,-72.0879084970572
18,1723,-72.559221098769
18,1724,-73.0305337004808
18,1725,-73.5018463021926
18,1726,-73.9731589039044
18,1727,-74.4444715056162
18,1728,-74.91578410732801
18,1729,-75.38709670903981
18,1730,-75.85840931075161
18,1731,-76.32972191246341
18,1732,-76.80103451417521
18,1733,-77.27234711588702
18,1734,-77.74365971759882
18,1735,-78.21497231931062
18,1736,-78.68628492102242
18,1737,-79.15759752273422
18,1738,-79.62891012444602
18,1739,-80.10022272615782
18,1740,-80.57153532786963
18,1741,-81.04284792958143
18,1742,-81.51416053129323
18,1743,-81.98547313300503
18,1744,-82.45678573471683
18,1745,-82.92809833642863
18,1746,-83.39941093814043
18,1747,-83.87072353985224
18,1748,-84.34203614156404
18,1749,-84.81334874327584
18,1750,-85.28466134498764
18,1751,-85.75597394669944
18,1752,-86.22728654841124
18,1753,-86.69859915012304
18,1754,-87.16991175183485
18,1755,-87.64122435354665
18,1756,-88.11253695525845
18,1757,-88.58384955697025
18,1758,-89.05516215868205
18,1759,-89.52647476039385
18,1760,-89.99778736210565
18,1761,-90.46909996381746
18,1762,-90.94041256552926
18,1763,-91.41172516724106
18,1764,-91.88303776895286
18,1765,-92.35435037066466
18,1766,-92.76571288012687
18,1767,-93.17707538958908
18,1768,-93.58843789905129
18,1769,-93.9998004085135
18,1770,-94.4111629179757
18,1771,-94.82252542743791
18,1772,-95.23388793690012
18,1773,-95.64525044636233
18,1774,-96.05661295582453
18,1775,-96.46797546528674
18,1776,-96.87933797474895
18,1777,-97.29070048421116
18,1778,-97.70206299367337
18,1779,-98.11342550313557
18,1780,-98.52478801259778
18,1781,-98.93615052205999
18,1782,-99.3475130315222
18,1783,-99.7588755409844
18,1784,-100.17023805044661
18,1785,-100.58160055990882
18,1786,-100.99296306937103
18,1787,-101.40432557883324
18,1788,-101.81568808829545
18,1789,-102.22705059775765
18,1790,-102.63841310721986
18,1791,-103.04977561668207
18,1792,-103.46113812614428
18,1793,-103.87250063560649
18,1794,-104.2838631450687
18,1795,-104.6952256545309
18,1796,-105.10658816399311
18,1797,-105.51795067345532
18,1798,-105.92931318291753
18,1799,-106.34067569237973
18,1800,-106.75203820184194
18,1801,-107.16340071130415
18,1802,-107.57476322076636
18,1803,-107.98612573022857
18,1804,-108.39748823969077
18,1805,-108.80885074915298
18,1806,-109.22021325861519
18,1807,-109.6315757680774
18,1808,-110.0429382775396
18,1809,-110.45430078700181
18,1810,-110.86566329646402
18,1811,-111.27702580592623
18,1812,-111.68838831538844
18,1813,-112.09975082485064
18,1814,-112.51111333431285
18,1815,-112.92247584377506
19,1816,-113.33383835323727
19,1817,-113.74520086269948
19,1818,-114.15656337216168
19,1819,-114.56792588162389
19,1820,-114.9792883910861
19,1821,-115.39065090054831
19,1822,-115.80201341001052
19,1823,-116.21337591947272
19,1824,-116.62473842893493
19,1825,-117.03610093839714
19,1826,-117.44746344785935
19,1827,-117.85882595732156
19,1828,-118.27018846678376
19,1829,-118.68155097624597
19,1830,-119.09291348570818
19,1831,-119.50427599517039
19,1832,-119.9156385046326
19,1833,-120.3270010140948
19,1834,-120.73836352355701
19,1835,-121.14972603301922
19,1836,-121.56108854248143
19,1837,-121.97245105194364
19,1838,-122.38381356140584
19,1839,-122.79517607086805
19,1840,-123.20653858033026
19,1841,-123.61790108979247
19,1842,-124.02926359925468
19,1843,-124.44062610871688
19,1844,-124.85198861817909
19,1845,-125.2633511276413
19,1846,-125.67471363710351
19,1847,-126.08607614656572
19,1848,-126.49743865602792
19,1849,-126.90880116549013
19,1850,-127.32016367495234
19,1851,-127.73152618441455
19,1852,-128.14288869387676
19,1853,-128.55425120333896
19,1854,-128.96561371280117
19,1855,-129.37697622226338
19,1856,-129.7883387317256
19,1857,-130.1997012411878
19,1858,-130.61106375065
19,1859,-131.0224262601122
19,1860,-131.43378876957442
19,1861,-131.84515127903663
19,1862,-132.25651378849884
19,1863,-132.66787629796104
19,1864,-133.07923880742325
19,1865,-133.49060131688546
19,1866,-133.90196382634767
19,1867,-134.25028076636318
19,1868,-134.59859770637868
19,1869,-134.9469146463942
19,1870,-135.2952315864097
19,1871,-135.6435485264252
19,1872,-135.99186546644071
19,1873,-136.34018240645622
19,1874,-136.68849934647173
19,1875,-137.03681628648724
19,1876,-137.38513322650275
19,1877,-137.73345016651825
19,1878,-138.08176710653376
19,1879,-138.43008404654927
19,1880,-138.77840098656478
19,1881,-139.12671792658028
19,1882,-139.4750348665958
19,1883,-139.8233518066113
19,1884,-140.1716687466268
19,1885,-140.51998568664231
19,1886,-140.86830262665782
19,1887,-141.21661956667333
19,1888,-141.56493650668884
19,1889,-141.91325344670435
19,1890,-142.26157038671985
19,1891,-142.60988732673536
19,1892,-142.95820426675087
19,1893,-143.30652120676638
19,1894,-143.65483814678188
19,1895,-144.0031550867974
19,1896,-144.3514720268129
19,1897,-144.6997889668284
19,1898,-145.04810590684392
19,1899,-145.39642284685942
19,1900,-145.74473978687493
19,1901,-146.09305672689044
19,1902,-146.44137366690595
19,1903,-146.78969060692145
19,1904,-147.13800754693696
19,1905,-147.48632448695247
19,1906,-147.83464142696798
19,1907,-148.18295836698348
19,1908,-148.531275306999
19,1909,-148.8795922470145
19,1910,-149.22790918703
19,1911,-149.57622612704552
19,1912,-149.92454306706102
19,1913,-150.27286000707653
19,1914,-150.62117694709204
19,1915,-150.96949388710755
19,1916,-151.31781082712305
20,1917,-151.66612776713856
20,1918,-152.01444470715407
20,1919,-152.36276164716958
20,1920,-152.71107858718509
20,1921,-153.0593955272006
20,1922,-153.4077124672161
20,1923,-153.7560294072316
20,1924,-154.10434634724712
20,1925,-154.45266328726262
20,1926,-154.80098022727813
20,1927,-155.14929716729364
20,1928,-155.49761410730915
20,1929,-155.84593104732465
20,1930,-156.19424798734016
20,1931,-156.54256492735567
20,1932,-156.89088186737118
20,1933,-157.23919880738669
20,1934,-157.5875157474022
20,1935,-157.9358326874177
20,1936,-158.2841496274332
20,1937,-158.63246656744872
20,1938,-158.98078350746422
20,1939,-159.32910044747973
20,1940,-159.67741738749524
20,1941,-160.02573432751075
20,1942,-160.37405126752626
20,1943,-160.72236820754176
20,1944,-161.07068514755727
20,1945,-161.41900208757278
20,1946,-161.7673190275883
20,1947,-162.1156359676038
20,1948,-162.4639529076193
20,1949,-162.8122698476348
20,1950,-163.16058678765032
20,1951,-163.50890372766582
20,1952,-163.85722066768133
20,1953,-164.20553760769684
20,1954,-164.55385454771235
20,1955,-164.90217148772786
20,1956,-165.25048842774336
20,1957,-165.59880536775887
20,1958,-165.94712230777438
20,1959,-166.2954392477899
20,1960,-166.6437561878054
20,1961,-166.9920731278209
20,1962,-167.3403900678364
20,1963,-167.68870700785192
20,1964,-168.03702394786743
20,1965,-168.38534088788293
20,1966,-168.73365782789844
20,1967,-169.08197476791395
20,1968,-169.3643489705226
20,1969,-169.64672317313125
20,1970,-169.9290973757399
20,1971,-170.21147157834855
20,1972,-170.4938457809572
20,1973,-170.77621998356585
20,1974,-171.0585941861745
20,1975,-171.34096838878315
20,1976,-171.6233425913918
20,1977,-171.90571679400045
20,1978,-172.1880909966091
20,1979,-172.47046519921776
20,1980,-172.7528394018264
20,1981,-173.03521360443506
20,1982,-173.3175878070437
20,1983,-173.59996200965236
20,1984,-173.882336212261
20,1985,-174.16471041486966
20,1986,-174.4470846174783
20,1987,-174.72945882008696
20,1988,-175.0118330226956
20,1989,-175.29420722530426
20,1990,-175.5765814279129
20,1991,-175.85895563052156
20,1992,-176.14132983313021
20,1993,-176.42370403573887
20,1994,-176.70607823834752
20,1995,-176.98845244095617
20,1996,-177.27082664356482
20,1997,-177.55320084617347
20,1998,-177.83557504878212
20,1999,-178.11794925139077
20,2000,-178.40032345399942
20,2001,-178.68269765660807
20,2002,-178.96507185921672
20,2003,-179.24744606182537
20,2004,-179.52982026443402
20,2005,-179.81219446704267
20,2006,-180.09456866965132
20,2007,-180.37694287225997
20,2008,-180.65931707486862
20,2009,-180.94169127747728
20,2010,-181.22406548008593
20,2011,-181.50643968269458
20,2012,-181.78881388530323
20,2013,-182.07118808791188
20,2014,-182.35356229052053
20,2015,-182.63593649312918
20,2016,-182.91831069573783
20,2017,-183.20068489834648
21,2018,-183.48305910095513
21,2019,-183.76543330356378
21,2020,-184.04780750617243
21,2021,-184.33018170878108
21,2022,-184.61255591138973
21,2023,-184.89493011399838
21,2024,-185.17730431660704
21,2025,-185.4596785192157
21,2026,-185.74205272182434
21,2027,-186.024426924433
21,2028,-186.30680112704164
21,2029,-186.5891753296503
21,2030,-186.87154953225894
21,2031,-187.1539237348676
21,2032,-187.43629793747624
21,2033,-187.7186721400849
21,2034,-188.00104634269354
21,2035,-188.2834205453022
21,2036,-188.56579474791084
21,2037,-188.8481689505195
21,2038,-189.13054315312814
21,2039,-189.4129173557368
21,2040,-189.69529155834545
21,2041,-189.9776657609541
21,2042,-190.26003996356275
21,2043,-190.5424141661714
21,2044,-190.82478836878005
21,2045,-191.1071625713887
21,2046,-191.38953677399735
21,2047,-191.671910976606
21,2048,-191.95428517921465
21,2049,-192.2366593818233
21,2050,-192.51903358443195
21,2051,-192.8014077870406
21,2052,-193.08378198964925
21,2053,-193.3661561922579
21,2054,-193.64853039486655
21,2055,-193.9309045974752
21,2056,-194.21327880008386
21,2057,-194.4956530026925
21,2058,-194.77802720530116
21,2059,-195.0604014079098
21,2060,-195.34277561051846
21,2061,-195.6251498131271
21,2062,-195.90752401573576
21,2063,-196.1898982183444
21,2064,-196.47227242095306
21,2065,-196.7546466235617
21,2066,-197.03702082617036
21,2067,-197.319395028779
21,2068,-197.60176923138766
21,2069,-197.8155081800954
21,2070,-198.02924712880315
21,2071,-198.2429860775109
21,2072,-198.45672502621863
21,2073,-198.67046397492638
21,2074,-198.88420292363412
21,2075,-199.09794187234186
21,2076,-199.3116808210496
21,2077,-199.52541976975735
21,2078,-199.7391587184651
21,2079,-199.95289766717283
21,2080,-200.16663661588058
21,2081,-200.38037556458832
21,2082,-200.59411451329606
21,2083,-200.8078534620038
21,2084,-201.02159241071155
21,2085,-201.2353313594193
21,2086,-201.44907030812703
21,2087,-201.66280925683478
21,2088,-201.87654820554252
21,2089,-202.09028715425026
21,2090,-202.304026102958
21,2091,-202.51776505166575
21,2092,-202.7315040003735
21,2093,-202.94524294908123
21,2094,-203.15898189778898
21,2095,-203.37272084649672
21,2096,-203.58645979520446
21,2097,-203.8001987439122
21,2098,-204.01393769261995
21,2099,-204.2276766413277
21,2100,-204.44141559003543
21,2101,-204.65515453874318
21,2102,-204.86889348745092
21,2103,-205.08263243615866
21,2104,-205.2963713848664
21,2105,-205.51011033357415
21,2106,-205.7238492822819
21,2107,-205.93758823098963
21,2108,-206.15132717969738
21,2109,-206.36506612840512
21,2110,-206.57880507711286
21,2111,-206.7925440258206
21,2112,-207.00628297452835
21,2113,-207.2200219232361
21,2114,-207.43376087194383
21,2115,-207.64749982065157
21,2116,-207.86123876935932
21,2117,-208.07497771806706
21,2118,-208.2887166667748
22,2119,-208.50245561548255
22,2120,-208.7161945641903
22,2121,-208.92993351289803
22,2122,-209.14367246160577
22,2123,-209.35741141031352
22,2124,-209.57115035902126
22,2125,-209.784889307729
22,2126,-209.99862825643675
22,2127,-210.2123672051445
22,2128,-210.42610615385223
22,2129,-210.63984510255997
22,2130,-210.85358405126772
22,2131,-211.06732299997546
22,2132,-211.2810619486832
22,2133,-211.49480089739095
22,2134,-211.7085398460987
22,2135,-211.92227879480643
22,2136,-212.13601774351417
22,2137,-212.34975669222192
22,2138,-212.56349564092966
22,2139,-212.7772345896374
22,2140,-212.99097353834514
22,2141,-213.2047124870529
22,2142,-213.41845143576063
22,2143,-213.63219038446837
22,2144,-213.84592933317612
22,2145,-214.05966828188386
22,2146,-214.2734072305916
22,2147,-214.48714617929934
22,2148,-214.7008851280071
22,2149,-214.91462407671483
22,2150,-215.12836302542257
22,2151,-215.34210197413032
22,2152,-215.55584092283806
22,2153,-215.7695798715458
22,2154,-215.98331882025354
22,2155,-216.1970577689613
22,2156,-216.41079671766903
22,2157,-216.62453566637677
22,2158,-216.83827461508452
22,2159,-217.05201356379226
22,2160,-217.2657525125
22,2161,-217.47949146120774
22,2162,-217.6932304099155
22,2163,-217.90696935862323
22,2164,-218.12070830733097
22,2165,-218.33444725603871
22,2166,-218.54818620474646
22,2167,-218.7619251534542
22,2168,-218.97566410216194
22,2169,-219.18940305086969
22,2170,-219.33202419184315
22,2171,-219.4746453328166
22,2172,-219.61726647379007
22,2173,-219.75988761476353
22,2174,-219.902508755737
22,2175,-220.04512989671045
22,2176,-220.1877510376839
22,2177,-220.33037217865737
22,2178,-220.47299331963083
22,2179,-220.6156144606043
22,2180,-220.75823560157775
22,2181,-220.9008567425512
22,2182,-221.04347788352467
22,2183,-221.18609902449813
22,2184,-221.3287201654716
22,2185,-221.47134130644505
22,2186,-221.61396244741852
22,2187,-221.75658358839198
22,2188,-221.89920472936544
22,2189,-222.0418258703389
22,2190,-222.18444701131236
22,2191,-222.32706815228582
22,2192,-222.46968929325928
22,2193,-222.61231043423274
22,2194,-222.7549315752062
22,2195,-222.89755271617966
22,2196,-223.04017385715312
22,2197,-223.18279499812658
22,2198,-223.32541613910004
22,2199,-223.4680372800735
22,2200,-223.61065842104696
22,2201,-223.75327956202042
22,2202,-223.89590070299388
22,2203,-224.03852184396735
22,2204,-224.1811429849408
22,2205,-224.32376412591427
22,2206,-224.46638526688773
22,2207,-224.6090064078612
22,2208,-224.75162754883465
22,2209,-224.8942486898081
22,2210,-225.03686983078157
22,2211,-225.17949097175503
22,2212,-225.3221121127285
22,2213,-225.46473325370195
22,2214,-225.6073543946754
22,2215,-225.74997553564887
22,2216,-225.89259667662233
22,2217,-226.0352178175958
22,2218,-226.17783895856925
22,2219,-226.32046009954271
23,2220,-226.46308124051617
23,2221,-226.60570238148964
23,2222,-226.7483235224631
23,2223,-226.89094466343656
23,2224,-227.03356580441002
23,2225,-227.17618694538348
23,2226,-227.31880808635694
23,2227,-227.4614292273304
23,2228,-227.60405036830386
23,2229,-227.74667150927732
23,2230,-227.88929265025078
23,2231,-228.03191379122424
23,2232,-228.1745349321977
23,2233,-228.31715607317116
23,2234,-228.45977721414462
23,2235,-228.60239835511808
23,2236,-228.74501949609154
23,2237,-228.887640637065
23,2238,-229.03026177803847
23,2239,-229.17288291901193
23,2240,-229.3155040599854
23,2241,-229.45812520095885
23,2242,-229.6007463419323
23,2243,-229.74336748290577
23,2244,-229.88598862387923
23,2245,-230.0286097648527
23,2246,-230.17123090582615
23,2247,-230.3138520467996
23,2248,-230.45647318777307
23,2249,-230.59909432874653
23,2250,-230.74171546972
23,2251,-230.88433661069345
23,2252,-231.0269577516669
23,2253,-231.16957889264037
23,2254,-231.31220003361383
23,2255,-231.4548211745873
23,2256,-231.59744231556076
23,2257,-231.74006345653422
23,2258,-231.88268459750768
23,2259,-232.02530573848114
23,2260,-232.1679268794546
23,2261,-232.31054802042806
23,2262,-232.45316916140152
23,2263,-232.59579030237498
23,2264,-232.73841144334844
23,2265,-232.8810325843219
23,2266,-233.02365372529536
23,2267,-233.16627486626882
23,2268,-233.30889600724228
23,2269,-233.45151714821574
23,2270,-233.5941382891892
23,2271,-233.66336943859852
23,2272,-233.73260058800784
23,2273,-233.80183173741716
23,2274,-233.87106288682648
23,2275,-233.9402940362358
23,2276,-234.00952518564512
23,2277,-234.07875633505444
23,2278,-234.14798748446375
23,2279,-234.21721863387307
23,2280,-234.2864497832824
23,2281,-234.3556809326917
23,2282,-234.42491208210103
23,2283,-234.49414323151035
23,2284,-234.56337438091967
23,2285,-234.632605530329
23,2286,-234.7018366797383
23,2287,-234.77106782914763
23,2288,-234.84029897855694
23,2289,-234.90953012796626
23,2290,-234.97876127737558
23,2291,-235.0479924267849
23,2292,-235.11722357619422
23,2293,-235.18645472560354
23,2294,-235.25568587501286
23,2295,-235.32491702442218
23,2296,-235.3941481738315
23,2297,-235.46337932324082
23,2298,-235.53261047265013
23,2299,-235.60184162205945
23,2300,-235.67107277146877
23,2301,-235.7403039208781
23,2302,-235.8095350702874
23,2303,-235.87876621969673
23,2304,-235.94799736910605
23,2305,-236.01722851851537
23,2306,-236.0864596679247
23,2307,-236.155690817334
23,2308,-236.22492196674332
23,2309,-236.29415311615264
23,2310,-236.36338426556196
23,2311,-236.43261541497128
23,2312,-236.5018465643806
23,2313,-236.57107771378992
23,2314,-236.64030886319924
23,2315,-236.70954001260856
23,2316,-236.77877116201788
23,2317,-236.8480023114272
23,2318,-236.9172334608365
23,2319,-236.98646461024583
23,2320,-237.05569575965515
24,2321,-237.12492690906447
24,2322,-237.1941580584738
24,2323,-237.2633892078831
24,2324,-237.33262035729243
24,2325,-237.40185150670175
24,2326,-237.47108265611107
24,2327,-237.54031380552038
24,2328,-237.6095449549297
24,2329,-237.67877610433902
24,2330,-237.74800725374834
24,2331,-237.81723840315766
24,2332,-237.88646955256698
24,2333,-237.9557007019763
24,2334,-238.02493185138562
24,2335,-238.09416300079494
24,2336,-238.16339415020425
24,2337,-238.23262529961357
24,2338,-238.3018564490229
24,2339,-238.3710875984322
24,2340,-238.44031874784153
24,2341,-238.50954989725085
24,2342,-238.57878104666017
24,2343,-238.6480121960695
24,2344,-238.7172433454788
24,2345,-238.78647449488813
24,2346,-238.85570564429744
24,2347,-238.92493679370676
24,2348,-238.99416794311608
24,2349,-239.0633990925254
24,2350,-239.13263024193472
24,2351,-239.20186139134404
24,2352,-239.27109254075336
24,2353,-239.34032369016268
24,2354,-239.409554839572
24,2355,-239.47878598898131
24,2356,-239.54801713839063
24,2357,-239.61724828779995
24,2358,-239.68647943720927
24,2359,-239.7557105866186
24,2360,-239.8249417360279
24,2361,-239.89417288543723
24,2362,-239.96340403484655
24,2363,-240.03263518425587
24,2364,-240.10186633366519
24,2365,-240.1710974830745
24,2366,-240.24032863248382
24,2367,-240.30955978189314
24,2368,-240.37879093130246
24,2369,-240.44802208071178
24,2370,-240.5172532301211
24,2371,-240.5110330037235
24,2372,-240.5048127773259
24,2373,-240.4985925509283
24,2374,-240.4923723245307
24,2375,-240.4861520981331
24,2376,-240.4799318717355
24,2377,-240.4737116453379
24,2378,-240.46749141894028
24,2379,-240.46127119254268
24,2380,-240.45505096614508
24,2381,-240.44883073974748
24,2382,-240.44261051334988
24,2383,-240.43639028695227
24,2384,-240.43017006055467
24,2385,-240.42394983415707
24,2386,-240.41772960775947
24,2387,-240.41150938136187
24,2388,-240.40528915496427
24,2389,-240.39906892856666
24,2390,-240.39284870216906
24,2391,-240.38662847577146
24,2392,-240.38040824937386
24,2393,-240.37418802297626
24,2394,-240.36796779657865
24,2395,-240.36174757018105
24,2396,-240.35552734378345
24,2397,-240.34930711738585
24,2398,-240.34308689098825
24,2399,-240.33686666459064
24,2400,-240.33064643819304
24,2401,-240.32442621179544
24,2402,-240.31820598539784
24,2403,-240.31198575900024
24,2404,-240.30576553260263
24,2405,-240.29954530620503
24,2406,-240.29332507980743
24,2407,-240.28710485340983
24,2408,-240.28088462701223
24,2409,-240.27466440061463
24,2410,-240.26844417421702
24,2411,-240.26222394781942
24,2412,-240.25600372142182
24,2413,-240.24978349502422
24,2414,-240.24356326862662
24,2415,-240.237343042229
24,2416,-240.2311228158314
24,2417,-240.2249025894338
24,2418,-240.2186823630362
24,2419,-240.2124621366386
24,2420,-240.206241910241
25,2421,-240.2000216838434
25,2422,-240.1938014574458
25,2423,-240.1875812310482
25,2424,-240.1813610046506
25,2425,-240.175140778253
25,2426,-240.1689205518554
25,2427,-240.1627003254578
25,2428,-240.1564800990602
25,2429,-240.1502598726626
25,2430,-240.14403964626499
25,2431,-240.13781941986738
25,2432,-240.13159919346978
25,2433,-240.12537896707218
25,2434,-240.11915874067458
25,2435,-240.11293851427698
25,2436,-240.10671828787937
25,2437,-240.10049806148177
25,2438,-240.09427783508417
25,2439,-240.08805760868657
25,2440,-240.08183738228897
25,2441,-240.07561715589136
25,2442,-240.06939692949376
25,2443,-240.06317670309616
25,2444,-240.05695647669856
25,2445,-240.05073625030096
25,2446,-240.04451602390336
25,2447,-240.03829579750575
25,2448,-240.03207557110815
25,2449,-240.02585534471055
25,2450,-240.01963511831295
25,2451,-240.01341489191535
25,2452,-240.00719466551774
25,2453,-240.00097443912014
25,2454,-239.99475421272254
25,2455,-239.98853398632494
25,2456,-239.98231375992734
25,2457,-239.97609353352973
25,2458,-239.96987330713213
25,2459,-239.96365308073453
25,2460,-239.95743285433693
25,2461,-239.95121262793933
25,2462,-239.94499240154173
25,2463,-239.93877217514412
25,2464,-239.93255194874652
25,2465,-239.92633172234892
25,2466,-239.92011149595132
25,2467,-239.91389126955372
25,2468,-239.9076710431561
25,2469,-239.9014508167585
25,2470,-239.8952305903609
25,2471,-239.8890103639633
25,2472,-239.80548679796075
25,2473,-239.7219632319582
25,2474,-239.63843966595564
25,2475,-239.5549160999531
25,2476,-239.47139253395054
25,2477,-239.38786896794798
25,2478,-239.30434540194543
25,2479,-239.22082183594287
25,2480,-239.13729826994032
25,2481,-239.05377470393776
25,2482,-238.9702511379352
25,2483,-238.88672757193265
25,2484,-238.8032040059301
25,2485,-238.71968043992754
25,2486,-238.636156873925
25,2487,-238.55263330792243
25,2488,-238.46910974191988
25,2489,-238.38558617591733
25,2490,-238.30206260991477
25,2491,-238.21853904391222
25,2492,-238.13501547790966
25,2493,-238.0514919119071
25,2494,-237.96796834590455
25,2495,-237.884444779902
25,2496,-237.80092121389944
25,2497,-237.7173976478969
25,2498,-237.63387408189433
25,2499,-237.55035051589178
25,2500,-237.46682694988922
25,2501,-237.38330338388667
25,2502,-237.29977981788412
25,2503,-237.21625625188156
25,2504,-237.132732685879
25,2505,-237.04920911987645
25,2506,-236.9656855538739
25,2507,-236.88216198787134
25,2508,-236.7986384218688
25,2509,-236.71511485586623
25,2510,-236.63159128986368
25,2511,-236.54806772386112
25,2512,-236.46454415785857
25,2513,-236.38102059185601
25,2514,-236.29749702585346
25,2515,-236.2139734598509
25,2516,-236.13044989384835
25,2517,-236.0469263278458
25,2518,-235.96340276184324
25,2519,-235.8798791958407
25,2520,-235.79635562983813
25,2521,-235.71283206383558
26,2522,-235.62930849783302
26,2523,-235.54578493183047
26,2524,-235.4622613658279
26,2525,-235.37873779982536
26,2526,-235.2952142338228
26,2527,-235.21169066782025
26,2528,-235.1281671018177
26,2529,-235.04464353581514
26,2530,-234.9611199698126
26,2531,-234.87759640381003
26,2532,-234.79407283780748
26,2533,-234.71054927180492
26,2534,-234.62702570580237
26,2535,-234.5435021397998
26,2536,-234.45997857379726
26,2537,-234.3764550077947
26,2538,-234.29293144179215
26,2539,-234.2094078757896
26,2540,-234.12588430978704
26,2541,-234.04236074378449
26,2542,-233.95883717778193
26,2543,-233.87531361177938
26,2544,-233.79179004577682
26,2545,-233.70826647977427
26,2546,-233.6247429137717
26,2547,-233.54121934776916
26,2548,-233.4576957817666
26,2549,-233.37417221576405
26,2550,-233.2906486497615
26,2551,-233.20712508375894
26,2552,-233.12360151775638
26,2553,-233.04007795175383
26,2554,-232.95655438575128
26,2555,-232.87303081974872
26,2556,-232.78950725374617
26,2557,-232.7059836877436
26,2558,-232.62246012174106
26,2559,-232.5389365557385
26,2560,-232.45541298973595
26,2561,-232.3718894237334
26,2562,-232.28836585773084
26,2563,-232.20484229172828
26,2564,-232.12131872572573
26,2565,-232.03779515972317
26,2566,-231.95427159372062
26,2567,-231.87074802771807
26,2568,-231.7872244617155
26,2569,-231.70370089571296
26,2570,-231.6201773297104
26,2571,-231.53665376370785
26,2572,-231.4531301977053
26,2573,-231.29065255620316
26,2574,-231.12817491470102
26,2575,-230.96569727319888
26,2576,-230.80321963169675
26,2577,-230.6407419901946
26,2578,-230.47826434869248
26,2579,-230.31578670719034
26,2580,-230.1533090656882
26,2581,-229.99083142418607
26,2582,-229.82835378268393
26,2583,-229.6658761411818
26,2584,-229.50339849967966
26,2585,-229.34092085817753
26,2586,-229.1784432166754
26,2587,-229.01596557517325
26,2588,-228.85348793367112
26,2589,-228.69101029216898
26,2590,-228.52853265066685
26,2591,-228.3660550091647
26,2592,-228.20357736766258
26,2593,-228.04109972616044
26,2594,-227.8786220846583
26,2595,-227.71614444315617
26,2596,-227.55366680165403
26,2597,-227.3911891601519
26,2598,-227.22871151864976
26,2599,-227.06623387714762
26,2600,-226.9037562356455
26,2601,-226.74127859414335
26,2602,-226.57880095264122
26,2603,-226.41632331113908
26,2604,-226.25384566963695
26,2605,-226.0913680281348
26,2606,-225.92889038663267
26,2607,-225.76641274513054
26,2608,-225.6039351036284
26,2609,-225.44145746212627
26,2610,-225.27897982062413
26,2611,-225.116502179122
26,2612,-224.95402453761986
26,2613,-224.79154689611772
26,2614,-224.6290692546156
26,2615,-224.46659161311345
26,2616,-224.30411397161132
26,2617,-224.14163633010918
26,2618,-223.97915868860704
26,2619,-223.8166810471049
26,2620,-223.65420340560277
26,2621,-223.49172576410064
26,2622,-223.3292481225985
27,2623,-223.16677048109636
27,2624,-223.00429283959423
27,2625,-222.8418151980921
27,2626,-222.67933755658996
27,2627,-222.51685991508782
27,2628,-222.35438227358568
27,2629,-222.19190463208355
27,2630,-222.0294269905814
27,2631,-221.86694934907928
27,2632,-221.70447170757714
27,2633,-221.541994066075
27,2634,-221.37951642457287
27,2635,-221.21703878307073
27,2636,-221.0545611415686
27,2637,-220.89208350006646
27,2638,-220.72960585856433
27,2639,-220.5671282170622
27,2640,-220.40465057556005
27,2641,-220.24217293405792
27,2642,-220.07969529255578
27,2643,-219.91721765105365
27,2644,-219.7547400095515
27,2645,-219.59226236804938
27,2646,-219.42978472654724
27,2647,-219.2673070850451
27,2648,-219.10482944354297
27,2649,-218.94235180204083
27,2650,-218.7798741605387
27,2651,-218.61739651903656
27,2652,-218.45491887753442
27,2653,-218.2924412360323
27,2654,-218.12996359453015
27,2655,-217.96748595302802
27,2656,-217.80500831152588
27,2657,-217.64253067002375
27,2658,-217.4800530285216
27,2659,-217.31757538701947
27,2660,-217.15509774551734
27,2661,-216.9926201040152
27,2662,-216.83014246251307
27,2663,-216.66766482101093
27,2664,-216.5051871795088
27,2665,-216.34270953800666
27,2666,-216.18023189650452
27,2667,-216.0177542550024
27,2668,-215.85527661350025
27,2669,-215.69279897199812
27,2670,-215.53032133049598
27,2671,-215.36784368899384
27,2672,-215.2053660474917
27,2673,-215.04288840598957
27,2674,-214.7999969588962
27,2675,-214.55710551180283
27,2676,-214.31421406470946
27,2677,-214.0713226176161
27,2678,-213.82843117052272
27,2679,-213.58553972342935
27,2680,-213.34264827633598
27,2681,-213.0997568292426
27,2682,-212.85686538214924
27,2683,-212.61397393505587
27,2684,-212.3710824879625
27,2685,-212.12819104086913
27,2686,-211.88529959377576
27,2687,-211.64240814668238
27,2688,-211.39951669958901
27,2689,-211.15662525249564
27,2690,-210.91373380540227
27,2691,-210.6708423583089
27,2692,-210.42795091121553
27,2693,-210.18505946412216
27,2694,-209.9421680170288
27,2695,-209.69927656993542
27,2696,-209.45638512284205
27,2697,-209.21349367574868
27,2698,-208.9706022286553
27,2699,-208.72771078156194
27,2700,-208.48481933446857
27,2701,-208.2419278873752
27,2702,-207.99903644028183
27,2703,-207.75614499318846
27,2704,-207.5132535460951
27,2705,-207.27036209900172
27,2706,-207.02747065190835
27,2707,-206.78457920481497
27,2708,-206.5416877577216
27,2709,-206.29879631062823
27,2710,-206.05590486353486
27,2711,-205.8130134164415
27,2712,-205.57012196934812
27,2713,-205.32723052225475
27,2714,-205.08433907516138
27,2715,-204.841447628068
27,2716,-204.59855618097464
27,2717,-204.35566473388127
27,2718,-204.1127732867879
27,2719,-203.86988183969453
27,2720,-203.62699039260116
27,2721,-203.3840989455078
27,2722,-203.14120749841442
27,2723,-202.89831605132105
28,2724,-202.65542460422768
28,2725,-202.4125331571343
28,2726,-202.16964171004093
28,2727,-201.92675026294756
28,2728,-201.6838588158542
28,2729,-201.44096736876082
28,2730,-201.19807592166745
28,2731,-200.95518447457408
28,2732,-200.7122930274807
28,2733,-200.46940158038734
28,2734,-200.22651013329397
28,2735,-199.9836186862006
28,2736,-199.74072723910723
28,2737,-199.49783579201386
28,2738,-199.2549443449205
28,2739,-199.01205289782712
28,2740,-198.76916145073375
28,2741,-198.52627000364038
28,2742,-198.283378556547
28,2743,-198.04048710945364
28,2744,-197.79759566236027
28,2745,-197.5547042152669
28,2746,-197.31181276817352
28,2747,-197.06892132108015
28,2748,-196.82602987398678
28,2749,-196.5831384268934
28,2750,-196.34024697980004
28,2751,-196.09735553270667
28,2752,-195.8544640856133
28,2753,-195.61157263851993
28,2754,-195.36868119142656
28,2755,-195.1257897443332
28,2756,-194.88289829723982
28,2757,-194.64000685014645
28,2758,-194.39711540305308
28,2759,-194.1542239559597
28,2760,-193.91133250886634
28,2761,-193.66844106177297
28,2762,-193.4255496146796
28,2763,-193.18265816758623
28,2764,-192.93976672049286
28,2765,-192.69687527339948
28,2766,-192.45398382630611
28,2767,-192.21109237921274
28,2768,-191.96820093211937
28,2769,-191.725309485026
28,2770,-191.48241803793263
28,2771,-191.23952659083926
28,2772,-190.9966351437459
28,2773,-190.75374369665252
28,2774,-190.51085224955915
28,2775,-190.26796080246578
28,2776,-189.94255043495895
28,2777,-189.6171400674521
28,2778,-189.29172969994528
28,2779,-188.96631933243845
28,2780,-188.6409089649316
28,2781,-188.31549859742478
28,2782,-187.99008822991794
28,2783,-187.6646778624111
28,2784,-187.33926749490428
28,2785,-187.01385712739744
28,2786,-186.6884467598906
28,2787,-186.36303639238378
28,2788,-186.03762602487694
28,2789,-185.7122156573701
28,2790,-185.38680528986328
28,2791,-185.06139492235644
28,2792,-184.7359845548496
28,2793,-184.41057418734277
28,2794,-184.08516381983594
28,2795,-183.7597534523291
28,2796,-183.43434308482227
28,2797,-183.10893271731544
28,2798,-182.7835223498086
28,2799,-182.45811198230177
28,2800,-182.13270161479494
28,2801,-181.8072912472881
28,2802,-181.48188087978127
28,2803,-181.15647051227444
28,2804,-180.8310601447676
28,2805,-180.50564977726077
28,2806,-180.18023940975394
28,2807,-179.8548290422471
28,2808,-179.52941867474027
28,2809,-179.20400830723344
28,2810,-178.8785979397266
28,2811,-178.55318757221977
28,2812,-178.22777720471294
28,2813,-177.9023668372061
28,2814,-177.57695646969927
28,2815,-177.25154610219244
28,2816,-176.9261357346856
28,2817,-176.60072536717877
28,2818,-176.27531499967193
28,2819,-175.9499046321651
28,2820,-175.62449426465827
28,2821,-175.29908389715143
28,2822,-174.9736735296446
28,2823,-174.64826316213777
28,2824,-174.32285279463093
28,2825,-173.9974424271241
29,2826,-173.67203205961727
29,2827,-173.34662169211043
29,2828,-173.0212113246036
29,2829,-172.69580095709676
29,2830,-172.37039058958993
29,2831,-172.0449802220831
29,2832,-171.71956985457626
29,2833,-171.39415948706943
29,2834,-171.0687491195626
29,2835,-170.74333875205576
29,2836,-170.41792838454893
29,2837,-170.0925180170421
29,2838,-169.76710764953526
29,2839,-169.44169728202843
29,2840,-169.1162869145216
29,2841,-168.79087654701476
29,2842,-168.46546617950793
29,2843,-168.1400558120011
29,2844,-167.81464544449426
29,2845,-167.48923507698743
29,2846,-167.1638247094806
29,2847,-166.83841434197376
29,2848,-166.51300397446693
29,2849,-166.1875936069601
29,2850,-165.86218323945326
29,2851,-165.53677287194643
29,2852,-165.2113625044396
29,2853,-164.88595213693276
29,2854,-164.56054176942592
29,2855,-164.2351314019191
29,2856,-163.90972103441226
29,2857,-163.58431066690542
29,2858,-163.2589002993986
29,2859,-162.93348993189176
29,2860,-162.60807956438492
29,2861,-162.2826691968781
29,2862,-161.95725882937126
29,2863,-161.63184846186442
29,2864,-161.3064380943576
29,2865,-160.98102772685075
29,2866,-160.65561735934392
29,2867,-160.3302069918371
29,2868,-160.00479662433025
29,2869,-159.67938625682342
29,2870,-159.3539758893166
29,2871,-159.02856552180975
29,2872,-158.70315515430292
29,2873,-158.3777447867961
29,2874,-158.05233441928925
29,2875,-157.72692405178242
29,2876,-157.31947300752876
29,2877,-156.9120219632751
29,2878,-156.50457091902143
29,2879,-156.09711987476777
29,2880,-155.6896688305141
29,2881,-155.28221778626045
29,2882,-154.87476674200678
29,2883,-154.46731569775312
29,2884,-154.05986465349946
29,2885,-153.6524136092458
29,2886,-153.24496256499214
29,2887,-152.83751152073847
29,2888,-152.4300604764848
29,2889,-152.02260943223115
29,2890,-151.6151583879775
29,2891,-151.20770734372383
29,2892,-150.80025629947016
29,2893,-150.3928052552165
29,2894,-149.98535421096284
29,2895,-149.57790316670918
29,2896,-149.17045212245552
29,2897,-148.76300107820185
29,2898,-148.3555500339482
29,2899,-147.94809898969453
29,2900,-147.54064794544087
29,2901,-147.1331969011872
29,2902,-146.72574585693354
29,2903,-146.31829481267988
29,2904,-145.91084376842622
29,2905,-145.50339272417256
29,2906,-145.0959416799189
29,2907,-144.68849063566523
29,2908,-144.28103959141157
29,2909,-143.8735885471579
29,2910,-143.46613750290425
29,2911,-143.05868645865058
29,2912,-142.65123541439692
29,2913,-142.24378437014326
29,2914,-141.8363333258896
29,2915,-141.42888228163594
29,2916,-141.02143123738227
29,2917,-140.6139801931286
29,2918,-140.20652914887495
29,2919,-139.7990781046213
29,2920,-139.39162706036763
29,2921,-138.98417601611396
29,2922,-138.5767249718603
29,2923,-138.16927392760664
29,2924,-137.76182288335298
29,2925,-137.35437183909931
30,2926,-136.94692079484565
30,2927,-136.539469750592
30,2928,-136.13201870633833
30,2929,-135.72456766208467
30,2930,-135.317116617831
30,2931,-134.90966557357734
30,2932,-134.50221452932368
30,2933,-134.09476348507002
30,2934,-133.68731244081636
30,2935,-133.2798613965627
30,2936,-132.87241035230903
30,2937,-132.46495930805537
30,2938,-132.0575082638017
30,2939,-131.65005721954805
30,2940,-131.24260617529438
30,2941,-130.83515513104072
30,2942,-130.42770408678706
30,2943,-130.0202530425334
30,2944,-129.61280199827974
30,2945,-129.20535095402607
30,2946,-128.7978999097724
30,2947,-128.39044886551875
30,2948,-127.98299782126507
30,2949,-127.5755467770114
30,2950,-127.16809573275772
30,2951,-126.76064468850404
30,2952,-126.35319364425037
30,2953,-125.94574259999669
30,2954,-125.53829155574302
30,2955,-125.13084051148934
30,2956,-124.72338946723566
30,2957,-124.31593842298199
30,2958,-123.90848737872831
30,2959,-123.50103633447463
30,2960,-123.09358529022096
30,2961,-122.68613424596728
30,2962,-122.2786832017136
30,2963,-121.87123215745993
30,2964,-121.46378111320625
30,2965,-121.05633006895258
30,2966,-120.6488790246989
30,2967,-120.24142798044522
30,2968,-119.83397693619155
30,2969,-119.42652589193787
30,2970,-119.0190748476842
30,2971,-118.61162380343052
30,2972,-118.20417275917684
30,2973,-117.79672171492317
30,2974,-117.38927067066949
30,2975,-116.98181962641581
30,2976,-116.57436858216214
30,2977,-116.08304984551332
30,2978,-115.5917311088645
30,2979,-115.10041237221567
30,2980,-114.60909363556685
30,2981,-114.11777489891803
30,2982,-113.6264561622692
30,2983,-113.13513742562039
30,2984,-112.64381868897156
30,2985,-112.15249995232274
30,2986,-111.66118121567392
30,2987,-111.1698624790251
30,2988,-110.67854374237628
30,2989,-110.18722500572746
30,2990,-109.69590626907863
30,2991,-109.20458753242981
30,2992,-108.71326879578099
30,2993,-108.22195005913217
30,2994,-107.73063132248335
30,2995,-107.23931258583453
30,2996,-106.7479938491857
30,2997,-106.25667511253688
30,2998,-105.76535637588806
30,2999,-105.27403763923924
30,3000,-104.78271890259042
30,3001,-104.2914001659416
30,3002,-103.80008142929277
30,3003,-103.30876269264395
30,3004,-102.81744395599513
30,3005,-102.32612521934631
30,3006,-101.83480648269749
30,3007,-101.34348774604867
30,3008,-100.85216900939984
30,3009,-100.36085027275102
30,3010,-99.8695315361022
30,3011,-99.37821279945338
30,3012,-98.88689406280456
30,3013,-98.39557532615574
30,3014,-97.90425658950691
30,3015,-97.4129378528581
30,3016,-96.92161911620927
30,3017,-96.43030037956045
30,3018,-95.93898164291163
30,3019,-95.4476629062628
30,3020,-94.95634416961398
30,3021,-94.46502543296516
30,3022,-93.97370669631634
30,3023,-93.48238795966752
30,3024,-92.9910692230187
30,3025,-92.49975048636988
30,3026,-92.00843174972105
31,3027,-91.51711301307223
31,3028,-91.02579427642341
31,3029,-90.53447553977459
31,3030,-90.04315680312577
31,3031,-89.55183806647695
31,3032,-89.06051932982813
31,3033,-88.5692005931793
31,3034,-88.07788185653048
31,3035,-87.58656311988166
31,3036,-87.09524438323284
31,3037,-86.60392564658402
31,3038,-86.1126069099352
31,3039,-85.62128817328637
31,3040,-85.12996943663755
31,3041,-84.63865069998873
31,3042,-84.14733196333991
31,3043,-83.65601322669109
31,3044,-83.16469449004227
31,3045,-82.67337575339344
31,3046,-82.18205701674462
31,3047,-81.6907382800958
31,3048,-81.19941954344698
31,3049,-80.70810080679816
31,3050,-81.10949207014934
31,3051,-81.51088333350053
31,3052,-81.91227459685172
31,3053,-82.3136658602029
31,3054,-82.71505712355409
31,3055,-83.11644838690528
31,3056,-83.51783965025646
31,3057,-83.91923091360765
31,3058,-84.32062217695884
31,3059,-84.72201344031002
31,3060,-85.12340470366121
31,3061,-85.5247959670124
31,3062,-85.92618723036358
31,3063,-86.32757849371477
31,3064,-86.72896975706595
31,3065,-87.13036102041714
31,3066,-87.53175228376833
31,3067,-87.93314354711951
31,3068,-88.3345348104707
31,3069,-88.73592607382189
31,3070,-89.13731733717307
31,3071,-89.53870860052426
31,3072,-89.94009986387545
31,3073,-90.34149112722663
31,3074,-90.74288239057782
31,3075,-91.144273653929
31,3076,-91.54566491728019
31,3077,-91.94705618063138
31,3078,-92.26375452287809
31,3079,-92.5804528651248
31,3080,-92.89715120737151
31,3081,-93.21384954961822
31,3082,-93.53054789186493
31,3083,-93.84724623411164
31,3084,-94.16394457635835
31,3085,-94.48064291860506
31,3086,-94.79734126085177
31,3087,-95.11403960309848
31,3088,-95.43073794534519
31,3089,-95.7474362875919
31,3090,-96.0641346298386
31,3091,-96.38083297208532
31,3092,-96.69753131433202
31,3093,-97.01422965657873
31,3094,-97.33092799882544
31,3095,-97.64762634107215
31,3096,-97.96432468331886
31,3097,-98.28102302556557
31,3098,-98.59772136781228
31,3099,-98.914419710059
31,3100,-99.2311180523057
31,3101,-99.54781639455241
31,3102,-99.86451473679912
31,3103,-100.18121307904583
31,3104,-100.49791142129254
31,3105,-100.81460976353925
31,3106,-101.13130810578596
31,3107,-101.44800644803267
31,3108,-101.76470479027938
31,3109,-102.08140313252609
31,3110,-102.3981014747728
31,3111,-102.71479981701951
31,3112,-103.03149815926622
31,3113,-103.34819650151293
31,3114,-103.66489484375964
31,3115,-103.98159318600635
31,3116,-104.29829152825306
31,3117,-104.61498987049977
31,3118,-104.93168821274648
31,3119,-105.24838655499319
31,3120,-105.5650848972399
31,3121,-105.88178323948661
31,3122,-106.19848158173332
31,3123,-106.51517992398003
31,3124,-106.83187826622674
31,3125,-107.14857660847345
31,3126,-107.46527495072016
31,3127,-107.78197329296687
32,3128,-108.09867163521358
32,3129,-108.41536997746029
32,3130,-108.732068319707
32,3131,-109.0487666619537
32,3132,-109.36546500420042
32,3133,-109.68216334644713
32,3134,-109.99886168869384
32,3135,-110.31556003094055
32,3136,-110.63225837318726
32,3137,-110.94895671543397
32,3138,-111.26565505768068
32,3139,-111.58235339992738
32,3140,-111.8990517421741
32,3141,-112.2157500844208
32,3142,-112.53244842666751
32,3143,-112.84914676891422
32,3144,-113.16584511116093
32,3145,-113.48254345340764
32,3146,-113.79924179565435
32,3147,-114.11594013790106
32,3148,-114.43263848014777
32,3149,-114.74933682239448
32,3150,-115.06603516464119
32,3151,-115.3827335068879
32,3152,-115.69943184913461
32,3153,-116.01613019138132
32,3154,-116.33282853362803
32,3155,-116.64952687587474
32,3156,-116.96622521812145
32,3157,-117.28292356036816
32,3158,-117.59962190261487
32,3159,-117.91632024486158
32,3160,-118.23301858710829
32,3161,-118.549716929355
32,3162,-118.86641527160171
32,3163,-119.18311361384842
32,3164,-119.49981195609513
32,3165,-119.81651029834184
32,3166,-120.13320864058855
32,3167,-120.44990698283526
32,3168,-120.76660532508197
32,3169,-121.08330366732868
32,3170,-121.40000200957539
32,3171,-121.7167003518221
32,3172,-122.03339869406881
32,3173,-122.35009703631552
32,3174,-122.66679537856223
32,3175,-122.98349372080894
32,3176,-123.30019206305565
32,3177,-123.61689040530236
32,3178,-123.93358874754907
32,3179,-124.16498966769818
32,3180,-124.39639058784729
32,3181,-124.6277915079964
32,3182,-124.85919242814552
32,3183,-125.09059334829463
32,3184,-125.32199426844375
32,3185,-125.55339518859286
32,3186,-125.78479610874197
32,3187,-126.01619702889109
32,3188,-126.2475979490402
32,3189,-126.47899886918931
32,3190,-126.71039978933842
32,3191,-126.94180070948754
32,3192,-127.17320162963665
32,3193,-127.40460254978576
32,3194,-127.63600346993488
32,3195,-127.86740439008399
32,3196,-128.0988053102331
32,3197,-128.3302062303822
32,3198,-128.5616071505313
32,3199,-128.7930080706804
32,3200,-129.0244089908295
32,3201,-129.2558099109786
32,3202,-129.4872108311277
32,3203,-129.7186117512768
32,3204,-129.9500126714259
32,3205,-130.181413591575
32,3206,-130.4128145117241
32,3207,-130.6442154318732
32,3208,-130.8756163520223
32,3209,-131.1070172721714
32,3210,-131.3384181923205
32,3211,-131.5698191124696
32,3212,-131.8012200326187
32,3213,-132.0326209527678
32,3214,-132.26402187291689
32,3215,-132.49542279306598
32,3216,-132.72682371321508
32,3217,-132.95822463336418
32,3218,-133.18962555351328
32,3219,-133.42102647366238
32,3220,-133.65242739381148
32,3221,-133.88382831396058
32,3222,-134.11522923410968
32,3223,-134.34663015425878
32,3224,-134.57803107440787
32,3225,-134.80943199455697
32,3226,-135.04083291470607
32,3227,-135.27223383485517
32,3228,-135.50363475500427
33,3229,-135.73503567515337
33,3230,-135.96643659530247
33,3231,-136.19783751545157
33,3232,-136.42923843560067
33,3233,-136.66063935574977
33,3234,-136.89204027589886
33,3235,-137.12344119604796
33,3236,-137.35484211619706
33,3237,-137.58624303634616
33,3238,-137.81764395649526
33,3239,-138.04904487664436
33,3240,-138.28044579679346
33,3241,-138.51184671694256
33,3242,-138.74324763709166
33,3243,-138.97464855724076
33,3244,-139.20604947738985
33,3245,-139.43745039753895
33,3246,-139.66885131768805
33,3247,-139.90025223783715
33,3248,-140.13165315798625
33,3249,-140.36305407813535
33,3250,-140.59445499828445
33,3251,-140.82585591843355
33,3252,-141.05725683858265
33,3253,-141.28865775873174
33,3254,-141.52005867888084
33,3255,-141.75145959902994
33,3256,-141.98286051917904
33,3257,-142.21426143932814
33,3258,-142.44566235947724
33,3259,-142.67706327962634
33,3260,-142.90846419977544
33,3261,-143.13986511992454
33,3262,-143.37126604007364
33,3263,-143.60266696022273
33,3264,-143.83406788037183
33,3265,-144.06546880052093
33,3266,-144.29686972067003
33,3267,-144.52827064081913
33,3268,-144.75967156096823
33,3269,-144.99107248111733
33,3270,-145.22247340126643
33,3271,-145.45387432141553
33,3272,-145.68527524156463
33,3273,-145.91667616171372
33,3274,-146.14807708186282
33,3275,-146.37947800201192
33,3276,-146.61087892216102
33,3277,-146.84227984231012
33,3278,-147.07368076245922
33,3279,-147.30508168260832
33,3280,-147.45082692638508
33,3281,-147.59657217016183
33,3282,-147.7423174139386
33,3283,-147.88806265771535
33,3284,-148.0338079014921
33,3285,-148.17955314526887
33,3286,-148.32529838904563
33,3287,-148.4710436328224
33,3288,-148.61678887659914
33,3289,-148.7625341203759
33,3290,-148.90827936415266
33,3291,-149.05402460792942
33,3292,-149.19976985170618
33,3293,-149.34551509548294
33,3294,-149.4912603392597
33,3295,-149.63700558303645
33,3296,-149.7827508268132
33,3297,-149.92849607058997
33,3298,-150.07424131436673
33,3299,-150.2199865581435
33,3300,-150.36573180192025
33,3301,-150.511477045697
33,3302,-150.65722228947376
33,3303,-150.80296753325052
33,3304,-150.94871277702728
33,3305,-151.09445802080404
33,3306,-151.2402032645808
33,3307,-151.38594850835756
33,3308,-151.53169375213432
33,3309,-151.67743899591107
33,3310,-151.82318423968783
33,3311,-151.9689294834646
33,3312,-152.11467472724135
33,3313,-152.2604199710181
33,3314,-152.40616521479487
33,3315,-152.55191045857163
33,3316,-152.69765570234838
33,3317,-152.84340094612514
33,3318,-152.9891461899019
33,3319,-153.13489143367866
33,3320,-153.28063667745542
33,3321,-153.42638192123218
33,3322,-153.57212716500894
33,3323,-153.7178724087857
33,3324,-153.86361765256245
33,3325,-154.0093628963392
33,3326,-154.15510814011597
33,3327,-154.30085338389273
33,3328,-154.4465986276695
34,3329,-154.59234387144625
34,3330,-154.738089115223
34,3331,-154.88383435899976
34,3332,-155.02957960277652
34,3333,-155.17532484655328
34,3334,-155.32107009033004
34,3335,-155.4668153341068
34,3336,-155.61256057788356
34,3337,-155.75830582166031
34,3338,-155.90405106543707
34,3339,-156.04979630921383
34,3340,-156.1955415529906
34,3341,-156.34128679676735
34,3342,-156.4870320405441
34,3343,-156.63277728432087
34,3344,-156.77852252809762
34,3345,-156.92426777187438
34,3346,-157.07001301565114
34,3347,-157.2157582594279
34,3348,-157.36150350320466
34,3349,-157.50724874698142
34,3350,-157.65299399075818
34,3351,-157.79873923453493
34,3352,-157.9444844783117
34,3353,-158.09022972208845
34,3354,-158.2359749658652
34,3355,-158.38172020964197
34,3356,-158.52746545341873
34,3357,-158.6732106971955
34,3358,-158.81895594097224
34,3359,-158.964701184749
34,3360,-159.11044642852576
34,3361,-159.25619167230252
34,3362,-159.40193691607928
34,3363,-159.54768215985604
34,3364,-159.6934274036328
34,3365,-159.83917264740955
34,3366,-159.9849178911863
34,3367,-160.13066313496307
34,3368,-160.27640837873983
34,3369,-160.4221536225166
34,3370,-160.56789886629335
34,3371,-160.7136441100701
34,3372,-160.85938935384686
34,3373,-161.00513459762362
34,3374,-161.15087984140038
34,3375,-161.29662508517714
34,3376,-161.4423703289539
34,3377,-161.58811557273066
34,3378,-161.73386081650742
34,3379,-161.87960606028417
34,3380,-161.93960821145436
34,3381,-161.99961036262454
34,3382,-162.05961251379472
34,3383,-162.1196146649649
34,3384,-162.17961681613508
34,3385,-162.23961896730526
34,3386,-162.29962111847544
34,3387,-162.35962326964562
34,3388,-162.4196254208158
34,3389,-162.479627571986
34,3390,-162.53962972315617
34,3391,-162.59963187432635
34,3392,-162.65963402549653
34,3393,-162.7196361766667
34,3394,-162.7796383278369
34,3395,-162.83964047900707
34,3396,-162.89964263017725
34,3397,-162.95964478134744
34,3398,-163.01964693251762
34,3399,-163.0796490836878
34,3400,-163.13965123485798
34,3401,-163.19965338602816
34,3402,-163.25965553719834
34,3403,-163.31965768836852
34,3404,-163.3796598395387
34,3405,-163.43966199070888
34,3406,-163.49966414187907
34,3407,-163.55966629304925
34,3408,-163.61966844421943
34,3409,-163.6796705953896
34,3410,-163.7396727465598
34,3411,-163.79967489772997
34,3412,-163.85967704890015
34,3413,-163.91967920007033
34,3414,-163.97968135124052
34,3415,-164.0396835024107
34,3416,-164.09968565358088
34,3417,-164.15968780475106
34,3418,-164.21968995592124
34,3419,-164.27969210709142
34,3420,-164.3396942582616
34,3421,-164.39969640943178
34,3422,-164.45969856060196
34,3423,-164.51970071177215
34,3424,-164.57970286294233
34,3425,-164.6397050141125
34,3426,-164.6997071652827
34,3427,-164.75970931645287
34,3428,-164.81971146762305
34,3429,-164.87971361879323
35,3430,-164.9397157699634
35,3431,-164.9997179211336
35,3432,-165.05972007230378
35,3433,-165.11972222347396
35,3434,-165.17972437464414
35,3435,-165.23972652581432
35,3436,-165.2997286769845
35,3437,-165.35973082815468
35,3438,-165.41973297932486
35,3439,-165.47973513049504
35,3440,-165.53973728166523
35,3441,-165.5997394328354
35,3442,-165.6597415840056
35,3443,-165.71974373517577
35,3444,-165.77974588634595
35,3445,-165.83974803751613
35,3446,-165.8997501886863
35,3447,-165.9597523398565
35,3448,-166.01975449102667
35,3449,-166.07975664219686
35,3450,-166.13975879336704
35,3451,-166.19976094453722
35,3452,-166.2597630957074
35,3453,-166.31976524687758
35,3454,-166.37976739804776
35,3455,-166.43976954921794
35,3456,-166.49977170038812
35,3457,-166.5597738515583
35,3458,-166.61977600272849
35,3459,-166.67977815389867
35,3460,-166.73978030506885
35,3461,-166.79978245623903
35,3462,-166.8597846074092
35,3463,-166.9197867585794
35,3464,-166.97978890974957
35,3465,-167.03979106091975
35,3466,-167.09979321208993
35,3467,-167.15979536326012
35,3468,-167.2197975144303
35,3469,-167.27979966560048
35,3470,-167.33980181677066
35,3471,-167.39980396794084
35,3472,-167.45980611911102
35,3473,-167.5198082702812
35,3474,-167.57981042145138
35,3475,-167.63981257262157
35,3476,-167.69981472379175
35,3477,-167.75981687496193
35,3478,-167.8198190261321
35,3479,-167.8798211773023
35,3480,-167.93982332847247
35,3481,-167.91428465390666
35,3482,-167.88874597934085
35,3483,-167.86320730477505
35,3484,-167.83766863020924
35,3485,-167.81212995564343
35,3486,-167.78659128107762
35,3487,-167.7610526065118
35,3488,-167.735513931946
35,3489,-167.7099752573802
35,3490,-167.68443658281439
35,3491,-167.65889790824858
35,3492,-167.63335923368277
35,3493,-167.60782055911696
35,3494,-167.58228188455115
35,3495,-167.55674320998534
35,3496,-167.53120453541953
35,3497,-167.50566586085372
35,3498,-167.48012718628792
35,3499,-167.4545885117221
35,3500,-167.4290498371563
35,3501,-167.4035111625905
35,3502,-167.37797248802468
35,3503,-167.35243381345887
35,3504,-167.32689513889306
35,3505,-167.30135646432726
35,3506,-167.27581778976145
35,3507,-167.25027911519564
35,3508,-167.22474044062983
35,3509,-167.19920176606402
35,3510,-167.1736630914982
35,3511,-167.1481244169324
35,3512,-167.1225857423666
35,3513,-167.0970470678008
35,3514,-167.07150839323498
35,3515,-167.04596971866917
35,3516,-167.02043104410336
35,3517,-166.99489236953755
35,3518,-166.96935369497174
35,3519,-166.94381502040594
35,3520,-166.91827634584013
35,3521,-166.89273767127432
35,3522,-166.8671989967085
35,3523,-166.8416603221427
35,3524,-166.8161216475769
35,3525,-166.79058297301108
35,3526,-166.76504429844528
35,3527,-166.73950562387947
35,3528,-166.71396694931366
35,3529,-166.68842827474785
35,3530,-166.66288960018204
36,3531,-166.63735092561623
36,3532,-166.61181225105042
36,3533,-166.58627357648461
36,3534,-166.5607349019188
36,3535,-166.535196227353
36,3536,-166.5096575527872
36,3537,-166.48411887822138
36,3538,-166.45858020365557
36,3539,-166.43304152908976
36,3540,-166.40750285452395
36,3541,-166.38196417995815
36,3542,-166.35642550539234
36,3543,-166.33088683082653
36,3544,-166.30534815626072
36,3545,-166.2798094816949
36,3546,-166.2542708071291
36,3547,-166.2287321325633
36,3548,-166.2031934579975
36,3549,-166.17765478343168
36,3550,-166.15211610886587
36,3551,-166.12657743430006
36,3552,-166.10103875973425
36,3553,-166.07550008516844
36,3554,-166.04996141060263
36,3555,-166.02442273603683
36,3556,-165.99888406147102
36,3557,-165.9733453869052
36,3558,-165.9478067123394
36,3559,-165.9222680377736
36,3560,-165.89672936320778
36,3561,-165.87119068864197
36,3562,-165.84565201407617
36,3563,-165.82011333951036
36,3564,-165.79457466494455
36,3565,-165.76903599037874
36,3566,-165.74349731581293
36,3567,-165.71795864124712
36,3568,-165.6924199666813
36,3569,-165.6668812921155
36,3570,-165.6413426175497
36,3571,-165.6158039429839
36,3572,-165.59026526841808
36,3573,-165.56472659385227
36,3574,-165.53918791928646
36,3575,-165.51364924472065
36,3576,-165.48811057015484
36,3577,-165.46257189558904
36,3578,-165.43703322102323
36,3579,-165.41149454645742
36,3580,-165.3859558718916
36,3581,-165.3604171973258
36,3582,-165.24984749173976
36,3583,-165.1392777861537
36,3584,-165.02870808056767
36,3585,-164.91813837498162
36,3586,-164.80756866939558
36,3587,-164.69699896380953
36,3588,-164.5864292582235
36,3589,-164.47585955263744
36,3590,-164.3652898470514
36,3591,-164.25472014146536
36,3592,-164.1441504358793
36,3593,-164.03358073029327
36,3594,-163.92301102470722
36,3595,-163.81244131912118
36,3596,-163.70187161353513
36,3597,-163.5913019079491
36,3598,-163.48073220236304
36,3599,-163.370162496777
36,3600,-163.25959279119095
36,3601,-163.1490230856049
36,3602,-163.03845338001886
36,3603,-162.92788367443282
36,3604,-162.81731396884678
36,3605,-162.70674426326073
36,3606,-162.5961745576747
36,3607,-162.48560485208864
36,3608,-162.3750351465026
36,3609,-162.26446544091655
36,3610,-162.1538957353305
36,3611,-162.04332602974446
36,3612,-161.93275632415842
36,3613,-161.82218661857237
36,3614,-161.71161691298633
36,3615,-161.60104720740028
36,3616,-161.49047750181424
36,3617,-161.3799077962282
36,3618,-161.26933809064215
36,3619,-161.1587683850561
36,3620,-161.04819867947006
36,3621,-160.93762897388402
36,3622,-160.82705926829797
36,3623,-160.71648956271193
36,3624,-160.60591985712588
36,3625,-160.49535015153984
36,3626,-160.3847804459538
36,3627,-160.27421074036775
36,3628,-160.1636410347817
36,3629,-160.05307132919566
36,3630,-159.94250162360962
36,3631,-159.83193191802357
37,3632,-159.72136221243753
37,3633,-159.61079250685148
37,3634,-159.50022280126544
37,3635,-159.3896530956794
37,3636,-159.27908339009335
37,3637,-159.1685136845073
37,3638,-159.05794397892126
37,3639,-158.9473742733352
37,3640,-158.83680456774917
37,3641,-158.72623486216312
37,3642,-158.61566515657708
37,3643,-158.50509545099104
37,3644,-158.394525745405
37,3645,-158.28395603981895
37,3646,-158.1733863342329
37,3647,-158.06281662864686
37,3648,-157.9522469230608
37,3649,-157.84167721747477
37,3650,-157.73110751188872
37,3651,-157.62053780630268
37,3652,-157.50996810071663
37,3653,-157.3993983951306
37,3654,-157.28882868954454
37,3655,-157.1782589839585
37,3656,-157.06768927837246
37,3657,-156.9571195727864
37,3658,-156.84654986720037
37,3659,-156.73598016161432
37,3660,-156.62541045602828
37,3661,-156.51484075044223
37,3662,-156.4042710448562
37,3663,-156.29370133927014
37,3664,-156.1831316336841
37,3665,-156.07256192809805
37,3666,-155.961992222512
37,3667,-155.85142251692596
37,3668,-155.74085281133992
37,3669,-155.63028310575388
37,3670,-155.51971340016783
37,3671,-155.4091436945818
37,3672,-155.29857398899574
37,3673,-155.1880042834097
37,3674,-155.07743457782365
37,3675,-154.9668648722376
37,3676,-154.85629516665156
37,3677,-154.74572546106552
37,3678,-154.63515575547947
37,3679,-154.52458604989343
37,3680,-154.41401634430738
37,3681,-154.30344663872134
37,3682,-154.1928769331353
37,3683,-153.9981120112876
37,3684,-153.80334708943988
37,3685,-153.60858216759217
37,3686,-153.41381724574447
37,3687,-153.21905232389676
37,3688,-153.02428740204905
37,3689,-152.82952248020135
37,3690,-152.63475755835364
37,3691,-152.43999263650593
37,3692,-152.24522771465823
37,3693,-152.05046279281052
37,3694,-151.8556978709628
37,3695,-151.6609329491151
37,3696,-151.4661680272674
37,3697,-151.2714031054197
37,3698,-151.076638183572
37,3699,-150.88187326172428
37,3700,-150.68710833987657
37,3701,-150.49234341802887
37,3702,-150.29757849618116
37,3703,-150.10281357433345
37,3704,-149.90804865248575
37,3705,-149.71328373063804
37,3706,-149.51851880879033
37,3707,-149.32375388694263
37,3708,-149.12898896509492
37,3709,-148.9342240432472
37,3710,-148.7394591213995
37,3711,-148.5446941995518
37,3712,-148.3499292777041
37,3713,-148.15516435585639
37,3714,-147.96039943400868
37,3715,-147.76563451216097
37,3716,-147.57086959031327
37,3717,-147.37610466846556
37,3718,-147.18133974661785
37,3719,-146.98657482477014
37,3720,-146.79180990292244
37,3721,-146.59704498107473
37,3722,-146.40228005922702
37,3723,-146.20751513737932
37,3724,-146.0127502155316
37,3725,-145.8179852936839
37,3726,-145.6232203718362
37,3727,-145.4284554499885
37,3728,-145.23369052814078
37,3729,-145.03892560629308
37,3730,-144.84416068444537
37,3731,-144.64939576259766
37,3732,-144.45463084074996
38,3733,-144.25986591890225
38,3734,-144.06510099705454
38,3735,-143.87033607520684
38,3736,-143.67557115335913
38,3737,-143.48080623151142
38,3738,-143.28604130966372
38,3739,-143.091276387816
38,3740,-142.8965114659683
38,3741,-142.7017465441206
38,3742,-142.5069816222729
38,3743,-142.31221670042518
38,3744,-142.11745177857748
38,3745,-141.92268685672977
38,3746,-141.72792193488206
38,3747,-141.53315701303436
38,3748,-141.33839209118665
38,3749,-141.14362716933894
38,3750,-140.94886224749123
38,3751,-140.75409732564353
38,3752,-140.55933240379582
38,3753,-140.36456748194811
38,3754,-140.1698025601004
38,3755,-139.9750376382527
38,3756,-139.780272716405
38,3757,-139.5855077945573
38,3758,-139.39074287270958
38,3759,-139.19597795086187
38,3760,-139.00121302901417
38,3761,-138.80644810716646
38,3762,-138.61168318531875
38,3763,-138.41691826347105
38,3764,-138.22215334162334
38,3765,-138.02738841977563
38,3766,-137.83262349792793
38,3767,-137.63785857608022
38,3768,-137.4430936542325
38,3769,-137.2483287323848
38,3770,-137.0535638105371
38,3771,-136.8587988886894
38,3772,-136.66403396684169
38,3773,-136.46926904499398
38,3774,-136.27450412314627
38,3775,-136.07973920129857
38,3776,-135.88497427945086
38,3777,-135.69020935760315
38,3778,-135.49544443575545
38,3779,-135.30067951390774
38,3780,-135.10591459206003
38,3781,-134.91114967021232
38,3782,-134.71638474836462
38,3783,-134.5216198265169
38,3784,-134.24383584674695
38,3785,-133.96605186697698
38,3786,-133.68826788720702
38,3787,-133.41048390743705
38,3788,-133.1326999276671
38,3789,-132.85491594789713
38,3790,-132.57713196812716
38,3791,-132.2993479883572
38,3792,-132.02156400858723
38,3793,-131.74378002881727
38,3794,-131.4659960490473
38,3795,-131.18821206927734
38,3796,-130.91042808950738
38,3797,-130.6326441097374
38,3798,-130.35486012996745
38,3799,-130.07707615019748
38,3800,-129.79929217042752
38,3801,-129.52150819065756
38,3802,-129.2437242108876
38,3803,-128.96594023111763
38,3804,-128.68815625134766
38,3805,-128.4103722715777
38,3806,-128.13258829180774
38,3807,-127.85480431203776
38,3808,-127.57702033226778
38,3809,-127.2992363524978
38,3810,-127.02145237272782
38,3811,-126.74366839295784
38,3812,-126.46588441318787
38,3813,-126.18810043341789
38,3814,-125.91031645364791
38,3815,-125.63253247387793
38,3816,-125.35474849410795
38,3817,-125.07696451433797
38,3818,-124.799180534568
38,3819,-124.52139655479802
38,3820,-124.24361257502804
38,3821,-123.96582859525806
38,3822,-123.68804461548808
38,3823,-123.4102606357181
38,3824,-123.13247665594812
38,3825,-122.85469267617815
38,3826,-122.57690869640817
38,3827,-122.29912471663819
38,3828,-122.02134073686821
38,3829,-121.74355675709823
38,3830,-121.46577277732825
38,3831,-121.18798879755828
38,3832,-120.9102048177883
38,3833,-120.63242083801832
39,3834,-120.35463685824834
39,3835,-120.07685287847836
39,3836,-119.79906889870838
39,3837,-119.5212849189384
39,3838,-119.24350093916843
39,3839,-118.96571695939845
39,3840,-118.68793297962847
39,3841,-118.41014899985849
39,3842,-118.13236502008851
39,3843,-117.85458104031854
39,3844,-117.57679706054856
39,3845,-117.29901308077858
39,3846,-117.0212291010086
39,3847,-116.74344512123862
39,3848,-116.46566114146864
39,3849,-116.18787716169867
39,3850,-115.91009318192869
39,3851,-115.63230920215871
39,3852,-115.35452522238873
39,3853,-115.07674124261875
39,3854,-114.79895726284877
39,3855,-114.5211732830788
39,3856,-114.24338930330882
39,3857,-113.96560532353884
39,3858,-113.68782134376886
39,3859,-113.41003736399888
39,3860,-113.1322533842289
39,3861,-112.85446940445892
39,3862,-112.57668542468895
39,3863,-112.29890144491897
39,3864,-112.02111746514899
39,3865,-111.74333348537901
39,3866,-111.46554950560903
39,3867,-111.18776552583905
39,3868,-110.90998154606908
39,3869,-110.6321975662991
39,3870,-110.35441358652912
39,3871,-110.07662960675914
39,3872,-109.79884562698916
39,3873,-109.52106164721918
39,3874,-109.2432776674492
39,3875,-108.96549368767923
39,3876,-108.68770970790925
39,3877,-108.40992572813927
39,3878,-108.13214174836929
39,3879,-107.85435776859931
39,3880,-107.57657378882934
39,3881,-107.29878980905936
39,3882,-107.02100582928938
39,3883,-106.7432218495194
39,3884,-106.46543786974942
39,3885,-106.1061652586586
39,3886,-105.74689264756779
39,3887,-105.38762003647697
39,3888,-105.02834742538616
39,3889,-104.66907481429534
39,3890,-104.30980220320453
39,3891,-103.95052959211371
39,3892,-103.5912569810229
39,3893,-103.23198436993208
39,3894,-102.87271175884126
39,3895,-102.51343914775045
39,3896,-102.15416653665963
39,3897,-101.79489392556881
39,3898,-101.435621314478
39,3899,-101.07634870338718
39,3900,-100.71707609229637
39,3901,-100.35780348120555
39,3902,-99.99853087011473
39,3903,-99.63925825902392
39,3904,-99.2799856479331
39,3905,-98.92071303684229
39,3906,-98.56144042575147
39,3907,-98.20216781466065
39,3908,-97.84289520356984
39,3909,-97.48362259247902
39,3910,-97.1243499813882
39,3911,-96.76507737029739
39,3912,-96.40580475920657
39,3913,-96.04653214811576
39,3914,-95.68725953702494
39,3915,-95.32798692593413
39,3916,-94.96871431484331
39,3917,-94.6094417037525
39,3918,-94.25016909266168
39,3919,-93.89089648157086
39,3920,-93.53162387048005
39,3921,-93.17235125938923
39,3922,-92.81307864829841
39,3923,-92.4538060372076
39,3924,-92.09453342611678
39,3925,-91.73526081502597
39,3926,-91.37598820393515
39,3927,-91.01671559284433
39,3928,-90.65744298175352
39,3929,-90.2981703706627
39,3930,-89.93889775957189
39,3931,-89.57962514848107
39,3932,-89.22035253739026
39,3933,-88.86107992629944
39,3934,-88.50180731520862
40,3935,-88.14253470411781
40,3936,-87.78326209302699
40,3937,-87.42398948193618
40,3938,-87.06471687084536
40,3939,-86.70544425975454
40,3940,-86.34617164866373
40,3941,-85.98689903757291
40,3942,-85.6276264264821
40,3943,-85.26835381539128
40,3944,-84.90908120430046
40,3945,-84.54980859320965
40,3946,-84.19053598211883
40,3947,-83.83126337102802
40,3948,-83.4719907599372
40,3949,-83.11271814884638
40,3950,-82.75344553775557
40,3951,-82.39417292666475
40,3952,-82.03490031557394
40,3953,-81.67562770448312
40,3954,-81.3163550933923
40,3955,-80.95708248230149
40,3956,-80.59780987121067
40,3957,-80.23853726011986
40,3958,-79.87926464902904
40,3959,-79.51999203793822
40,3960,-79.16071942684741
40,3961,-78.80144681575659
40,3962,-78.44217420466578
40,3963,-78.08290159357496
40,3964,-77.72362898248414
40,3965,-77.36435637139333
40,3966,-77.00508376030251
40,3967,-76.6458111492117
40,3968,-76.28653853812088
40,3969,-75.92726592703006
40,3970,-75.56799331593925
40,3971,-75.20872070484843
40,3972,-74.84944809375762
40,3973,-74.4901754826668
40,3974,-74.13090287157598
40,3975,-73.77163026048517
40,3976,-73.41235764939435
40,3977,-73.05308503830354
40,3978,-72.69381242721272
40,3979,-72.3345398161219
40,3980,-71.97526720503109
40,3981,-71.61599459394027
40,3982,-71.25672198284946
40,3983,-70.89744937175864
40,3984,-70.53817676066782
40,3985,-70.17890414957701
40,3986,-69.74003897343172
40,3987,-69.30117379728644
40,3988,-68.86230862114115
40,3989,-68.42344344499587
40,3990,-67.98457826885058
40,3991,-67.5457130927053
40,3992,-67.10684791656001
40,3993,-66.66798274041473
40,3994,-66.22911756426944
40,3995,-65.79025238812416
40,3996,-65.35138721197887
40,3997,-64.91252203583359
40,3998,-64.4736568596883
40,3999,-64.03479168354302
40,4000,-63.595926507397735
40,4001,-63.15706133125245
40,4002,-62.718196155107165
40,4003,-62.27933097896188
40,4004,-61.840465802816595
40,4005,-61.40160062667131
40,4006,-60.962735450526026
40,4007,-60.52387027438074
40,4008,-60.085005098235456
40,4009,-59.64613992209017
40,4010,-59.207274745944886
40,4011,-58.7684095697996
40,4012,-58.32954439365432
40,4013,-57.89067921750903
40,4014,-57.45181404136375
40,4015,-57.01294886521846
40,4016,-56.57408368907318
40,4017,-56.13521851292789
40,4018,-55.69635333678261
40,4019,-55.25748816063732
40,4020,-54.81862298449204
40,4021,-54.37975780834675
40,4022,-53.94089263220147
40,4023,-53.50202745605618
40,4024,-53.0631622799109
40,4025,-52.62429710376561
40,4026,-52.18543192762033
40,4027,-51.746566751475044
40,4028,-51.30770157532976
40,4029,-50.868836399184474
40,4030,-50.42997122303919
40,4031,-49.991106046893904
40,4032,-49.55224087074862
40,4033,-49.113375694603334
40,4034,-48.67451051845805
40,4035,-48.235645342312765
41,4036,-47.79678016616748
41,4037,-47.357914990022195
41,4038,-46.91904981387691
41,4039,-46.480184637731625
41,4040,-46.04131946158634
41,4041,-45.602454285441056
41,4042,-45.16358910929577
41,4043,-44.724723933150486
41,4044,-44.2858587570052
41,4045,-43.846993580859916
41,4046,-43.40812840471463
41,4047,-42.969263228569346
41,4048,-42.53039805242406
41,4049,-42.09153287627878
41,4050,-41.65266770013349
41,4051,-41.21380252398821
41,4052,-40.77493734784292
41,4053,-40.33607217169764
41,4054,-39.89720699555235
41,4055,-39.45834181940707
41,4056,-39.01947664326178
41,4057,-38.5806114671165
41,4058,-38.14174629097121
41,4059,-37.70288111482593
41,4060,-37.26401593868064
41,4061,-36.82515076253536
41,4062,-36.38628558639007
41,4063,-35.94742041024479
41,4064,-35.508555234099504
41,4065,-35.06969005795422
41,4066,-34.630824881808934
41,4067,-34.19195970566365
41,4068,-33.753094529518364
41,4069,-33.31422935337308
41,4070,-32.875364177227794
41,4071,-32.43649900108251
41,4072,-31.99763382493723
41,4073,-31.558768648791947
41,4074,-31.119903472646666
41,4075,-30.681038296501384
41,4076,-30.242173120356103
41,4077,-29.80330794421082
41,4078,-29.36444276806554
41,4079,-28.92557759192026
41,4080,-28.486712415774978
41,4081,-28.047847239629697
41,4082,-27.608982063484415
41,4083,-27.170116887339134
41,4084,-26.731251711193853
41,4085,-26.29238653504857
41,4086,-25.85352135890329
41,4087,-25.337332430282633
41,4088,-24.821143501661975
41,4089,-24.304954573041318
41,4090,-23.78876564442066
41,4091,-23.272576715800003
41,4092,-22.756387787179346
41,4093,-22.24019885855869
41,4094,-21.72400992993803
41,4095,-21.207821001317374
41,4096,-20.691632072696716
41,4097,-20.17544314407606
41,4098,-19.6592542154554
41,4099,-19.143065286834744
41,4100,-18.626876358214087
41,4101,-18.11068742959343
41,4102,-17.594498500972772
41,4103,-17.078309572352115
41,4104,-16.562120643731458
41,4105,-16.0459317151108
41,4106,-15.529742786490143
41,4107,-15.013553857869486
41,4108,-14.497364929248828
41,4109,-13.981176000628171
41,4110,-13.464987072007514
41,4111,-12.948798143386856
41,4112,-12.432609214766199
41,4113,-11.916420286145541
41,4114,-11.400231357524884
41,4115,-10.884042428904227
41,4116,-10.36785350028357
41,4117,-9.851664571662912
41,4118,-9.335475643042255
41,4119,-8.819286714421597
41,4120,-8.30309778580094
41,4121,-7.786908857180283
41,4122,-7.270719928559625
41,4123,-6.754530999938968
41,4124,-6.238342071318311
41,4125,-5.722153142697653
41,4126,-5.205964214076996
41,4127,-4.689775285456339
41,4128,-4.173586356835681
41,4129,-3.6573974282150243
41,4130,-3.1412084995943674
41,4131,-2.6250195709737105
41,4132,-2.1088306423530536
41,4133,-1.5926417137323967
41,4134,-1.0764527851117398
41,4135,-0.5602638564910829
41,4136,-0.044074927870425995
42,4137,0.4721140007502309
42,4138,0.9883029293708878
42,4139,1.5044918579915447
42,4140,2.0206807866122016
42,4141,2.5368697152328585
42,4142,3.0530586438535154
42,4143,3.5692475724741723
42,4144,4.085436501094829
42,4145,4.601625429715487
42,4146,5.117814358336144
42,4147,5.634003286956801
42,4148,6.150192215577459
42,4149,6.666381144198116
42,4150,7.182570072818773
42,4151,7.698759001439431
42,4152,8.214947930060088
42,4153,8.731136858680745
42,4154,9.247325787301403
42,4155,9.76351471592206
42,4156,10.279703644542717
42,4157,10.795892573163375
42,4158,11.312081501784032
42,4159,11.82827043040469
42,4160,12.344459359025347
42,4161,12.860648287646004
42,4162,13.376837216266662
42,4163,13.893026144887319
42,4164,14.409215073507976
42,4165,14.925404002128634
42,4166,15.441592930749291
42,4167,15.957781859369948
42,4168,16.473970787990606
42,4169,16.990159716611263
42,4170,17.50634864523192
42,4171,18.022537573852578
42,4172,18.538726502473235
42,4173,19.054915431093892
42,4174,19.57110435971455
42,4175,20.087293288335207
42,4176,20.603482216955864
42,4177,21.119671145576522
42,4178,21.63586007419718
42,4179,22.152049002817837
42,4180,22.668237931438494
42,4181,23.18442686005915
42,4182,23.70061578867981
42,4183,24.216804717300466
42,4184,24.732993645921123
42,4185,25.24918257454178
42,4186,25.765371503162438
42,4187,26.281560431783095
42,4188,26.87242514379533
42,4189,27.463289855807563
42,4190,28.054154567819797
42,4191,28.64501927983203
42,4192,29.235883991844265
42,4193,29.8267487038565
42,4194,30.417613415868733
42,4195,31.008478127880966
42,4196,31.5993428398932
42,4197,32.19020755190543
42,4198,32.781072263917665
42,4199,33.3719369759299
42,4200,33.96280168794213
42,4201,34.553666399954366
42,4202,35.1445311119666
42,4203,35.735395823978834
42,4204,36.32626053599107
42,4205,36.9171252480033
42,4206,37.507989960015536
42,4207,38.09885467202777
42,4208,38.68971938404
42,4209,39.28058409605224
42,4210,39.87144880806447
42,4211,40.462313520076705
42,4212,41.05317823208894
42,4213,41.64404294410117
42,4214,42.23490765611341
42,4215,42.82577236812564
42,4216,43.416637080137875
42,4217,44.00750179215011
42,4218,44.59836650416234
42,4219,45.189231216174576
42,4220,45.78009592818681
42,4221,46.370960640199044
42,4222,46.96182535221128
42,4223,47.55269006422351
42,4224,48.143554776235746
42,4225,48.73441948824798
42,4226,49.325284200260214
42,4227,49.91614891227245
42,4228,50.50701362428468
42,4229,51.097878336296915
42,4230,51.68874304830915
42,4231,52.27960776032138
42,4232,52.87047247233362
42,4233,53.46133718434585
42,4234,54.052201896358085
42,4235,54.64306660837032
42,4236,55.23393132038255
42,4237,55.82479603239479
43,4238,56.41566074440702
43,4239,57.006525456419254
43,4240,57.59739016843149
43,4241,58.18825488044372
43,4242,58.779119592455956
43,4243,59.36998430446819
43,4244,59.960849016480424
43,4245,60.55171372849266
43,4246,61.14257844050489
43,4247,61.733443152517125
43,4248,62.32430786452936
43,4249,62.91517257654159
43,4250,63.50603728855383
43,4251,64.09690200056606
43,4252,64.6877667125783
43,4253,65.27863142459053
43,4254,65.86949613660276
43,4255,66.460360848615
43,4256,67.05122556062723
43,4257,67.64209027263946
43,4258,68.2329549846517
43,4259,68.82381969666393
43,4260,69.41468440867617
43,4261,70.0055491206884
43,4262,70.59641383270063
43,4263,71.18727854471287
43,4264,71.7781432567251
43,4265,72.36900796873734
43,4266,72.95987268074957
43,4267,73.5507373927618
43,4268,74.14160210477404
43,4269,74.73246681678627
43,4270,75.3233315287985
43,4271,75.91419624081074
43,4272,76.50506095282297
43,4273,77.0959256648352
43,4274,77.68679037684744
43,4275,78.27765508885967
43,4276,78.86851980087191
43,4277,79.45938451288414
43,4278,80.05024922489638
43,4279,80.64111393690861
43,4280,81.23197864892084
43,4281,81.82284336093308
43,4282,82.41370807294531
43,4283,83.00457278495755
43,4284,83.59543749696978
43,4285,84.18630220898201
43,4286,84.77716692099425
43,4287,85.36803163300648
43,4288,86.03054030727206
43,4289,86.69304898153764
43,4290,87.35555765580322
43,4291,88.0180663300688
43,4292,88.68057500433439
43,4293,89.34308367859997
43,4294,90.00559235286555
43,4295,90.66810102713113
43,4296,91.33060970139671
43,4297,91.99311837566229
43,4298,92.65562704992787
43,4299,93.31813572419345
43,4300,93.98064439845903
43,4301,94.64315307272462
43,4302,95.3056617469902
43,4303,95.96817042125578
43,4304,96.63067909552136
43,4305,97.29318776978694
43,4306,97.95569644405252
43,4307,98.6182051183181
43,4308,99.28071379258368
43,4309,99.94322246684926
43,4310,100.60573114111484
43,4311,101.26823981538043
43,4312,101.930748489646
43,4313,102.59325716391159
43,4314,103.25576583817717
43,4315,103.91827451244275
43,4316,104.58078318670833
43,4317,105.24329186097391
43,4318,105.90580053523949
43,4319,106.56830920950507
43,4320,107.23081788377065
43,4321,107.89332655803624
43,4322,108.55583523230182
43,4323,109.2183439065674
43,4324,109.88085258083298
43,4325,110.54336125509856
43,4326,111.20586992936414
43,4327,111.86837860362972
43,4328,112.5308872778953
43,4329,113.19339595216088
43,4330,113.85590462642647
43,4331,114.51841330069205
43,4332,115.18092197495763
43,4333,115.84343064922321
43,4334,116.50593932348879
43,4335,117.16844799775437
43,4336,117.83095667201995
43,4337,118.49346534628553
44,4338,119.15597402055111
44,4339,119.8184826948167
44,4340,120.48099136908228
44,4341,121.14350004334786
44,4342,121.80600871761344
44,4343,122.46851739187902
44,4344,123.1310260661446
44,4345,123.79353474041018
44,4346,124.45604341467576
44,4347,125.11855208894134
44,4348,125.78106076320692
44,4349,126.4435694374725
44,4350,126.04757911173807
44,4351,125.65158878600364
44,4352,125.25559846026921
44,4353,124.85960813453478
44,4354,124.46361780880035
44,4355,124.06762748306592
44,4356,123.67163715733149
44,4357,123.27564683159706
44,4358,122.87965650586263
44,4359,122.4836661801282
44,4360,122.08767585439377
44,4361,121.69168552865933
44,4362,121.2956952029249
44,4363,120.89970487719047
44,4364,120.50371455145604
44,4365,120.10772422572161
44,4366,119.71173389998718
44,4367,119.31574357425275
44,4368,118.91975324851832
44,4369,118.52376292278389
44,4370,118.12777259704946
44,4371,117.73178227131503
44,4372,117.3357919455806
44,4373,116.93980161984616
44,4374,116.54381129411173
44,4375,116.1478209683773
44,4376,115.75183064264287
44,4377,115.35584031690844
44,4378,114.95984999117401
44,4379,114.56385966543958
44,4380,114.16786933970515
44,4381,113.77187901397072
44,4382,113.37588868823629
44,4383,112.97989836250186
44,4384,112.58390803676743
44,4385,112.187917711033
44,4386,111.79192738529856
44,4387,111.39593705956413
44,4388,110.9999467338297
44,4389,110.67217982959667
44,4390,110.34441292536364
44,4391,110.01664602113061
44,4392,109.68887911689758
44,4393,109.36111221266455
44,4394,109.03334530843152
44,4395,108.70557840419849
44,4396,108.37781149996546
44,4397,108.05004459573243
44,4398,107.7222776914994
44,4399,107.39451078726637
44,4400,107.06674388303334
44,4401,106.73897697880031
44,4402,106.41121007456728
44,4403,106.08344317033425
44,4404,105.75567626610122
44,4405,105.42790936186819
44,4406,105.10014245763516
44,4407,104.77237555340213
44,4408,104.4446086491691
44,4409,104.11684174493607
44,4410,103.78907484070304
44,4411,103.46130793647
44,4412,103.13354103223698
44,4413,102.80577412800395
44,4414,102.47800722377092
44,4415,102.15024031953789
44,4416,101.82247341530486
44,4417,101.49470651107183
44,4418,101.1669396068388
44,4419,100.83917270260577
44,4420,100.51140579837273
44,4421,100.1836388941397
44,4422,99.85587198990667
44,4423,99.52810508567364
44,4424,99.20033818144061
44,4425,98.87257127720758
44,4426,98.54480437297455
44,4427,98.21703746874152
44,4428,97.8892705645085
44,4429,97.56150366027546
44,4430,97.23373675604243
44,4431,96.9059698518094
44,4432,96.57820294757637
44,4433,96.25043604334334
44,4434,95.92266913911031
44,4435,95.59490223487728
44,4436,95.26713533064425
44,4437,94.93936842641122
44,4438,94.61160152217819
45,4439,94.28383461794516
45,4440,93.95606771371213
45,4441,93.6283008094791
45,4442,93.30053390524607
45,4443,92.97276700101304
45,4444,92.64500009678001
45,4445,92.31723319254698
45,4446,91.98946628831395
45,4447,91.66169938408092
45,4448,91.33393247984789
45,4449,91.00616557561486
45,4450,90.67839867138183
45,4451,90.3506317671488
45,4452,90.02286486291577
45,4453,89.69509795868274
45,4454,89.3673310544497
45,4455,89.03956415021668
45,4456,88.71179724598365
45,4457,88.38403034175062
45,4458,88.05626343751759
45,4459,87.72849653328456
45,4460,87.40072962905153
45,4461,87.0729627248185
45,4462,86.74519582058547
45,4463,86.41742891635243
45,4464,86.0896620121194
45,4465,85.76189510788637
45,4466,85.43412820365334
45,4467,85.10636129942031
45,4468,84.77859439518728
45,4469,84.45082749095425
45,4470,84.12306058672122
45,4471,83.7952936824882
45,4472,83.46752677825516
45,4473,83.13975987402213
45,4474,82.8119929697891
45,4475,82.48422606555607
45,4476,82.15645916132304
45,4477,81.82869225709001
45,4478,81.50092535285698
45,4479,81.17315844862395
45,4480,80.84539154439092
45,4481,80.51762464015789
45,4482,80.18985773592486
45,4483,79.86209083169183
45,4484,79.5343239274588
45,4485,79.20655702322577
45,4486,78.87879011899274
45,4487,78.55102321475971
45,4488,78.22325631052668
45,4489,77.89548940629365
45,4490,77.6318813119226
45,4491,77.36827321755155
45,4492,77.1046651231805
45,4493,76.84105702880944
45,4494,76.5774489344384
45,4495,76.31384084006734
45,4496,76.05023274569629
45,4497,75.78662465132524
45,4498,75.52301655695419
45,4499,75.25940846258314
45,4500,74.99580036821209
45,4501,74.73219227384104
45,4502,74.46858417946999
45,4503,74.20497608509893
45,4504,73.94136799072788
45,4505,73.67775989635683
45,4506,73.41415180198578
45,4507,73.15054370761473
45,4508,72.88693561324368
45,4509,72.62332751887263
45,4510,72.35971942450158
45,4511,72.09611133013053
45,4512,71.83250323575948
45,4513,71.56889514138842
45,4514,71.30528704701737
45,4515,71.04167895264632
45,4516,70.77807085827527
45,4517,70.51446276390422
45,4518,70.25085466953317
45,4519,69.98724657516212
45,4520,69.72363848079107
45,4521,69.46003038642002
45,4522,69.19642229204896
45,4523,68.93281419767791
45,4524,68.66920610330686
45,4525,68.40559800893581
45,4526,68.14198991456476
45,4527,67.87838182019371
45,4528,67.61477372582266
45,4529,67.35116563145161
45,4530,67.08755753708056
45,4531,66.8239494427095
45,4532,66.56034134833845
45,4533,66.2967332539674
45,4534,66.03312515959635
45,4535,65.7695170652253
45,4536,65.50590897085425
45,4537,65.2423008764832
45,4538,64.97869278211215
45,4539,64.7150846877411
46,4540,64.45147659337005
46,4541,64.187868498999
46,4542,63.924260404627944
46,4543,63.66065231025689
46,4544,63.39704421588584
46,4545,63.13343612151479
46,4546,62.86982802714374
46,4547,62.60621993277269
46,4548,62.34261183840164
46,4549,62.07900374403059
46,4550,61.815395649659536
46,4551,61.551787555288485
46,4552,61.28817946091743
46,4553,61.02457136654638
46,4554,60.76096327217533
46,4555,60.49735517780428
46,4556,60.23374708343323
46,4557,59.97013898906218
46,4558,59.70653089469113
46,4559,59.442922800320076
46,4560,59.179314705949025
46,4561,58.915706611577974
46,4562,58.65209851720692
46,4563,58.38849042283587
46,4564,58.12488232846482
46,4565,57.86127423409377
46,4566,57.59766613972272
46,4567,57.33405804535167
46,4568,57.07044995098062
46,4569,56.806841856609566
46,4570,56.543233762238515
46,4571,56.279625667867464
46,4572,56.01601757349641
46,4573,55.75240947912536
46,4574,55.48880138475431
46,4575,55.22519329038326
46,4576,54.96158519601221
46,4577,54.69797710164116
46,4578,54.43436900727011
46,4579,54.170760912899055
46,4580,53.907152818528004
46,4581,53.64354472415695
46,4582,53.3799366297859
46,4583,53.11632853541485
46,4584,52.8527204410438
46,4585,52.58911234667275
46,4586,52.3255042523017
46,4587,52.06189615793065
46,4588,51.798288063559596
46,4589,51.534679969188545
46,4590,51.271071874817494
46,4591,51.0668763172562
46,4592,50.86268075969491
46,4593,50.65848520213362
46,4594,50.45428964457233
46,4595,50.250094087011036
46,4596,50.045898529449744
46,4597,49.84170297188845
46,4598,49.63750741432716
46,4599,49.43331185676587
46,4600,49.22911629920458
46,4601,49.024920741643285
46,4602,48.820725184081994
46,4603,48.6165296265207
46,4604,48.41233406895941
46,4605,48.20813851139812
46,4606,48.00394295383683
46,4607,47.799747396275535
46,4608,47.59555183871424
46,4609,47.39135628115295
46,4610,47.18716072359166
46,4611,46.98296516603037
46,4612,46.77876960846908
46,4613,46.574574050907785
46,4614,46.37037849334649
46,4615,46.1661829357852
46,4616,45.96198737822391
46,4617,45.75779182066262
46,4618,45.553596263101326
46,4619,45.349400705540035
46,4620,45.14520514797874
46,4621,44.94100959041745
46,4622,44.73681403285616
46,4623,44.53261847529487
46,4624,44.328422917733576
46,4625,44.124227360172284
46,4626,43.92003180261099
46,4627,43.7158362450497
46,4628,43.51164068748841
46,4629,43.30744512992712
46,4630,43.103249572365826
46,4631,42.899054014804534
46,4632,42.69485845724324
46,4633,42.49066289968195
46,4634,42.28646734212066
46,4635,42.08227178455937
46,4636,41.878076226998076
46,4637,41.673880669436784
46,4638,41.46968511187549
46,4639,41.2654895543142
46,4640,41.06129399675291
47,4641,40.85709843919162
47,4642,40.652902881630325
47,4643,40.448707324069034
47,4644,40.24451176650774
47,4645,40.04031620894645
47,4646,39.83612065138516
47,4647,39.63192509382387
47,4648,39.427729536262575
47,4649,39.22353397870128
47,4650,39.01933842113999
47,4651,38.8151428635787
47,4652,38.61094730601741
47,4653,38.40675174845612
47,4654,38.202556190894825
47,4655,37.99836063333353
47,4656,37.79416507577224
47,4657,37.58996951821095
47,4658,37.38577396064966
47,4659,37.181578403088366
47,4660,36.977382845527075
47,4661,36.77318728796578
47,4662,36.56899173040449
47,4663,36.3647961728432
47,4664,36.16060061528191
47,4665,35.956405057720616
47,4666,35.752209500159324
47,4667,35.54801394259803
47,4668,35.34381838503674
47,4669,35.13962282747545
47,4670,34.93542726991416
47,4671,34.731231712352866
47,4672,34.527036154791574
47,4673,34.32284059723028
47,4674,34.11864503966899
47,4675,33.9144494821077
47,4676,33.71025392454641
47,4677,33.506058366985116
47,4678,33.301862809423824
47,4679,33.09766725186253
47,4680,32.89347169430124
47,4681,32.68927613673995
47,4682,32.48508057917866
47,4683,32.280885021617365
47,4684,32.076689464056074
47,4685,31.872493906494785
47,4686,31.668298348933497
47,4687,31.46410279137221
47,4688,31.25990723381092
47,4689,31.055711676249633
47,4690,30.851516118688345
47,4691,30.647320561127056
47,4692,30.49733454170437
47,4693,30.34734852228168
47,4694,30.197362502858994
47,4695,30.047376483436306
47,4696,29.89739046401362
47,4697,29.74740444459093
47,4698,29.597418425168243
47,4699,29.447432405745555
47,4700,29.297446386322868
47,4701,29.14746036690018
47,4702,28.997474347477493
47,4703,28.847488328054805
47,4704,28.697502308632117
47,4705,28.54751628920943
47,4706,28.397530269786742
47,4707,28.247544250364054
47,4708,28.097558230941367
47,4709,27.94757221151868
47,4710,27.79758619209599
47,4711,27.647600172673304
47,4712,27.497614153250616
47,4713,27.34762813382793
47,4714,27.19764211440524
47,4715,27.047656094982553
47,4716,26.897670075559866
47,4717,26.747684056137178
47,4718,26.59769803671449
47,4719,26.447712017291803
47,4720,26.297725997869115
47,4721,26.147739978446428
47,4722,25.99775395902374
47,4723,25.847767939601052
47,4724,25.697781920178365
47,4725,25.547795900755677
47,4726,25.39780988133299
47,4727,25.2478238619103
47,4728,25.097837842487614
47,4729,24.947851823064926
47,4730,24.79786580364224
47,4731,24.64787978421955
47,4732,24.497893764796864
47,4733,24.347907745374176
47,4734,24.19792172595149
47,4735,24.0479357065288
47,4736,23.897949687106113
47,4737,23.747963667683425
47,4738,23.597977648260738
47,4739,23.44799162883805
47,4740,23.298005609415362
47,4741,23.148019589992675
48,4742,22.998033570569987
48,4743,22.8480475511473
48,4744,22.698061531724612
48,4745,22.548075512301924
48,4746,22.398089492879237
48,4747,22.24810347345655
48,4748,22.09811745403386
48,4749,21.948131434611174
48,4750,21.798145415188486
48,4751,21.6481593957658
48,4752,21.49817337634311
48,4753,21.348187356920423
48,4754,21.198201337497736
48,4755,21.048215318075048
48,4756,20.89822929865236
48,4757,20.748243279229673
48,4758,20.598257259806985
48,4759,20.448271240384297
48,4760,20.29828522096161
48,4761,20.148299201538922
48,4762,19.998313182116235
48,4763,19.848327162693547
48,4764,19.69834114327086
48,4765,19.54835512384817
48,4766,19.398369104425484
48,4767,19.248383085002796
48,4768,19.09839706558011
48,4769,18.94841104615742
48,4770,18.798425026734733
48,4771,18.648439007312046
48,4772,18.498452987889358
48,4773,18.34846696846667
48,4774,18.198480949043983
48,4775,18.048494929621295
48,4776,17.898508910198608
48,4777,17.74852289077592
48,4778,17.598536871353232
48,4779,17.448550851930545
48,4780,17.298564832507857
48,4781,17.14857881308517
48,4782,16.998592793662482
48,4783,16.848606774239794
48,4784,16.698620754817107
48,4785,16.54863473539442
48,4786,16.39864871597173
48,4787,16.248662696549044
48,4788,16.098676677126356
48,4789,15.94869065770367
48,4790,15.798704638280984
48,4791,15.648718618858299
48,4792,15.498732599435613
48,4793,15.397322438588919
48,4794,15.295912277742225
48,4795,15.194502116895531
48,4796,15.093091956048838
48,4797,14.991681795202144
48,4798,14.89027163435545
48,4799,14.788861473508756
48,4800,14.687451312662063
48,4801,14.586041151815369
48,4802,14.484630990968675
48,4803,14.383220830121981
48,4804,14.281810669275288
48,4805,14.180400508428594
48,4806,14.0789903475819
48,4807,13.977580186735207
48,4808,13.876170025888513
48,4809,13.774759865041819
48,4810,13.673349704195125
48,4811,13.571939543348432
48,4812,13.470529382501738
48,4813,13.369119221655044
48,4814,13.26770906080835
48,4815,13.166298899961657
48,4816,13.064888739114963
48,4817,12.963478578268269
48,4818,12.862068417421575
48,4819,12.760658256574882
48,4820,12.659248095728188
48,4821,12.557837934881494
48,4822,12.4564277740348
48,4823,12.355017613188107
48,4824,12.253607452341413
48,4825,12.15219729149472
48,4826,12.050787130648025
48,4827,11.949376969801332
48,4828,11.847966808954638
48,4829,11.746556648107944
48,4830,11.64514648726125
48,4831,11.543736326414557
48,4832,11.442326165567863
48,4833,11.34091600472117
48,4834,11.239505843874475
48,4835,11.138095683027782
48,4836,11.036685522181088
48,4837,10.935275361334394
48,4838,10.8338652004877
48,4839,10.732455039641007
48,4840,10.631044878794313
48,4841,10.52963471794762
48,4842,10.428224557100926
49,4843,10.326814396254232
49,4844,10.225404235407538
49,4845,10.123994074560844
49,4846,10.02258391371415
49,4847,9.921173752867457
49,4848,9.819763592020763
49,4849,9.71835343117407
49,4850,9.616943270327376
49,4851,9.515533109480682
49,4852,9.414122948633988
49,4853,9.312712787787294
49,4854,9.2113026269406
49,4855,9.109892466093907
49,4856,9.008482305247213
49,4857,8.90707214440052
49,4858,8.805661983553826
49,4859,8.704251822707132
49,4860,8.602841661860438
49,4861,8.501431501013744
49,4862,8.40002134016705
49,4863,8.298611179320357
49,4864,8.197201018473663
49,4865,8.09579085762697
49,4866,7.994380696780275
49,4867,7.89297053593358
49,4868,7.791560375086886
49,4869,7.690150214240191
49,4870,7.588740053393496
49,4871,7.487329892546802
49,4872,7.385919731700107
49,4873,7.284509570853412
49,4874,7.183099410006718
49,4875,7.081689249160023
49,4876,6.9802790883133286
49,4877,6.878868927466634
49,4878,6.777458766619939
49,4879,6.676048605773245
49,4880,6.57463844492655
49,4881,6.473228284079855
49,4882,6.371818123233161
49,4883,6.270407962386466
49,4884,6.1689978015397715
49,4885,6.067587640693077
49,4886,5.966177479846382
49,4887,5.864767318999688
49,4888,5.763357158152993
49,4889,5.661946997306298
49,4890,5.560536836459604
49,4891,5.459126675612909
49,4892,5.3577165147662145
49,4893,5.25630635391952
49,4894,5.1968096256823975
49,4895,5.137312897445275
49,4896,5.077816169208153
49,4897,5.01831944097103
49,4898,4.958822712733908
49,4899,4.899325984496786
49,4900,4.839829256259663
49,4901,4.780332528022541
49,4902,4.7208357997854185
49,4903,4.661339071548296
49,4904,4.601842343311174
49,4905,4.542345615074051
49,4906,4.482848886836929
49,4907,4.423352158599807
49,4908,4.363855430362684
49,4909,4.304358702125562
49,4910,4.244861973888439
49,4911,4.185365245651317
49,4912,4.125868517414195
49,4913,4.066371789177072
49,4914,4.00687506093995
49,4915,3.9473783327028276
49,4916,3.887881604465705
49,4917,3.828384876228583
49,4918,3.7688881479914604
49,4919,3.709391419754338
49,4920,3.6498946915172157
49,4921,3.5903979632800933
49,4922,3.530901235042971
49,4923,3.4714045068058486
49,4924,3.411907778568726
49,4925,3.352411050331604
49,4926,3.2929143220944814
49,4927,3.233417593857359
49,4928,3.1739208656202367
49,4929,3.1144241373831143
49,4930,3.054927409145992
49,4931,2.9954306809088695
49,4932,2.935933952671747
49,4933,2.876437224434625
49,4934,2.8169404961975024
49,4935,2.75744376796038
49,4936,2.6979470397232577
49,4937,2.6384503114861353
49,4938,2.578953583249013
49,4939,2.5194568550118905
49,4940,2.459960126774768
49,4941,2.400463398537646
49,4942,2.3409666703005234
49,4943,2.281469942063401
50,4944,2.2219732138262787
50,4945,2.1624764855891563
50,4946,2.102979757352034
50,4947,2.0434830291149115
50,4948,1.9839863008777892
50,4949,1.9244895726406668
50,4950,1.8649928444035444
50,4951,1.805496116166422
50,4952,1.7459993879292997
50,4953,1.6865026596921773
50,4954,1.627005931455055
50,4955,1.5675092032179325
50,4956,1.5080124749808101
50,4957,1.4485157467436878
50,4958,1.3890190185065654
50,4959,1.329522290269443
50,4960,1.2700255620323206
50,4961,1.2105288337951983
50,4962,1.151032105558076
50,4963,1.0915353773209535
50,4964,1.0320386490838311
50,4965,0.9725419208467088
50,4966,0.9130451926095864
50,4967,0.853548464372464
50,4968,0.7940517361353416
50,4969,0.7345550078982193
50,4970,0.6750582796610969
50,4971,0.6155615514239745
50,4972,0.5560648231868521
50,4973,0.49656809494972975
50,4974,0.4370713667126074
50,4975,0.377574638475485
50,4976,0.3180779102383626
50,4977,0.25858118200124025
50,4978,0.19908445376411785
50,4979,0.13958772552699544
50,4980,0.08009099728987304
50,4981,0.020594269052750643
50,4982,-0.038902459184371754
50,4983,-0.09839918742149414
50,4984,-0.15789591565861655
50,4985,-0.21739264389573895
50,4986,-0.27688937213286136
50,4987,-0.33638610036998373
50,4988,-0.3958828286071061
50,4989,-0.4553795568442285
50,4990,-0.5148762850813509
50,4991,-0.5743730133184732
50,4992,-0.6338697415555956
50,4993,-0.693366469792718
50,4994,-0.7528631980298404
50,4995,-0.7788670311474112
50,4996,-0.804870864264982
50,4997,-0.8308746973825528
50,4998,-0.8568785305001236
50,4999,-0.8828823636176945
50,5000,-0.9088861967352653
50,5001,-0.9348900298528361
50,5002,-0.9608938629704069
50,5003,-0.9868976960879777
50,5004,-1.0129015292055485
50,5005,-1.0389053623231195
50,5006,-1.0649091954406904
50,5007,-1.0909130285582613
50,5008,-1.1169168616758323
50,5009,-1.1429206947934032
50,5010,-1.1689245279109741
50,5011,-1.194928361028545
50,5012,-1.220932194146116
50,5013,-1.246936027263687
50,5014,-1.2729398603812578
50,5015,-1.2989436934988288
50,5016,-1.3249475266163997
50,5017,-1.3509513597339706
50,5018,-1.3769551928515416
50,5019,-1.4029590259691125
50,5020,-1.4289628590866834
50,5021,-1.4549666922042543
50,5022,-1.4809705253218253
50,5023,-1.5069743584393962
50,5024,-1.5329781915569671
50,5025,-1.558982024674538
50,5026,-1.584985857792109
50,5027,-1.61098969090968
50,5028,-1.6369935240272508
50,5029,-1.6629973571448218
50,5030,-1.6890011902623927
50,5031,-1.7150050233799636
50,5032,-1.7410088564975346
50,5033,-1.7670126896151055
50,5034,-1.7930165227326764
50,5035,-1.8190203558502474
50,5036,-1.8450241889678183
50,5037,-1.8710280220853892
50,5038,-1.8970318552029601
50,5039,-1.923035688320531
50,5040,-1.949039521438102
50,5041,-1.975043354555673
50,5042,-2.001047187673244
50,5043,-2.0270510207908146
50,5044,-2.0530548539083853
51,5045,-2.079058687025956
51,5046,-2.1050625201435267
51,5047,-2.1310663532610974
51,5048,-2.157070186378668
51,5049,-2.183074019496239
51,5050,-2.2090778526138095
51,5051,-2.23508168573138
51,5052,-2.261085518848951
51,5053,-2.2870893519665216
51,5054,-2.3130931850840923
51,5055,-2.339097018201663
51,5056,-2.3651008513192338
51,5057,-2.3911046844368045
51,5058,-2.417108517554375
51,5059,-2.443112350671946
51,5060,-2.4691161837895166
51,5061,-2.4951200169070873
51,5062,-2.521123850024658
51,5063,-2.5471276831422287
51,5064,-2.5731315162597994
51,5065,-2.59913534937737
51,5066,-2.625139182494941
51,5067,-2.6511430156125115
51,5068,-2.6771468487300822
51,5069,-2.703150681847653
51,5070,-2.7291545149652237
51,5071,-2.7551583480827944
51,5072,-2.781162181200365
51,5073,-2.8071660143179358
51,5074,-2.8331698474355065
51,5075,-2.859173680553077
51,5076,-2.885177513670648
51,5077,-2.9111813467882186
51,5078,-2.9371851799057893
51,5079,-2.96318901302336
51,5080,-2.9891928461409307
51,5081,-3.0151966792585014
51,5082,-3.041200512376072
51,5083,-3.067204345493643
51,5084,-3.0932081786112136
51,5085,-3.1192120117287843
51,5086,-3.145215844846355
51,5087,-3.1712196779639257
51,5088,-3.1972235110814964
51,5089,-3.223227344199067
51,5090,-3.249231177316638
51,5091,-3.2752350104342085
51,5092,-3.301238843551779
51,5093,-3.32724267666935
51,5094,-3.3532465097869206
51,5095,-3.3792503429044913
51,5096,-3.3815851652201645
51,5097,-3.3839199875358377
51,5098,-3.386254809851511
51,5099,-3.388589632167184
51,5100,-3.390924454482857
51,5101,-3.3932592767985303
51,5102,-3.3955940991142035
51,5103,-3.3979289214298767
51,5104,-3.40026374374555
51,5105,-3.402598566061223
51,5106,-3.404933388376896
51,5107,-3.4072682106925694
51,5108,-3.4096030330082425
51,5109,-3.4119378553239157
51,5110,-3.414272677639589
51,5111,-3.416607499955262
51,5112,-3.418942322270935
51,5113,-3.4212771445866084
51,5114,-3.4236119669022815
51,5115,-3.4259467892179547
51,5116,-3.428281611533628
51,5117,-3.430616433849301
51,5118,-3.432951256164974
51,5119,-3.4352860784806474
51,5120,-3.4376209007963205
51,5121,-3.4399557231119937
51,5122,-3.442290545427667
51,5123,-3.44462536774334
51,5124,-3.446960190059013
51,5125,-3.4492950123746864
51,5126,-3.4516298346903596
51,5127,-3.4539646570060327
51,5128,-3.456299479321706
51,5129,-3.458634301637379
51,5130,-3.4609691239530522
51,5131,-3.4633039462687254
51,5132,-3.4656387685843986
51,5133,-3.4679735909000717
51,5134,-3.470308413215745
51,5135,-3.472643235531418
51,5136,-3.4749780578470912
51,5137,-3.4773128801627644
51,5138,-3.4796477024784376
51,5139,-3.4819825247941107
51,5140,-3.484317347109784
51,5141,-3.486652169425457
51,5142,-3.4889869917411303
51,5143,-3.4913218140568034
51,5144,-3.4936566363724766
51,5145,-3.4959914586881498
52,5146,-3.498326281003823
52,5147,-3.500661103319496
52,5148,-3.5029959256351693
52,5149,-3.5053307479508424
52,5150,-3.5076655702665156
52,5151,-3.5100003925821888
52,5152,-3.512335214897862
52,5153,-3.514670037213535
52,5154,-3.5170048595292083
52,5155,-3.5193396818448814
52,5156,-3.5216745041605546
52,5157,-3.5240093264762278
52,5158,-3.526344148791901
52,5159,-3.528678971107574
52,5160,-3.5310137934232473
52,5161,-3.5333486157389205
52,5162,-3.5356834380545936
52,5163,-3.538018260370267
52,5164,-3.54035308268594
52,5165,-3.542687905001613
52,5166,-3.5450227273172863
52,5167,-3.5473575496329595
52,5168,-3.5496923719486326
52,5169,-3.552027194264306
52,5170,-3.554362016579979
52,5171,-3.556696838895652
52,5172,-3.5590316612113253
52,5173,-3.5613664835269985
52,5174,-3.5637013058426716
52,5175,-3.566036128158345
52,5176,-3.568370950474018
52,5177,-3.570705772789691
52,5178,-3.5730405951053643
52,5179,-3.5753754174210375
52,5180,-3.5777102397367107
52,5181,-3.580045062052384
52,5182,-3.582379884368057
52,5183,-3.58471470668373
52,5184,-3.5870495289994033
52,5185,-3.5893843513150765
52,5186,-3.5917191736307497
52,5187,-3.594053995946423
52,5188,-3.596388818262096
52,5189,-3.598723640577769
52,5190,-3.6010584628934423
52,5191,-3.6033932852091155
52,5192,-3.6057281075247887
52,5193,-3.608062929840462
52,5194,-3.610397752156135
52,5195,-3.612732574471808
52,5196,-3.601875815323934
52,5197,-3.5910190561760595
52,5198,-3.5801622970281852
52,5199,-3.569305537880311
52,5200,-3.5584487787324366
52,5201,-3.5475920195845623
52,5202,-3.536735260436688
52,5203,-3.5258785012888136
52,5204,-3.5150217421409393
52,5205,-3.504164982993065
52,5206,-3.4933082238451907
52,5207,-3.4824514646973164
52,5208,-3.471594705549442
52,5209,-3.4607379464015677
52,5210,-3.4498811872536934
52,5211,-3.439024428105819
52,5212,-3.428167668957945
52,5213,-3.4173109098100705
52,5214,-3.406454150662196
52,5215,-3.395597391514322
52,5216,-3.3847406323664475
52,5217,-3.373883873218573
52,5218,-3.363027114070699
52,5219,-3.3521703549228246
52,5220,-3.3413135957749502
52,5221,-3.330456836627076
52,5222,-3.3196000774792016
52,5223,-3.3087433183313273
52,5224,-3.297886559183453
52,5225,-3.2870298000355787
52,5226,-3.2761730408877043
52,5227,-3.26531628173983
52,5228,-3.2544595225919557
52,5229,-3.2436027634440814
52,5230,-3.232746004296207
52,5231,-3.2218892451483327
52,5232,-3.2110324860004584
52,5233,-3.200175726852584
52,5234,-3.18931896770471
52,5235,-3.1784622085568355
52,5236,-3.167605449408961
52,5237,-3.156748690261087
52,5238,-3.1458919311132125
52,5239,-3.135035171965338
52,5240,-3.124178412817464
52,5241,-3.1133216536695896
52,5242,-3.1024648945217153
52,5243,-3.091608135373841
52,5244,-3.0807513762259666
52,5245,-3.0698946170780923
53,5246,-3.059037857930218
53,5247,-3.0481810987823437
53,5248,-3.0373243396344694
53,5249,-3.026467580486595
53,5250,-3.0156108213387207
53,5251,-3.0047540621908464
53,5252,-2.993897303042972
53,5253,-2.9830405438950978
53,5254,-2.9721837847472234
53,5255,-2.961327025599349
53,5256,-2.950470266451475
53,5257,-2.9396135073036005
53,5258,-2.928756748155726
53,5259,-2.917899989007852
53,5260,-2.9070432298599775
53,5261,-2.8961864707121032
53,5262,-2.885329711564229
53,5263,-2.8744729524163546
53,5264,-2.8636161932684803
53,5265,-2.852759434120606
53,5266,-2.8419026749727316
53,5267,-2.8310459158248573
53,5268,-2.820189156676983
53,5269,-2.8093323975291087
53,5270,-2.7984756383812344
53,5271,-2.78761887923336
53,5272,-2.7767621200854857
53,5273,-2.7659053609376114
53,5274,-2.755048601789737
53,5275,-2.7441918426418628
53,5276,-2.7333350834939885
53,5277,-2.722478324346114
53,5278,-2.71162156519824
53,5279,-2.7007648060503655
53,5280,-2.689908046902491
53,5281,-2.679051287754617
53,5282,-2.6681945286067426
53,5283,-2.6573377694588682
53,5284,-2.646481010310994
53,5285,-2.6356242511631196
53,5286,-2.6247674920152453
53,5287,-2.613910732867371
53,5288,-2.6030539737194966
53,5289,-2.5921972145716223
53,5290,-2.581340455423748
53,5291,-2.5704836962758737
53,5292,-2.5596269371279994
53,5293,-2.548770177980125
53,5294,-2.5379134188322507
53,5295,-2.5270566596843764
53,5296,-2.516199900536502
53,5297,-2.5023442176177313
53,5298,-2.4884885346989605
53,5299,-2.4746328517801897
53,5300,-2.460777168861419
53,5301,-2.446921485942648
53,5302,-2.433065803023877
53,5303,-2.4192101201051064
53,5304,-2.4053544371863356
53,5305,-2.3914987542675648
53,5306,-2.377643071348794
53,5307,-2.363787388430023
53,5308,-2.3499317055112523
53,5309,-2.3360760225924815
53,5310,-2.3222203396737107
53,5311,-2.30836465675494
53,5312,-2.294508973836169
53,5313,-2.280653290917398
53,5314,-2.2667976079986274
53,5315,-2.2529419250798566
53,5316,-2.2390862421610858
53,5317,-2.225230559242315
53,5318,-2.211374876323544
53,5319,-2.1975191934047733
53,5320,-2.1836635104860025
53,5321,-2.1698078275672317
53,5322,-2.155952144648461
53,5323,-2.14209646172969
53,5324,-2.128240778810919
53,5325,-2.1143850958921484
53,5326,-2.1005294129733776
53,5327,-2.0866737300546068
53,5328,-2.072818047135836
53,5329,-2.058962364217065
53,5330,-2.0451066812982943
53,5331,-2.0312509983795235
53,5332,-2.0173953154607527
53,5333,-2.003539632541982
53,5334,-1.989683949623211
53,5335,-1.9758282667044402
53,5336,-1.9619725837856694
53,5337,-1.9481169008668986
53,5338,-1.9342612179481278
53,5339,-1.920405535029357
53,5340,-1.9065498521105861
53,5341,-1.8926941691918153
53,5342,-1.8788384862730445
53,5343,-1.8649828033542737
53,5344,-1.8511271204355029
53,5345,-1.837271437516732
53,5346,-1.8234157545979612
54,5347,-1.8095600716791904
54,5348,-1.7957043887604196
54,5349,-1.7818487058416488
54,5350,-1.767993022922878
54,5351,-1.7541373400041071
54,5352,-1.7402816570853363
54,5353,-1.7264259741665655
54,5354,-1.7125702912477947
54,5355,-1.6987146083290239
54,5356,-1.684858925410253
54,5357,-1.6710032424914822
54,5358,-1.6571475595727114
54,5359,-1.6432918766539406
54,5360,-1.6294361937351698
54,5361,-1.615580510816399
54,5362,-1.6017248278976282
54,5363,-1.5878691449788573
54,5364,-1.5740134620600865
54,5365,-1.5601577791413157
54,5366,-1.5463020962225449
54,5367,-1.532446413303774
54,5368,-1.5185907303850033
54,5369,-1.5047350474662324
54,5370,-1.4908793645474616
54,5371,-1.4770236816286908
54,5372,-1.46316799870992
54,5373,-1.4493123157911492
54,5374,-1.4354566328723783
54,5375,-1.4216009499536075
54,5376,-1.4077452670348367
54,5377,-1.393889584116066
54,5378,-1.380033901197295
54,5379,-1.3661782182785243
54,5380,-1.3523225353597534
54,5381,-1.3384668524409826
54,5382,-1.3246111695222118
54,5383,-1.310755486603441
54,5384,-1.2968998036846702
54,5385,-1.2830441207658994
54,5386,-1.2691884378471285
54,5387,-1.2553327549283577
54,5388,-1.241477072009587
54,5389,-1.227621389090816
54,5390,-1.2137657061720453
54,5391,-1.1999100232532744
54,5392,-1.1860543403345036
54,5393,-1.1721986574157328
54,5394,-1.158342974496962
54,5395,-1.1444872915781912
54,5396,-1.1306316086594204
54,5397,-1.1167759257406495
54,5398,-1.1076919350054228
54,5399,-1.0986079442701961
54,5400,-1.0895239535349694
54,5401,-1.0804399627997427
54,5402,-1.071355972064516
54,5403,-1.0622719813292893
54,5404,-1.0531879905940627
54,5405,-1.044103999858836
54,5406,-1.0350200091236093
54,5407,-1.0259360183883826
54,5408,-1.0168520276531559
54,5409,-1.0077680369179292
54,5410,-0.9986840461827025
54,5411,-0.9896000554474758
54,5412,-0.9805160647122491
54,5413,-0.9714320739770224
54,5414,-0.9623480832417957
54,5415,-0.953264092506569
54,5416,-0.9441801017713423
54,5417,-0.9350961110361156
54,5418,-0.9260121203008889
54,5419,-0.9169281295656622
54,5420,-0.9078441388304355
54,5421,-0.8987601480952088
54,5422,-0.8896761573599821
54,5423,-0.8805921666247554
54,5424,-0.8715081758895287
54,5425,-0.862424185154302
54,5426,-0.8533401944190753
54,5427,-0.8442562036838486
54,5428,-0.8351722129486219
54,5429,-0.8260882222133952
54,5430,-0.8170042314781685
54,5431,-0.8079202407429418
54,5432,-0.7988362500077151
54,5433,-0.7897522592724884
54,5434,-0.7806682685372617
54,5435,-0.771584277802035
54,5436,-0.7625002870668083
54,5437,-0.7534162963315816
54,5438,-0.7443323055963549
54,5439,-0.7352483148611282
54,5440,-0.7261643241259015
54,5441,-0.7170803333906748
54,5442,-0.7079963426554481
54,5443,-0.6989123519202214
54,5444,-0.6898283611849947
54,5445,-0.680744370449768
54,5446,-0.6716603797145413
54,5447,-0.6625763889793146
55,5448,-0.6534923982440879
55,5449,-0.6444084075088612
55,5450,-0.6353244167736345
55,5451,-0.6262404260384078
55,5452,-0.6171564353031811
55,5453,-0.6080724445679544
55,5454,-0.5989884538327277
55,5455,-0.589904463097501
55,5456,-0.5808204723622743
55,5457,-0.5717364816270476
55,5458,-0.5626524908918209
55,5459,-0.5535685001565942
55,5460,-0.5444845094213675
55,5461,-0.5354005186861408
55,5462,-0.5263165279509141
55,5463,-0.5172325372156874
55,5464,-0.5081485464804607
55,5465,-0.49906455574523395
55,5466,-0.4899805650100072
55,5467,-0.48089657427478044
55,5468,-0.4718125835395537
55,5469,-0.46272859280432693
55,5470,-0.4536446020691002
55,5471,-0.4445606113338734
55,5472,-0.43547662059864667
55,5473,-0.4263926298634199
55,5474,-0.41730863912819316
55,5475,-0.4082246483929664
55,5476,-0.39914065765773965
55,5477,-0.3900566669225129
55,5478,-0.38097267618728614
55,5479,-0.3718886854520594
55,5480,-0.36280469471683263
55,5481,-0.3537207039816059
55,5482,-0.3446367132463791
55,5483,-0.33555272251115237
55,5484,-0.3264687317759256
55,5485,-0.31738474104069886
55,5486,-0.3083007503054721
55,5487,-0.29921675957024535
55,5488,-0.2901327688350186
55,5489,-0.28104877809979184
55,5490,-0.2719647873645651
55,5491,-0.26288079662933833
55,5492,-0.2537968058941116
55,5493,-0.24471281515888485
55,5494,-0.23562882442365812
55,5495,-0.2265448336884314
55,5496,-0.21746084295320467
55,5497,-0.20837685221797794
55,5498,-0.19929286148275122
55,5499,-0.19725721107116345
55,5500,-0.1952215606595757
55,5501,-0.19318591024798792
55,5502,-0.19115025983640016
55,5503,-0.1891146094248124
55,5504,-0.18707895901322463
55,5505,-0.18504330860163687
55,5506,-0.1830076581900491
55,5507,-0.18097200777846134
55,5508,-0.17893635736687358
55,5509,-0.1769007069552858
55,5510,-0.17486505654369805
55,5511,-0.17282940613211029
55,5512,-0.17079375572052252
55,5513,-0.16875810530893476
55,5514,-0.166722454897347
55,5515,-0.16468680448575923
55,5516,-0.16265115407417147
55,5517,-0.1606155036625837
55,5518,-0.15857985325099594
55,5519,-0.15654420283940818
55,5520,-0.1545085524278204
55,5521,-0.15247290201623265
55,5522,-0.15043725160464488
55,5523,-0.14840160119305712
55,5524,-0.14636595078146936
55,5525,-0.1443303003698816
55,5526,-0.14229464995829383
55,5527,-0.14025899954670606
55,5528,-0.1382233491351183
55,5529,-0.13618769872353054
55,5530,-0.13415204831194277
55,5531,-0.132116397900355
55,5532,-0.13008074748876725
55,5533,-0.12804509707717948
55,5534,-0.12600944666559172
55,5535,-0.12397379625400395
55,5536,-0.12193814584241619
55,5537,-0.11990249543082843
55,5538,-0.11786684501924066
55,5539,-0.1158311946076529
55,5540,-0.11379554419606513
55,5541,-0.11175989378447737
55,5542,-0.10972424337288961
55,5543,-0.10768859296130184
55,5544,-0.10565294254971408
55,5545,-0.10361729213812632
55,5546,-0.10158164172653855
55,5547,-0.09954599131495079
55,5548,-0.09751034090336302
56,5549,-0.09547469049177526
56,5550,-0.0934390400801875
56,5551,-0.09140338966859973
56,5552,-0.08936773925701197
56,5553,-0.0873320888454242
56,5554,-0.08529643843383644
56,5555,-0.08326078802224868
56,5556,-0.08122513761066091
56,5557,-0.07918948719907315
56,5558,-0.07715383678748539
56,5559,-0.07511818637589762
56,5560,-0.07308253596430986
56,5561,-0.0710468855527221
56,5562,-0.06901123514113433
56,5563,-0.06697558472954657
56,5564,-0.0649399343179588
56,5565,-0.06290428390637104
56,5566,-0.060868633494783275
56,5567,-0.05883298308319551
56,5568,-0.05679733267160775
56,5569,-0.054761682260019984
56,5570,-0.05272603184843222
56,5571,-0.050690381436844456
56,5572,-0.04865473102525669
56,5573,-0.04661908061366893
56,5574,-0.044583430202081165
56,5575,-0.0425477797904934
56,5576,-0.04051212937890564
56,5577,-0.03847647896731787
56,5578,-0.03644082855573011
56,5579,-0.034405178144142345
56,5580,-0.03236952773255458
56,5581,-0.030333877320966814
56,5582,-0.028298226909379047
56,5583,-0.02626257649779128
56,5584,-0.024226926086203512
56,5585,-0.022191275674615745
56,5586,-0.020155625263027978
56,5587,-0.01811997485144021
56,5588,-0.016084324439852443
56,5589,-0.014048674028264676
56,5590,-0.012013023616676909
56,5591,-0.009977373205089141
56,5592,-0.007941722793501374
56,5593,-0.005906072381913607
56,5594,-0.00387042197032584
56,5595,-0.001834771558738073
56,5596,0.0002008788528496939
56,5597,0.0022365292644374608
56,5598,0.004272179676025228
56,5599,0.006307830087612995
56,5600,0.006232475188339816
56,5601,0.006157120289066637
56,5602,0.006081765389793458
56,5603,0.006006410490520279
56,5604,0.0059310555912471
56,5605,0.005855700691973921
56,5606,0.005780345792700742
56,5607,0.005704990893427563
56,5608,0.005629635994154384
56,5609,0.005554281094881205
56,5610,0.005478926195608026
56,5611,0.005403571296334847
56,5612,0.005328216397061668
56,5613,0.0052528614977884885
56,5614,0.0051775065985153095
56,5615,0.00510215169924213
56,5616,0.005026796799968951
56,5617,0.004951441900695772
56,5618,0.004876087001422593
56,5619,0.004800732102149414
56,5620,0.004725377202876235
56,5621,0.004650022303603056
56,5622,0.004574667404329877
56,5623,0.004499312505056698
56,5624,0.004423957605783519
56,5625,0.00434860270651034
56,5626,0.004273247807237161
56,5627,0.004197892907963982
56,5628,0.004122538008690803
56,5629,0.004047183109417624
56,5630,0.0039718282101444445
56,5631,0.003896473310871265
56,5632,0.0038211184115980856
56,5633,0.003745763512324906
56,5634,0.0036704086130517266
56,5635,0.003595053713778547
56,5636,0.0035196988145053676
56,5637,0.003444343915232188
56,5638,0.0033689890159590086
56,5639,0.003293634116685829
56,5640,0.0032182792174126496
56,5641,0.00314292431813947
56,5642,0.0030675694188662906
56,5643,0.002992214519593111
56,5644,0.0029168596203199317
56,5645,0.002841504721046752
56,5646,0.0027661498217735727
56,5647,0.002690794922500393
56,5648,0.0026154400232272137
56,5649,0.002540085123954034
