Station,Length,Shear
0,0,0.0
0,1,0.0
0,2,0.0
0,3,0.0
0,4,0.0
0,5,0.0
0,6,0.0
0,7,0.0
0,8,0.0
0,9,0.0
0,10,0.0
0,11,0.0
0,12,0.0
0,13,0.0
0,14,0.0
0,15,0.0
0,16,0.0
0,17,0.0
0,18,0.0
0,19,0.0
0,20,0.0
0,21,0.0
0,22,0.0
0,23,0.0
0,24,0.0
0,25,0.0
0,26,0.0
0,27,0.0
0,28,0.0
0,29,0.0
0,30,0.0
0,31,0.0
0,32,0.0
0,33,0.0
0,34,0.0
0,35,0.0
0,36,0.0
0,37,0.0
0,38,0.0
0,39,0.0
0,40,0.0
0,41,0.0
0,42,0.0
0,43,0.0
0,44,0.0
0,45,0.0
0,46,0.0
0,47,0.0
0,48,0.0
0,49,0.0
0,50,0.0
0,51,-2.3060415283243203
0,52,-2.3060415283243203
0,53,-2.3060415283243203
0,54,-2.3060415283243203
0,55,-2.3060415283243203
0,56,-2.3060415283243203
0,57,-2.3060415283243203
0,58,-2.3060415283243203
0,59,-2.3060415283243203
0,60,-2.3060415283243203
0,61,-2.3060415283243203
0,62,-2.3060415283243203
0,63,-2.3060415283243203
0,64,-2.3060415283243203
0,65,-2.3060415283243203
0,66,-2.3060415283243203
0,67,-2.3060415283243203
0,68,-2.3060415283243203
0,69,-2.3060415283243203
0,70,-2.3060415283243203
0,71,-2.3060415283243203
0,72,-2.3060415283243203
0,73,-2.3060415283243203
0,74,-2.3060415283243203
0,75,-2.3060415283243203
0,76,-2.3060415283243203
0,77,-2.3060415283243203
0,78,-2.3060415283243203
0,79,-2.3060415283243203
0,80,-2.3060415283243203
0,81,-2.3060415283243203
0,82,-2.3060415283243203
0,83,-2.3060415283243203
0,84,-2.3060415283243203
0,85,-2.3060415283243203
0,86,-2.3060415283243203
0,87,-2.3060415283243203
0,88,-2.3060415283243203
0,89,-2.3060415283243203
0,90,-2.3060415283243203
0,91,-2.3060415283243203
0,92,-2.3060415283243203
0,93,-2.3060415283243203
0,94,-2.3060415283243203
0,95,-2.3060415283243203
0,96,-2.3060415283243203
0,97,-2.3060415283243203
0,98,-2.3060415283243203
0,99,-2.3060415283243203
0,100,-2.3060415283243203
1,101,-2.3060415283243203
1,102,-2.3060415283243203
1,103,-2.3060415283243203
1,104,-2.3060415283243203
1,105,-2.3060415283243203
1,106,-2.3060415283243203
1,107,-2.3060415283243203
1,108,-2.3060415283243203
1,109,-2.3060415283243203
1,110,-2.3060415283243203
1,111,-2.3060415283243203
1,112,-2.3060415283243203
1,113,-2.3060415283243203
1,114,-2.3060415283243203
1,115,-2.3060415283243203
1,116,-2.3060415283243203
1,117,-2.3060415283243203
1,118,-2.3060415283243203
1,119,-2.3060415283243203
1,120,-2.3060415283243203
1,121,-2.3060415283243203
1,122,-2.3060415283243203
1,123,-2.3060415283243203
1,124,-2.3060415283243203
1,125,-2.3060415283243203
1,126,-2.3060415283243203
1,127,-2.3060415283243203
1,128,-2.3060415283243203
1,129,-2.3060415283243203
1,130,-2.3060415283243203
1,131,-2.3060415283243203
1,132,-2.3060415283243203
1,133,-2.3060415283243203
1,134,-2.3060415283243203
1,135,-2.3060415283243203
1,136,-2.3060415283243203
1,137,-2.3060415283243203
1,138,-2.3060415283243203
1,139,-2.3060415283243203
1,140,-2.3060415283243203
1,141,-2.3060415283243203
1,142,-2.3060415283243203
1,143,-2.3060415283243203
1,144,-2.3060415283243203
1,145,-2.3060415283243203
1,146,-2.3060415283243203
1,147,-2.3060415283243203
1,148,-2.3060415283243203
1,149,-2.3060415283243203
1,150,-2.3060415283243203
1,151,-2.3060415283243203
1,152,-12.127300201036194
1,153,-12.127300201036194
1,154,-12.127300201036194
1,155,-12.127300201036194
1,156,-12.127300201036194
1,157,-12.127300201036194
1,158,-12.127300201036194
1,159,-12.127300201036194
1,160,-12.127300201036194
1,161,-12.127300201036194
1,162,-12.127300201036194
1,163,-12.127300201036194
1,164,-12.127300201036194
1,165,-12.127300201036194
1,166,-12.127300201036194
1,167,-12.127300201036194
1,168,-12.127300201036194
1,169,-12.127300201036194
1,170,-12.127300201036194
1,171,-12.127300201036194
1,172,-12.127300201036194
1,173,-12.127300201036194
1,174,-12.127300201036194
1,175,-12.127300201036194
1,176,-12.127300201036194
1,177,-12.127300201036194
1,178,-12.127300201036194
1,179,-12.127300201036194
1,180,-12.127300201036194
1,181,-12.127300201036194
1,182,-12.127300201036194
1,183,-12.127300201036194
1,184,-12.127300201036194
1,185,-12.127300201036194
1,186,-12.127300201036194
1,187,-12.127300201036194
1,188,-12.127300201036194
1,189,-12.127300201036194
1,190,-12.127300201036194
1,191,-12.127300201036194
1,192,-12.127300201036194
1,193,-12.127300201036194
1,194,-12.127300201036194
1,195,-12.127300201036194
1,196,-12.127300201036194
1,197,-12.127300201036194
1,198,-12.127300201036194
1,199,-12.127300201036194
1,200,-12.127300201036194
1,201,-12.127300201036194
2,202,-12.127300201036194
2,203,-12.127300201036194
2,204,-12.127300201036194
2,205,-12.127300201036194
2,206,-12.127300201036194
2,207,-12.127300201036194
2,208,-12.127300201036194
2,209,-12.127300201036194
2,210,-12.127300201036194
2,211,-12.127300201036194
2,212,-12.127300201036194
2,213,-12.127300201036194
2,214,-12.127300201036194
2,215,-12.127300201036194
2,216,-12.127300201036194
2,217,-12.127300201036194
2,218,-12.127300201036194
2,219,-12.127300201036194
2,220,-12.127300201036194
2,221,-12.127300201036194
2,222,-12.127300201036194
2,223,-12.127300201036194
2,224,-12.127300201036194
2,225,-12.127300201036194
2,226,-12.127300201036194
2,227,-12.127300201036194
2,228,-12.127300201036194
2,229,-12.127300201036194
2,230,-12.127300201036194
2,231,-12.127300201036194
2,232,-12.127300201036194
2,233,-12.127300201036194
2,234,-12.127300201036194
2,235,-12.127300201036194
2,236,-12.127300201036194
2,237,-12.127300201036194
2,238,-12.127300201036194
2,239,-12.127300201036194
2,240,-12.127300201036194
2,241,-12.127300201036194
2,242,-12.127300201036194
2,243,-12.127300201036194
2,244,-12.127300201036194
2,245,-12.127300201036194
2,246,-12.127300201036194
2,247,-12.127300201036194
2,248,-12.127300201036194
2,249,-12.127300201036194
2,250,-12.127300201036194
2,251,-12.127300201036194
2,252,-12.127300201036194
2,253,-27.31523784047741
2,254,-27.31523784047741
2,255,-27.31523784047741
2,256,-27.31523784047741
2,257,-27.31523784047741
2,258,-27.31523784047741
2,259,-27.31523784047741
2,260,-27.31523784047741
2,261,-27.31523784047741
2,262,-27.31523784047741
2,263,-27.31523784047741
2,264,-27.31523784047741
2,265,-27.31523784047741
2,266,-27.31523784047741
2,267,-27.31523784047741
2,268,-27.31523784047741
2,269,-27.31523784047741
2,270,-27.31523784047741
2,271,-27.31523784047741
2,272,-27.31523784047741
2,273,-27.31523784047741
2,274,-27.31523784047741
2,275,-27.31523784047741
2,276,-27.31523784047741
2,277,-27.31523784047741
2,278,-27.31523784047741
2,279,-27.31523784047741
2,280,-27.31523784047741
2,281,-27.31523784047741
2,282,-27.31523784047741
2,283,-27.31523784047741
2,284,-27.31523784047741
2,285,-27.31523784047741
2,286,-27.31523784047741
2,287,-27.31523784047741
2,288,-27.31523784047741
2,289,-27.31523784047741
2,290,-27.31523784047741
2,291,-27.31523784047741
2,292,-27.31523784047741
2,293,-27.31523784047741
2,294,-27.31523784047741
2,295,-27.31523784047741
2,296,-27.31523784047741
2,297,-27.31523784047741
2,298,-27.31523784047741
2,299,-27.31523784047741
2,300,-27.31523784047741
2,301,-27.31523784047741
2,302,-27.31523784047741
3,303,-27.31523784047741
3,304,-27.31523784047741
3,305,-27.31523784047741
3,306,-27.31523784047741
3,307,-27.31523784047741
3,308,-27.31523784047741
3,309,-27.31523784047741
3,310,-27.31523784047741
3,311,-27.31523784047741
3,312,-27.31523784047741
3,313,-27.31523784047741
3,314,-27.31523784047741
3,315,-27.31523784047741
3,316,-27.31523784047741
3,317,-27.31523784047741
3,318,-27.31523784047741
3,319,-27.31523784047741
3,320,-27.31523784047741
3,321,-27.31523784047741
3,322,-27.31523784047741
3,323,-27.31523784047741
3,324,-27.31523784047741
3,325,-27.31523784047741
3,326,-27.31523784047741
3,327,-27.31523784047741
3,328,-27.31523784047741
3,329,-27.31523784047741
3,330,-27.31523784047741
3,331,-27.31523784047741
3,332,-27.31523784047741
3,333,-27.31523784047741
3,334,-27.31523784047741
3,335,-27.31523784047741
3,336,-27.31523784047741
3,337,-27.31523784047741
3,338,-27.31523784047741
3,339,-27.31523784047741
3,340,-27.31523784047741
3,341,-27.31523784047741
3,342,-27.31523784047741
3,343,-27.31523784047741
3,344,-27.31523784047741
3,345,-27.31523784047741
3,346,-27.31523784047741
3,347,-27.31523784047741
3,348,-27.31523784047741
3,349,-27.31523784047741
3,350,-27.31523784047741
3,351,-27.31523784047741
3,352,-27.31523784047741
3,353,-27.31523784047741
3,354,-45.031153586543496
3,355,-45.031153586543496
3,356,-45.031153586543496
3,357,-45.031153586543496
3,358,-45.031153586543496
3,359,-45.031153586543496
3,360,-45.031153586543496
3,361,-45.031153586543496
3,362,-45.031153586543496
3,363,-45.031153586543496
3,364,-45.031153586543496
3,365,-45.031153586543496
3,366,-45.031153586543496
3,367,-45.031153586543496
3,368,-45.031153586543496
3,369,-45.031153586543496
3,370,-45.031153586543496
3,371,-45.031153586543496
3,372,-45.031153586543496
3,373,-45.031153586543496
3,374,-45.031153586543496
3,375,-45.031153586543496
3,376,-45.031153586543496
3,377,-45.031153586543496
3,378,-45.031153586543496
3,379,-45.031153586543496
3,380,-45.031153586543496
3,381,-45.031153586543496
3,382,-45.031153586543496
3,383,-45.031153586543496
3,384,-45.031153586543496
3,385,-45.031153586543496
3,386,-45.031153586543496
3,387,-45.031153586543496
3,388,-45.031153586543496
3,389,-45.031153586543496
3,390,-45.031153586543496
3,391,-45.031153586543496
3,392,-45.031153586543496
3,393,-45.031153586543496
3,394,-45.031153586543496
3,395,-45.031153586543496
3,396,-45.031153586543496
3,397,-45.031153586543496
3,398,-45.031153586543496
3,399,-45.031153586543496
3,400,-45.031153586543496
3,401,-45.031153586543496
3,402,-45.031153586543496
3,403,-45.031153586543496
4,404,-45.031153586543496
4,405,-45.031153586543496
4,406,-45.031153586543496
4,407,-45.031153586543496
4,408,-45.031153586543496
4,409,-45.031153586543496
4,410,-45.031153586543496
4,411,-45.031153586543496
4,412,-45.031153586543496
4,413,-45.031153586543496
4,414,-45.031153586543496
4,415,-45.031153586543496
4,416,-45.031153586543496
4,417,-45.031153586543496
4,418,-45.031153586543496
4,419,-45.031153586543496
4,420,-45.031153586543496
4,421,-45.031153586543496
4,422,-45.031153586543496
4,423,-45.031153586543496
4,424,-45.031153586543496
4,425,-45.031153586543496
4,426,-45.031153586543496
4,427,-45.031153586543496
4,428,-45.031153586543496
4,429,-45.031153586543496
4,430,-45.031153586543496
4,431,-45.031153586543496
4,432,-45.031153586543496
4,433,-45.031153586543496
4,434,-45.031153586543496
4,435,-45.031153586543496
4,436,-45.031153586543496
4,437,-45.031153586543496
4,438,-45.031153586543496
4,439,-45.031153586543496
4,440,-45.031153586543496
4,441,-45.031153586543496
4,442,-45.031153586543496
4,443,-45.031153586543496
4,444,-45.031153586543496
4,445,-45.031153586543496
4,446,-45.031153586543496
4,447,-45.031153586543496
4,448,-45.031153586543496
4,449,-45.031153586543496
4,450,-45.031153586543496
4,451,-45.031153586543496
4,452,-45.031153586543496
4,453,-45.031153586543496
4,454,-45.031153586543496
4,455,-63.422905423829995
4,456,-63.422905423829995
4,457,-63.422905423829995
4,458,-63.422905423829995
4,459,-63.422905423829995
4,460,-63.422905423829995
4,461,-63.422905423829995
4,462,-63.422905423829995
4,463,-63.422905423829995
4,464,-63.422905423829995
4,465,-63.422905423829995
4,466,-63.422905423829995
4,467,-63.422905423829995
4,468,-63.422905423829995
4,469,-63.422905423829995
4,470,-63.422905423829995
4,471,-63.422905423829995
4,472,-63.422905423829995
4,473,-63.422905423829995
4,474,-63.422905423829995
4,475,-63.422905423829995
4,476,-63.422905423829995
4,477,-63.422905423829995
4,478,-63.422905423829995
4,479,-63.422905423829995
4,480,-63.422905423829995
4,481,-63.422905423829995
4,482,-63.422905423829995
4,483,-63.422905423829995
4,484,-63.422905423829995
4,485,-63.422905423829995
4,486,-63.422905423829995
4,487,-63.422905423829995
4,488,-63.422905423829995
4,489,-63.422905423829995
4,490,-63.422905423829995
4,491,-63.422905423829995
4,492,-63.422905423829995
4,493,-63.422905423829995
4,494,-63.422905423829995
4,495,-63.422905423829995
4,496,-63.422905423829995
4,497,-63.422905423829995
4,498,-63.422905423829995
4,499,-63.422905423829995
4,500,-63.422905423829995
4,501,-63.422905423829995
4,502,-63.422905423829995
4,503,-63.422905423829995
5,504,-63.422905423829995
5,505,-63.422905423829995
5,506,-63.422905423829995
5,507,-63.422905423829995
5,508,-63.422905423829995
5,509,-63.422905423829995
5,510,-63.422905423829995
5,511,-63.422905423829995
5,512,-63.422905423829995
5,513,-63.422905423829995
5,514,-63.422905423829995
5,515,-63.422905423829995
5,516,-63.422905423829995
5,517,-63.422905423829995
5,518,-63.422905423829995
5,519,-63.422905423829995
5,520,-63.422905423829995
5,521,-63.422905423829995
5,522,-63.422905423829995
5,523,-63.422905423829995
5,524,-63.422905423829995
5,525,-63.422905423829995
5,526,-63.422905423829995
5,527,-63.422905423829995
5,528,-63.422905423829995
5,529,-63.422905423829995
5,530,-63.422905423829995
5,531,-63.422905423829995
5,532,-63.422905423829995
5,533,-63.422905423829995
5,534,-63.422905423829995
5,535,-63.422905423829995
5,536,-63.422905423829995
5,537,-63.422905423829995
5,538,-63.422905423829995
5,539,-63.422905423829995
5,540,-63.422905423829995
5,541,-63.422905423829995
5,542,-63.422905423829995
5,543,-63.422905423829995
5,544,-63.422905423829995
5,545,-63.422905423829995
5,546,-63.422905423829995
5,547,-63.422905423829995
5,548,-63.422905423829995
5,549,-63.422905423829995
5,550,-63.422905423829995
5,551,-63.422905423829995
5,552,-63.422905423829995
5,553,-63.422905423829995
5,554,-63.422905423829995
5,555,-81.70107319429096
5,556,-81.70107319429096
5,557,-81.70107319429096
5,558,-81.70107319429096
5,559,-81.70107319429096
5,560,-81.70107319429096
5,561,-81.70107319429096
5,562,-81.70107319429096
5,563,-81.70107319429096
5,564,-81.70107319429096
5,565,-81.70107319429096
5,566,-81.70107319429096
5,567,-81.70107319429096
5,568,-81.70107319429096
5,569,-81.70107319429096
5,570,-81.70107319429096
5,571,-81.70107319429096
5,572,-81.70107319429096
5,573,-81.70107319429096
5,574,-81.70107319429096
5,575,-81.70107319429096
5,576,-81.70107319429096
5,577,-81.70107319429096
5,578,-81.70107319429096
5,579,-81.70107319429096
5,580,-81.70107319429096
5,581,-81.70107319429096
5,582,-81.70107319429096
5,583,-81.70107319429096
5,584,-81.70107319429096
5,585,-81.70107319429096
5,586,-81.70107319429096
5,587,-81.70107319429096
5,588,-81.70107319429096
5,589,-81.70107319429096
5,590,-81.70107319429096
5,591,-81.70107319429096
5,592,-81.70107319429096
5,593,-81.70107319429096
5,594,-81.70107319429096
5,595,-81.70107319429096
5,596,-81.70107319429096
5,597,-81.70107319429096
5,598,-81.70107319429096
5,599,-81.70107319429096
5,600,-81.70107319429096
5,601,-81.70107319429096
5,602,-81.70107319429096
5,603,-81.70107319429096
5,604,-81.70107319429096
6,605,-81.70107319429096
6,606,-81.70107319429096
6,607,-81.70107319429096
6,608,-81.70107319429096
6,609,-81.70107319429096
6,610,-81.70107319429096
6,611,-81.70107319429096
6,612,-81.70107319429096
6,613,-81.70107319429096
6,614,-81.70107319429096
6,615,-81.70107319429096
6,616,-81.70107319429096
6,617,-81.70107319429096
6,618,-81.70107319429096
6,619,-81.70107319429096
6,620,-81.70107319429096
6,621,-81.70107319429096
6,622,-81.70107319429096
6,623,-81.70107319429096
6,624,-81.70107319429096
6,625,-81.70107319429096
6,626,-81.70107319429096
6,627,-81.70107319429096
6,628,-81.70107319429096
6,629,-81.70107319429096
6,630,-81.70107319429096
6,631,-81.70107319429096
6,632,-81.70107319429096
6,633,-81.70107319429096
6,634,-81.70107319429096
6,635,-81.70107319429096
6,636,-81.70107319429096
6,637,-81.70107319429096
6,638,-81.70107319429096
6,639,-81.70107319429096
6,640,-81.70107319429096
6,641,-81.70107319429096
6,642,-81.70107319429096
6,643,-81.70107319429096
6,644,-81.70107319429096
6,645,-81.70107319429096
6,646,-81.70107319429096
6,647,-81.70107319429096
6,648,-81.70107319429096
6,649,-81.70107319429096
6,650,-81.70107319429096
6,651,-81.70107319429096
6,652,-81.70107319429096
6,653,-81.70107319429096
6,654,-81.70107319429096
6,655,-81.70107319429096
6,656,-99.56202427421063
6,657,-99.56202427421063
6,658,-99.56202427421063
6,659,-99.56202427421063
6,660,-99.56202427421063
6,661,-99.56202427421063
6,662,-99.56202427421063
6,663,-99.56202427421063
6,664,-99.56202427421063
6,665,-99.56202427421063
6,666,-99.56202427421063
6,667,-99.56202427421063
6,668,-99.56202427421063
6,669,-99.56202427421063
6,670,-99.56202427421063
6,671,-99.56202427421063
6,672,-99.56202427421063
6,673,-99.56202427421063
6,674,-99.56202427421063
6,675,-99.56202427421063
6,676,-99.56202427421063
6,677,-99.56202427421063
6,678,-99.56202427421063
6,679,-99.56202427421063
6,680,-99.56202427421063
6,681,-99.56202427421063
6,682,-99.56202427421063
6,683,-99.56202427421063
6,684,-99.56202427421063
6,685,-99.56202427421063
6,686,-99.56202427421063
6,687,-99.56202427421063
6,688,-99.56202427421063
6,689,-99.56202427421063
6,690,-99.56202427421063
6,691,-99.56202427421063
6,692,-99.56202427421063
6,693,-99.56202427421063
6,694,-99.56202427421063
6,695,-99.56202427421063
6,696,-99.56202427421063
6,697,-99.56202427421063
6,698,-99.56202427421063
6,699,-99.56202427421063
6,700,-99.56202427421063
6,701,-99.56202427421063
6,702,-99.56202427421063
6,703,-99.56202427421063
6,704,-99.56202427421063
6,705,-99.56202427421063
7,706,-99.56202427421063
7,707,-99.56202427421063
7,708,-99.56202427421063
7,709,-99.56202427421063
7,710,-99.56202427421063
7,711,-99.56202427421063
7,712,-99.56202427421063
7,713,-99.56202427421063
7,714,-99.56202427421063
7,715,-99.56202427421063
7,716,-99.56202427421063
7,717,-99.56202427421063
7,718,-99.56202427421063
7,719,-99.56202427421063
7,720,-99.56202427421063
7,721,-99.56202427421063
7,722,-99.56202427421063
7,723,-99.56202427421063
7,724,-99.56202427421063
7,725,-99.56202427421063
7,726,-99.56202427421063
7,727,-99.56202427421063
7,728,-99.56202427421063
7,729,-99.56202427421063
7,730,-99.56202427421063
7,731,-99.56202427421063
7,732,-99.56202427421063
7,733,-99.56202427421063
7,734,-99.56202427421063
7,735,-99.56202427421063
7,736,-99.56202427421063
7,737,-99.56202427421063
7,738,-99.56202427421063
7,739,-99.56202427421063
7,740,-99.56202427421063
7,741,-99.56202427421063
7,742,-99.56202427421063
7,743,-99.56202427421063
7,744,-99.56202427421063
7,745,-99.56202427421063
7,746,-99.56202427421063
7,747,-99.56202427421063
7,748,-99.56202427421063
7,749,-99.56202427421063
7,750,-99.56202427421063
7,751,-99.56202427421063
7,752,-99.56202427421063
7,753,-99.56202427421063
7,754,-99.56202427421063
7,755,-99.56202427421063
7,756,-99.56202427421063
7,757,-117.26789975945698
7,758,-117.26789975945698
7,759,-117.26789975945698
7,760,-117.26789975945698
7,761,-117.26789975945698
7,762,-117.26789975945698
7,763,-117.26789975945698
7,764,-117.26789975945698
7,765,-117.26789975945698
7,766,-117.26789975945698
7,767,-117.26789975945698
7,768,-117.26789975945698
7,769,-117.26789975945698
7,770,-117.26789975945698
7,771,-117.26789975945698
7,772,-117.26789975945698
7,773,-117.26789975945698
7,774,-117.26789975945698
7,775,-117.26789975945698
7,776,-117.26789975945698
7,777,-117.26789975945698
7,778,-117.26789975945698
7,779,-117.26789975945698
7,780,-117.26789975945698
7,781,-117.26789975945698
7,782,-117.26789975945698
7,783,-117.26789975945698
7,784,-117.26789975945698
7,785,-117.26789975945698
7,786,-117.26789975945698
7,787,-117.26789975945698
7,788,-117.26789975945698
7,789,-117.26789975945698
7,790,-117.26789975945698
7,791,-117.26789975945698
7,792,-117.26789975945698
7,793,-117.26789975945698
7,794,-117.26789975945698
7,795,-117.26789975945698
7,796,-117.26789975945698
7,797,-117.26789975945698
7,798,-117.26789975945698
7,799,-117.26789975945698
7,800,-117.26789975945698
7,801,-117.26789975945698
7,802,-117.26789975945698
7,803,-117.26789975945698
7,804,-117.26789975945698
7,805,-117.26789975945698
7,806,-117.26789975945698
8,807,-117.26789975945698
8,808,-117.26789975945698
8,809,-117.26789975945698
8,810,-117.26789975945698
8,811,-117.26789975945698
8,812,-117.26789975945698
8,813,-117.26789975945698
8,814,-117.26789975945698
8,815,-117.26789975945698
8,816,-117.26789975945698
8,817,-117.26789975945698
8,818,-117.26789975945698
8,819,-117.26789975945698
8,820,-117.26789975945698
8,821,-117.26789975945698
8,822,-117.26789975945698
8,823,-117.26789975945698
8,824,-117.26789975945698
8,825,-117.26789975945698
8,826,-117.26789975945698
8,827,-117.26789975945698
8,828,-117.26789975945698
8,829,-117.26789975945698
8,830,-117.26789975945698
8,831,-117.26789975945698
8,832,-117.26789975945698
8,833,-117.26789975945698
8,834,-117.26789975945698
8,835,-117.26789975945698
8,836,-117.26789975945698
8,837,-117.26789975945698
8,838,-117.26789975945698
8,839,-117.26789975945698
8,840,-117.26789975945698
8,841,-117.26789975945698
8,842,-117.26789975945698
8,843,-117.26789975945698
8,844,-117.26789975945698
8,845,-117.26789975945698
8,846,-117.26789975945698
8,847,-117.26789975945698
8,848,-117.26789975945698
8,849,-117.26789975945698
8,850,-117.26789975945698
8,851,-117.26789975945698
8,852,-117.26789975945698
8,853,-117.26789975945698
8,854,-117.26789975945698
8,855,-117.26789975945698
8,856,-117.26789975945698
8,857,-117.26789975945698
8,858,-135.44410021665055
8,859,-135.44410021665055
8,860,-135.44410021665055
8,861,-135.44410021665055
8,862,-135.44410021665055
8,863,-135.44410021665055
8,864,-135.44410021665055
8,865,-135.44410021665055
8,866,-135.44410021665055
8,867,-135.44410021665055
8,868,-135.44410021665055
8,869,-135.44410021665055
8,870,-135.44410021665055
8,871,-135.44410021665055
8,872,-135.44410021665055
8,873,-135.44410021665055
8,874,-135.44410021665055
8,875,-135.44410021665055
8,876,-135.44410021665055
8,877,-135.44410021665055
8,878,-135.44410021665055
8,879,-135.44410021665055
8,880,-135.44410021665055
8,881,-135.44410021665055
8,882,-135.44410021665055
8,883,-135.44410021665055
8,884,-135.44410021665055
8,885,-135.44410021665055
8,886,-135.44410021665055
8,887,-135.44410021665055
8,888,-135.44410021665055
8,889,-135.44410021665055
8,890,-135.44410021665055
8,891,-135.44410021665055
8,892,-135.44410021665055
8,893,-135.44410021665055
8,894,-135.44410021665055
8,895,-135.44410021665055
8,896,-135.44410021665055
8,897,-135.44410021665055
8,898,-135.44410021665055
8,899,-135.44410021665055
8,900,-135.44410021665055
8,901,-135.44410021665055
8,902,-135.44410021665055
8,903,-135.44410021665055
8,904,-135.44410021665055
8,905,-135.44410021665055
8,906,-135.44410021665055
8,907,-135.44410021665055
9,908,-135.44410021665055
9,909,-135.44410021665055
9,910,-135.44410021665055
9,911,-135.44410021665055
9,912,-135.44410021665055
9,913,-135.44410021665055
9,914,-135.44410021665055
9,915,-135.44410021665055
9,916,-135.44410021665055
9,917,-135.44410021665055
9,918,-135.44410021665055
9,919,-135.44410021665055
9,920,-135.44410021665055
9,921,-135.44410021665055
9,922,-135.44410021665055
9,923,-135.44410021665055
9,924,-135.44410021665055
9,925,-135.44410021665055
9,926,-135.44410021665055
9,927,-135.44410021665055
9,928,-135.44410021665055
9,929,-135.44410021665055
9,930,-135.44410021665055
9,931,-135.44410021665055
9,932,-135.44410021665055
9,933,-135.44410021665055
9,934,-135.44410021665055
9,935,-135.44410021665055
9,936,-135.44410021665055
9,937,-135.44410021665055
9,938,-135.44410021665055
9,939,-135.44410021665055
9,940,-135.44410021665055
9,941,-135.44410021665055
9,942,-135.44410021665055
9,943,-135.44410021665055
9,944,-135.44410021665055
9,945,-135.44410021665055
9,946,-135.44410021665055
9,947,-135.44410021665055
9,948,-135.44410021665055
9,949,-135.44410021665055
9,950,-135.44410021665055
9,951,-135.44410021665055
9,952,-135.44410021665055
9,953,-135.44410021665055
9,954,-135.44410021665055
9,955,-135.44410021665055
9,956,-135.44410021665055
9,957,-135.44410021665055
9,958,-135.44410021665055
9,959,-154.2308927550901
9,960,-154.2308927550901
9,961,-154.2308927550901
9,962,-154.2308927550901
9,963,-154.2308927550901
9,964,-154.2308927550901
9,965,-154.2308927550901
9,966,-154.2308927550901
9,967,-154.2308927550901
9,968,-154.2308927550901
9,969,-154.2308927550901
9,970,-154.2308927550901
9,971,-154.2308927550901
9,972,-154.2308927550901
9,973,-154.2308927550901
9,974,-154.2308927550901
9,975,-154.2308927550901
9,976,-154.2308927550901
9,977,-154.2308927550901
9,978,-154.2308927550901
9,979,-154.2308927550901
9,980,-154.2308927550901
9,981,-154.2308927550901
9,982,-154.2308927550901
9,983,-154.2308927550901
9,984,-154.2308927550901
9,985,-154.2308927550901
9,986,-154.2308927550901
9,987,-154.2308927550901
9,988,-154.2308927550901
9,989,-154.2308927550901
9,990,-154.2308927550901
9,991,-154.2308927550901
9,992,-154.2308927550901
9,993,-154.2308927550901
9,994,-154.2308927550901
9,995,-154.2308927550901
9,996,-154.2308927550901
9,997,-154.2308927550901
9,998,-154.2308927550901
9,999,-154.2308927550901
9,1000,-154.2308927550901
9,1001,-154.2308927550901
9,1002,-154.2308927550901
9,1003,-154.2308927550901
9,1004,-154.2308927550901
9,1005,-154.2308927550901
9,1006,-154.2308927550901
9,1007,-154.2308927550901
9,1008,-154.2308927550901
10,1009,-154.2308927550901
10,1010,-154.2308927550901
10,1011,-154.2308927550901
10,1012,-154.2308927550901
10,1013,-154.2308927550901
10,1014,-154.2308927550901
10,1015,-154.2308927550901
10,1016,-154.2308927550901
10,1017,-154.2308927550901
10,1018,-154.2308927550901
10,1019,-154.2308927550901
10,1020,-154.2308927550901
10,1021,-154.2308927550901
10,1022,-154.2308927550901
10,1023,-154.2308927550901
10,1024,-154.2308927550901
10,1025,-154.2308927550901
10,1026,-154.2308927550901
10,1027,-154.2308927550901
10,1028,-154.2308927550901
10,1029,-154.2308927550901
10,1030,-154.2308927550901
10,1031,-154.2308927550901
10,1032,-154.2308927550901
10,1033,-154.2308927550901
10,1034,-154.2308927550901
10,1035,-154.2308927550901
10,1036,-154.2308927550901
10,1037,-154.2308927550901
10,1038,-154.2308927550901
10,1039,-154.2308927550901
10,1040,-154.2308927550901
10,1041,-154.2308927550901
10,1042,-154.2308927550901
10,1043,-154.2308927550901
10,1044,-154.2308927550901
10,1045,-154.2308927550901
10,1046,-154.2308927550901
10,1047,-154.2308927550901
10,1048,-154.2308927550901
10,1049,-154.2308927550901
10,1050,-154.2308927550901
10,1051,-154.2308927550901
10,1052,-154.2308927550901
10,1053,-154.2308927550901
10,1054,-154.2308927550901
10,1055,-154.2308927550901
10,1056,-154.2308927550901
10,1057,-154.2308927550901
10,1058,-154.2308927550901
10,1059,-154.2308927550901
10,1060,-173.37104285006245
10,1061,-173.37104285006245
10,1062,-173.37104285006245
10,1063,-173.37104285006245
10,1064,-173.37104285006245
10,1065,-173.37104285006245
10,1066,-173.37104285006245
10,1067,-173.37104285006245
10,1068,-173.37104285006245
10,1069,-173.37104285006245
10,1070,-173.37104285006245
10,1071,-173.37104285006245
10,1072,-173.37104285006245
10,1073,-173.37104285006245
10,1074,-173.37104285006245
10,1075,-173.37104285006245
10,1076,-173.37104285006245
10,1077,-173.37104285006245
10,1078,-173.37104285006245
10,1079,-173.37104285006245
10,1080,-173.37104285006245
10,1081,-173.37104285006245
10,1082,-173.37104285006245
10,1083,-173.37104285006245
10,1084,-173.37104285006245
10,1085,-173.37104285006245
10,1086,-173.37104285006245
10,1087,-173.37104285006245
10,1088,-173.37104285006245
10,1089,-173.37104285006245
10,1090,-173.37104285006245
10,1091,-173.37104285006245
10,1092,-173.37104285006245
10,1093,-173.37104285006245
10,1094,-173.37104285006245
10,1095,-173.37104285006245
10,1096,-173.37104285006245
10,1097,-173.37104285006245
10,1098,-173.37104285006245
10,1099,-173.37104285006245
10,1100,-173.37104285006245
10,1101,-173.37104285006245
10,1102,-173.37104285006245
10,1103,-173.37104285006245
10,1104,-173.37104285006245
10,1105,-173.37104285006245
10,1106,-173.37104285006245
10,1107,-173.37104285006245
10,1108,-173.37104285006245
10,1109,-173.37104285006245
11,1110,-173.37104285006245
11,1111,-173.37104285006245
11,1112,-173.37104285006245
11,1113,-173.37104285006245
11,1114,-173.37104285006245
11,1115,-173.37104285006245
11,1116,-173.37104285006245
11,1117,-173.37104285006245
11,1118,-173.37104285006245
11,1119,-173.37104285006245
11,1120,-173.37104285006245
11,1121,-173.37104285006245
11,1122,-173.37104285006245
11,1123,-173.37104285006245
11,1124,-173.37104285006245
11,1125,-173.37104285006245
11,1126,-173.37104285006245
11,1127,-173.37104285006245
11,1128,-173.37104285006245
11,1129,-173.37104285006245
11,1130,-173.37104285006245
11,1131,-173.37104285006245
11,1132,-173.37104285006245
11,1133,-173.37104285006245
11,1134,-173.37104285006245
11,1135,-173.37104285006245
11,1136,-173.37104285006245
11,1137,-173.37104285006245
11,1138,-173.37104285006245
11,1139,-173.37104285006245
11,1140,-173.37104285006245
11,1141,-173.37104285006245
11,1142,-173.37104285006245
11,1143,-173.37104285006245
11,1144,-173.37104285006245
11,1145,-173.37104285006245
11,1146,-173.37104285006245
11,1147,-173.37104285006245
11,1148,-173.37104285006245
11,1149,-173.37104285006245
11,1150,-173.37104285006245
11,1151,-173.37104285006245
11,1152,-173.37104285006245
11,1153,-173.37104285006245
11,1154,-173.37104285006245
11,1155,-173.37104285006245
11,1156,-173.37104285006245
11,1157,-173.37104285006245
11,1158,-173.37104285006245
11,1159,-173.37104285006245
11,1160,-173.37104285006245
11,1161,-192.69332419750253
11,1162,-192.69332419750253
11,1163,-192.69332419750253
11,1164,-192.69332419750253
11,1165,-192.69332419750253
11,1166,-192.69332419750253
11,1167,-192.69332419750253
11,1168,-192.69332419750253
11,1169,-192.69332419750253
11,1170,-192.69332419750253
11,1171,-192.69332419750253
11,1172,-192.69332419750253
11,1173,-192.69332419750253
11,1174,-192.69332419750253
11,1175,-192.69332419750253
11,1176,-192.69332419750253
11,1177,-192.69332419750253
11,1178,-192.69332419750253
11,1179,-192.69332419750253
11,1180,-192.69332419750253
11,1181,-192.69332419750253
11,1182,-192.69332419750253
11,1183,-192.69332419750253
11,1184,-192.69332419750253
11,1185,-192.69332419750253
11,1186,-192.69332419750253
11,1187,-192.69332419750253
11,1188,-192.69332419750253
11,1189,-192.69332419750253
11,1190,-192.69332419750253
11,1191,-192.69332419750253
11,1192,-192.69332419750253
11,1193,-192.69332419750253
11,1194,-192.69332419750253
11,1195,-192.69332419750253
11,1196,-192.69332419750253
11,1197,-192.69332419750253
11,1198,-192.69332419750253
11,1199,-192.69332419750253
11,1200,-192.69332419750253
11,1201,-192.69332419750253
11,1202,-192.69332419750253
11,1203,-192.69332419750253
11,1204,-192.69332419750253
11,1205,-192.69332419750253
11,1206,-192.69332419750253
11,1207,-192.69332419750253
11,1208,-192.69332419750253
11,1209,-192.69332419750253
11,1210,-192.69332419750253
12,1211,-192.69332419750253
12,1212,-192.69332419750253
12,1213,-192.69332419750253
12,1214,-192.69332419750253
12,1215,-192.69332419750253
12,1216,-192.69332419750253
12,1217,-192.69332419750253
12,1218,-192.69332419750253
12,1219,-192.69332419750253
12,1220,-192.69332419750253
12,1221,-192.69332419750253
12,1222,-192.69332419750253
12,1223,-192.69332419750253
12,1224,-192.69332419750253
12,1225,-192.69332419750253
12,1226,-192.69332419750253
12,1227,-192.69332419750253
12,1228,-192.69332419750253
12,1229,-192.69332419750253
12,1230,-192.69332419750253
12,1231,-192.69332419750253
12,1232,-192.69332419750253
12,1233,-192.69332419750253
12,1234,-192.69332419750253
12,1235,-192.69332419750253
12,1236,-192.69332419750253
12,1237,-192.69332419750253
12,1238,-192.69332419750253
12,1239,-192.69332419750253
12,1240,-192.69332419750253
12,1241,-192.69332419750253
12,1242,-192.69332419750253
12,1243,-192.69332419750253
12,1244,-192.69332419750253
12,1245,-192.69332419750253
12,1246,-192.69332419750253
12,1247,-192.69332419750253
12,1248,-192.69332419750253
12,1249,-192.69332419750253
12,1250,-192.69332419750253
12,1251,-192.69332419750253
12,1252,-192.69332419750253
12,1253,-192.69332419750253
12,1254,-192.69332419750253
12,1255,-192.69332419750253
12,1256,-192.69332419750253
12,1257,-192.69332419750253
12,1258,-192.69332419750253
12,1259,-192.69332419750253
12,1260,-192.69332419750253
12,1261,-192.69332419750253
12,1262,-212.25975094208164
12,1263,-212.25975094208164
12,1264,-212.25975094208164
12,1265,-212.25975094208164
12,1266,-212.25975094208164
12,1267,-212.25975094208164
12,1268,-212.25975094208164
12,1269,-212.25975094208164
12,1270,-212.25975094208164
12,1271,-212.25975094208164
12,1272,-212.25975094208164
12,1273,-212.25975094208164
12,1274,-212.25975094208164
12,1275,-212.25975094208164
12,1276,-212.25975094208164
12,1277,-212.25975094208164
12,1278,-212.25975094208164
12,1279,-212.25975094208164
12,1280,-212.25975094208164
12,1281,-212.25975094208164
12,1282,-212.25975094208164
12,1283,-212.25975094208164
12,1284,-212.25975094208164
12,1285,-212.25975094208164
12,1286,-212.25975094208164
12,1287,-212.25975094208164
12,1288,-212.25975094208164
12,1289,-212.25975094208164
12,1290,-212.25975094208164
12,1291,-212.25975094208164
12,1292,-212.25975094208164
12,1293,-212.25975094208164
12,1294,-212.25975094208164
12,1295,-212.25975094208164
12,1296,-212.25975094208164
12,1297,-212.25975094208164
12,1298,-212.25975094208164
12,1299,-212.25975094208164
12,1300,-212.25975094208164
12,1301,-212.25975094208164
12,1302,-212.25975094208164
12,1303,-212.25975094208164
12,1304,-212.25975094208164
12,1305,-212.25975094208164
12,1306,-212.25975094208164
12,1307,-212.25975094208164
12,1308,-212.25975094208164
12,1309,-212.25975094208164
12,1310,-212.25975094208164
12,1311,-212.25975094208164
13,1312,-212.25975094208164
13,1313,-212.25975094208164
13,1314,-212.25975094208164
13,1315,-212.25975094208164
13,1316,-212.25975094208164
13,1317,-212.25975094208164
13,1318,-212.25975094208164
13,1319,-212.25975094208164
13,1320,-212.25975094208164
13,1321,-212.25975094208164
13,1322,-212.25975094208164
13,1323,-212.25975094208164
13,1324,-212.25975094208164
13,1325,-212.25975094208164
13,1326,-212.25975094208164
13,1327,-212.25975094208164
13,1328,-212.25975094208164
13,1329,-212.25975094208164
13,1330,-212.25975094208164
13,1331,-212.25975094208164
13,1332,-212.25975094208164
13,1333,-212.25975094208164
13,1334,-212.25975094208164
13,1335,-212.25975094208164
13,1336,-212.25975094208164
13,1337,-212.25975094208164
13,1338,-212.25975094208164
13,1339,-212.25975094208164
13,1340,-212.25975094208164
13,1341,-212.25975094208164
13,1342,-212.25975094208164
13,1343,-212.25975094208164
13,1344,-212.25975094208164
13,1345,-212.25975094208164
13,1346,-212.25975094208164
13,1347,-212.25975094208164
13,1348,-212.25975094208164
13,1349,-212.25975094208164
13,1350,-212.25975094208164
13,1351,-212.25975094208164
13,1352,-212.25975094208164
13,1353,-212.25975094208164
13,1354,-212.25975094208164
13,1355,-212.25975094208164
13,1356,-212.25975094208164
13,1357,-212.25975094208164
13,1358,-212.25975094208164
13,1359,-212.25975094208164
13,1360,-212.25975094208164
13,1361,-212.25975094208164
13,1362,-212.25975094208164
13,1363,-232.14670511203633
13,1364,-232.14670511203633
13,1365,-232.14670511203633
13,1366,-232.14670511203633
13,1367,-232.14670511203633
13,1368,-232.14670511203633
13,1369,-232.14670511203633
13,1370,-232.14670511203633
13,1371,-232.14670511203633
13,1372,-232.14670511203633
13,1373,-232.14670511203633
13,1374,-232.14670511203633
13,1375,-232.14670511203633
13,1376,-232.14670511203633
13,1377,-232.14670511203633
13,1378,-232.14670511203633
13,1379,-232.14670511203633
13,1380,-232.14670511203633
13,1381,-232.14670511203633
13,1382,-232.14670511203633
13,1383,-232.14670511203633
13,1384,-232.14670511203633
13,1385,-232.14670511203633
13,1386,-232.14670511203633
13,1387,-232.14670511203633
13,1388,-232.14670511203633
13,1389,-232.14670511203633
13,1390,-232.14670511203633
13,1391,-232.14670511203633
13,1392,-232.14670511203633
13,1393,-232.14670511203633
13,1394,-232.14670511203633
13,1395,-232.14670511203633
13,1396,-232.14670511203633
13,1397,-232.14670511203633
13,1398,-232.14670511203633
13,1399,-232.14670511203633
13,1400,-232.14670511203633
13,1401,-232.14670511203633
13,1402,-232.14670511203633
13,1403,-232.14670511203633
13,1404,-232.14670511203633
13,1405,-232.14670511203633
13,1406,-232.14670511203633
13,1407,-232.14670511203633
13,1408,-232.14670511203633
13,1409,-232.14670511203633
13,1410,-232.14670511203633
13,1411,-232.14670511203633
14,1412,-232.14670511203633
14,1413,-232.14670511203633
14,1414,-232.14670511203633
14,1415,-232.14670511203633
14,1416,-232.14670511203633
14,1417,-232.14670511203633
14,1418,-232.14670511203633
14,1419,-232.14670511203633
14,1420,-232.14670511203633
14,1421,-232.14670511203633
14,1422,-232.14670511203633
14,1423,-232.14670511203633
14,1424,-232.14670511203633
14,1425,-232.14670511203633
14,1426,-232.14670511203633
14,1427,-232.14670511203633
14,1428,-232.14670511203633
14,1429,-232.14670511203633
14,1430,-232.14670511203633
14,1431,-232.14670511203633
14,1432,-232.14670511203633
14,1433,-232.14670511203633
14,1434,-232.14670511203633
14,1435,-232.14670511203633
14,1436,-232.14670511203633
14,1437,-232.14670511203633
14,1438,-232.14670511203633
14,1439,-232.14670511203633
14,1440,-232.14670511203633
14,1441,-232.14670511203633
14,1442,-232.14670511203633
14,1443,-232.14670511203633
14,1444,-232.14670511203633
14,1445,-232.14670511203633
14,1446,-232.14670511203633
14,1447,-232.14670511203633
14,1448,-232.14670511203633
14,1449,-232.14670511203633
14,1450,-232.14670511203633
14,1451,-232.14670511203633
14,1452,-232.14670511203633
14,1453,-232.14670511203633
14,1454,-232.14670511203633
14,1455,-232.14670511203633
14,1456,-232.14670511203633
14,1457,-232.14670511203633
14,1458,-232.14670511203633
14,1459,-232.14670511203633
14,1460,-232.14670511203633
14,1461,-232.14670511203633
14,1462,-232.14670511203633
14,1463,-252.2652161806927
14,1464,-252.2652161806927
14,1465,-252.2652161806927
14,1466,-252.2652161806927
14,1467,-252.2652161806927
14,1468,-252.2652161806927
14,1469,-252.2652161806927
14,1470,-252.2652161806927
14,1471,-252.2652161806927
14,1472,-252.2652161806927
14,1473,-252.2652161806927
14,1474,-252.2652161806927
14,1475,-252.2652161806927
14,1476,-252.2652161806927
14,1477,-252.2652161806927
14,1478,-252.2652161806927
14,1479,-252.2652161806927
14,1480,-252.2652161806927
14,1481,-252.2652161806927
14,1482,-252.2652161806927
14,1483,-252.2652161806927
14,1484,-252.2652161806927
14,1485,-252.2652161806927
14,1486,-252.2652161806927
14,1487,-252.2652161806927
14,1488,-252.2652161806927
14,1489,-252.2652161806927
14,1490,-252.2652161806927
14,1491,-252.2652161806927
14,1492,-252.2652161806927
14,1493,-252.2652161806927
14,1494,-252.2652161806927
14,1495,-252.2652161806927
14,1496,-252.2652161806927
14,1497,-252.2652161806927
14,1498,-252.2652161806927
14,1499,-252.2652161806927
14,1500,-252.2652161806927
14,1501,-252.2652161806927
14,1502,-252.2652161806927
14,1503,-252.2652161806927
14,1504,-252.2652161806927
14,1505,-252.2652161806927
14,1506,-252.2652161806927
14,1507,-252.2652161806927
14,1508,-252.2652161806927
14,1509,-252.2652161806927
14,1510,-252.2652161806927
14,1511,-252.2652161806927
14,1512,-252.2652161806927
15,1513,-252.2652161806927
15,1514,-252.2652161806927
15,1515,-252.2652161806927
15,1516,-252.2652161806927
15,1517,-252.2652161806927
15,1518,-252.2652161806927
15,1519,-252.2652161806927
15,1520,-252.2652161806927
15,1521,-252.2652161806927
15,1522,-252.2652161806927
15,1523,-252.2652161806927
15,1524,-252.2652161806927
15,1525,-252.2652161806927
15,1526,-252.2652161806927
15,1527,-252.2652161806927
15,1528,-252.2652161806927
15,1529,-252.2652161806927
15,1530,-252.2652161806927
15,1531,-252.2652161806927
15,1532,-252.2652161806927
15,1533,-252.2652161806927
15,1534,-252.2652161806927
15,1535,-252.2652161806927
15,1536,-252.2652161806927
15,1537,-252.2652161806927
15,1538,-252.2652161806927
15,1539,-252.2652161806927
15,1540,-252.2652161806927
15,1541,-252.2652161806927
15,1542,-252.2652161806927
15,1543,-252.2652161806927
15,1544,-252.2652161806927
15,1545,-252.2652161806927
15,1546,-252.2652161806927
15,1547,-252.2652161806927
15,1548,-252.2652161806927
15,1549,-252.2652161806927
15,1550,-252.2652161806927
15,1551,-252.2652161806927
15,1552,-252.2652161806927
15,1553,-252.2652161806927
15,1554,-252.2652161806927
15,1555,-252.2652161806927
15,1556,-252.2652161806927
15,1557,-252.2652161806927
15,1558,-252.2652161806927
15,1559,-252.2652161806927
15,1560,-252.2652161806927
15,1561,-252.2652161806927
15,1562,-252.2652161806927
15,1563,-252.2652161806927
15,1564,-272.55229758328454
15,1565,-272.55229758328454
15,1566,-272.55229758328454
15,1567,-272.55229758328454
15,1568,-272.55229758328454
15,1569,-272.55229758328454
15,1570,-272.55229758328454
15,1571,-272.55229758328454
15,1572,-272.55229758328454
15,1573,-272.55229758328454
15,1574,-272.55229758328454
15,1575,-272.55229758328454
15,1576,-272.55229758328454
15,1577,-272.55229758328454
15,1578,-272.55229758328454
15,1579,-272.55229758328454
15,1580,-272.55229758328454
15,1581,-272.55229758328454
15,1582,-272.55229758328454
15,1583,-272.55229758328454
15,1584,-272.55229758328454
15,1585,-272.55229758328454
15,1586,-272.55229758328454
15,1587,-272.55229758328454
15,1588,-272.55229758328454
15,1589,-272.55229758328454
15,1590,-272.55229758328454
15,1591,-272.55229758328454
15,1592,-272.55229758328454
15,1593,-272.55229758328454
15,1594,-272.55229758328454
15,1595,-272.55229758328454
15,1596,-272.55229758328454
15,1597,-272.55229758328454
15,1598,-272.55229758328454
15,1599,-272.55229758328454
15,1600,-272.55229758328454
15,1601,-272.55229758328454
15,1602,-272.55229758328454
15,1603,-272.55229758328454
15,1604,-272.55229758328454
15,1605,-272.55229758328454
15,1606,-272.55229758328454
15,1607,-272.55229758328454
15,1608,-272.55229758328454
15,1609,-272.55229758328454
15,1610,-272.55229758328454
15,1611,-272.55229758328454
15,1612,-272.55229758328454
15,1613,-272.55229758328454
16,1614,-272.55229758328454
16,1615,-272.55229758328454
16,1616,-272.55229758328454
16,1617,-272.55229758328454
16,1618,-272.55229758328454
16,1619,-272.55229758328454
16,1620,-272.55229758328454
16,1621,-272.55229758328454
16,1622,-272.55229758328454
16,1623,-272.55229758328454
16,1624,-272.55229758328454
16,1625,-272.55229758328454
16,1626,-272.55229758328454
16,1627,-272.55229758328454
16,1628,-272.55229758328454
16,1629,-272.55229758328454
16,1630,-272.55229758328454
16,1631,-272.55229758328454
16,1632,-272.55229758328454
16,1633,-272.55229758328454
16,1634,-272.55229758328454
16,1635,-272.55229758328454
16,1636,-272.55229758328454
16,1637,-272.55229758328454
16,1638,-272.55229758328454
16,1639,-272.55229758328454
16,1640,-272.55229758328454
16,1641,-272.55229758328454
16,1642,-272.55229758328454
16,1643,-272.55229758328454
16,1644,-272.55229758328454
16,1645,-272.55229758328454
16,1646,-272.55229758328454
16,1647,-272.55229758328454
16,1648,-272.55229758328454
16,1649,-272.55229758328454
16,1650,-272.55229758328454
16,1651,-272.55229758328454
16,1652,-272.55229758328454
16,1653,-272.55229758328454
16,1654,-272.55229758328454
16,1655,-272.55229758328454
16,1656,-272.55229758328454
16,1657,-272.55229758328454
16,1658,-272.55229758328454
16,1659,-272.55229758328454
16,1660,-272.55229758328454
16,1661,-272.55229758328454
16,1662,-272.55229758328454
16,1663,-272.55229758328454
16,1664,-272.55229758328454
16,1665,-292.96201769604
16,1666,-292.96201769604
16,1667,-292.96201769604
16,1668,-292.96201769604
16,1669,-292.96201769604
16,1670,-292.96201769604
16,1671,-292.96201769604
16,1672,-292.96201769604
16,1673,-292.96201769604
16,1674,-292.96201769604
16,1675,-292.96201769604
16,1676,-292.96201769604
16,1677,-292.96201769604
16,1678,-292.96201769604
16,1679,-292.96201769604
16,1680,-292.96201769604
16,1681,-292.96201769604
16,1682,-292.96201769604
16,1683,-292.96201769604
16,1684,-292.96201769604
16,1685,-292.96201769604
16,1686,-292.96201769604
16,1687,-292.96201769604
16,1688,-292.96201769604
16,1689,-292.96201769604
16,1690,-292.96201769604
16,1691,-292.96201769604
16,1692,-292.96201769604
16,1693,-292.96201769604
16,1694,-292.96201769604
16,1695,-292.96201769604
16,1696,-292.96201769604
16,1697,-292.96201769604
16,1698,-292.96201769604
16,1699,-292.96201769604
16,1700,-292.96201769604
16,1701,-292.96201769604
16,1702,-292.96201769604
16,1703,-292.96201769604
16,1704,-292.96201769604
16,1705,-292.96201769604
16,1706,-292.96201769604
16,1707,-292.96201769604
16,1708,-292.96201769604
16,1709,-292.96201769604
16,1710,-292.96201769604
16,1711,-292.96201769604
16,1712,-292.96201769604
16,1713,-292.96201769604
16,1714,-292.96201769604
17,1715,-292.96201769604
17,1716,-292.96201769604
17,1717,-292.96201769604
17,1718,-292.96201769604
17,1719,-292.96201769604
17,1720,-292.96201769604
17,1721,-292.96201769604
17,1722,-292.96201769604
17,1723,-292.96201769604
17,1724,-292.96201769604
17,1725,-292.96201769604
17,1726,-292.96201769604
17,1727,-292.96201769604
17,1728,-292.96201769604
17,1729,-292.96201769604
17,1730,-292.96201769604
17,1731,-292.96201769604
17,1732,-292.96201769604
17,1733,-292.96201769604
17,1734,-292.96201769604
17,1735,-292.96201769604
17,1736,-292.96201769604
17,1737,-292.96201769604
17,1738,-292.96201769604
17,1739,-292.96201769604
17,1740,-292.96201769604
17,1741,-292.96201769604
17,1742,-292.96201769604
17,1743,-292.96201769604
17,1744,-292.96201769604
17,1745,-292.96201769604
17,1746,-292.96201769604
17,1747,-292.96201769604
17,1748,-292.96201769604
17,1749,-292.96201769604
17,1750,-292.96201769604
17,1751,-292.96201769604
17,1752,-292.96201769604
17,1753,-292.96201769604
17,1754,-292.96201769604
17,1755,-292.96201769604
17,1756,-292.96201769604
17,1757,-292.96201769604
17,1758,-292.96201769604
17,1759,-292.96201769604
17,1760,-292.96201769604
17,1761,-292.96201769604
17,1762,-292.96201769604
17,1763,-292.96201769604
17,1764,-292.96201769604
17,1765,-292.96201769604
17,1766,-313.461470808302
17,1767,-313.461470808302
17,1768,-313.461470808302
17,1769,-313.461470808302
17,1770,-313.461470808302
17,1771,-313.461470808302
17,1772,-313.461470808302
17,1773,-313.461470808302
17,1774,-313.461470808302
17,1775,-313.461470808302
17,1776,-313.461470808302
17,1777,-313.461470808302
17,1778,-313.461470808302
17,1779,-313.461470808302
17,1780,-313.461470808302
17,1781,-313.461470808302
17,1782,-313.461470808302
17,1783,-313.461470808302
17,1784,-313.461470808302
17,1785,-313.461470808302
17,1786,-313.461470808302
17,1787,-313.461470808302
17,1788,-313.461470808302
17,1789,-313.461470808302
17,1790,-313.461470808302
17,1791,-313.461470808302
17,1792,-313.461470808302
17,1793,-313.461470808302
17,1794,-313.461470808302
17,1795,-313.461470808302
17,1796,-313.461470808302
17,1797,-313.461470808302
17,1798,-313.461470808302
17,1799,-313.461470808302
17,1800,-313.461470808302
17,1801,-313.461470808302
17,1802,-313.461470808302
17,1803,-313.461470808302
17,1804,-313.461470808302
17,1805,-313.461470808302
17,1806,-313.461470808302
17,1807,-313.461470808302
17,1808,-313.461470808302
17,1809,-313.461470808302
17,1810,-313.461470808302
17,1811,-313.461470808302
17,1812,-313.461470808302
17,1813,-313.461470808302
17,1814,-313.461470808302
17,1815,-313.461470808302
18,1816,-313.461470808302
18,1817,-313.461470808302
18,1818,-313.461470808302
18,1819,-313.461470808302
18,1820,-313.461470808302
18,1821,-313.461470808302
18,1822,-313.461470808302
18,1823,-313.461470808302
18,1824,-313.461470808302
18,1825,-313.461470808302
18,1826,-313.461470808302
18,1827,-313.461470808302
18,1828,-313.461470808302
18,1829,-313.461470808302
18,1830,-313.461470808302
18,1831,-313.461470808302
18,1832,-313.461470808302
18,1833,-313.461470808302
18,1834,-313.461470808302
18,1835,-313.461470808302
18,1836,-313.461470808302
18,1837,-313.461470808302
18,1838,-313.461470808302
18,1839,-313.461470808302
18,1840,-313.461470808302
18,1841,-313.461470808302
18,1842,-313.461470808302
18,1843,-313.461470808302
18,1844,-313.461470808302
18,1845,-313.461470808302
18,1846,-313.461470808302
18,1847,-313.461470808302
18,1848,-313.461470808302
18,1849,-313.461470808302
18,1850,-313.461470808302
18,1851,-313.461470808302
18,1852,-313.461470808302
18,1853,-313.461470808302
18,1854,-313.461470808302
18,1855,-313.461470808302
18,1856,-313.461470808302
18,1857,-313.461470808302
18,1858,-313.461470808302
18,1859,-313.461470808302
18,1860,-313.461470808302
18,1861,-313.461470808302
18,1862,-313.461470808302
18,1863,-313.461470808302
18,1864,-313.461470808302
18,1865,-313.461470808302
18,1866,-313.461470808302
18,1867,-334.0295305607254
18,1868,-334.0295305607254
18,1869,-334.0295305607254
18,1870,-334.0295305607254
18,1871,-334.0295305607254
18,1872,-334.0295305607254
18,1873,-334.0295305607254
18,1874,-334.0295305607254
18,1875,-334.0295305607254
18,1876,-334.0295305607254
18,1877,-334.0295305607254
18,1878,-334.0295305607254
18,1879,-334.0295305607254
18,1880,-334.0295305607254
18,1881,-334.0295305607254
18,1882,-334.0295305607254
18,1883,-334.0295305607254
18,1884,186.48661560936574
18,1885,186.48661560936574
18,1886,186.48661560936574
18,1887,186.48661560936574
18,1888,186.48661560936574
18,1889,186.48661560936574
18,1890,186.48661560936574
18,1891,186.48661560936574
18,1892,186.48661560936574
18,1893,186.48661560936574
18,1894,186.48661560936574
18,1895,186.48661560936574
18,1896,186.48661560936574
18,1897,186.48661560936574
18,1898,186.48661560936574
18,1899,186.48661560936574
18,1900,186.48661560936574
18,1901,186.48661560936574
18,1902,186.48661560936574
18,1903,186.48661560936574
18,1904,186.48661560936574
18,1905,186.48661560936574
18,1906,186.48661560936574
18,1907,186.48661560936574
18,1908,186.48661560936574
18,1909,186.48661560936574
18,1910,186.48661560936574
18,1911,186.48661560936574
18,1912,186.48661560936574
18,1913,186.48661560936574
18,1914,186.48661560936574
18,1915,186.48661560936574
18,1916,186.48661560936574
19,1917,186.48661560936574
19,1918,186.48661560936574
19,1919,186.48661560936574
19,1920,186.48661560936574
19,1921,186.48661560936574
19,1922,186.48661560936574
19,1923,186.48661560936574
19,1924,186.48661560936574
19,1925,186.48661560936574
19,1926,186.48661560936574
19,1927,186.48661560936574
19,1928,186.48661560936574
19,1929,186.48661560936574
19,1930,186.48661560936574
19,1931,186.48661560936574
19,1932,186.48661560936574
19,1933,186.48661560936574
19,1934,186.48661560936574
19,1935,186.48661560936574
19,1936,186.48661560936574
19,1937,186.48661560936574
19,1938,186.48661560936574
19,1939,186.48661560936574
19,1940,186.48661560936574
19,1941,186.48661560936574
19,1942,186.48661560936574
19,1943,186.48661560936574
19,1944,186.48661560936574
19,1945,186.48661560936574
19,1946,186.48661560936574
19,1947,186.48661560936574
19,1948,186.48661560936574
19,1949,186.48661560936574
19,1950,186.48661560936574
19,1951,186.48661560936574
19,1952,186.48661560936574
19,1953,186.48661560936574
19,1954,186.48661560936574
19,1955,186.48661560936574
19,1956,186.48661560936574
19,1957,186.48661560936574
19,1958,186.48661560936574
19,1959,186.48661560936574
19,1960,186.48661560936574
19,1961,186.48661560936574
19,1962,186.48661560936574
19,1963,186.48661560936574
19,1964,186.48661560936574
19,1965,186.48661560936574
19,1966,186.48661560936574
19,1967,186.48661560936574
19,1968,165.86553833538818
19,1969,165.86553833538818
19,1970,165.86553833538818
19,1971,165.86553833538818
19,1972,165.86553833538818
19,1973,165.86553833538818
19,1974,165.86553833538818
19,1975,165.86553833538818
19,1976,165.86553833538818
19,1977,165.86553833538818
19,1978,165.86553833538818
19,1979,165.86553833538818
19,1980,165.86553833538818
19,1981,165.86553833538818
19,1982,165.86553833538818
19,1983,165.86553833538818
19,1984,165.86553833538818
19,1985,165.86553833538818
19,1986,165.86553833538818
19,1987,165.86553833538818
19,1988,165.86553833538818
19,1989,165.86553833538818
19,1990,165.86553833538818
19,1991,165.86553833538818
19,1992,165.86553833538818
19,1993,165.86553833538818
19,1994,165.86553833538818
19,1995,165.86553833538818
19,1996,165.86553833538818
19,1997,165.86553833538818
19,1998,165.86553833538818
19,1999,165.86553833538818
19,2000,165.86553833538818
19,2001,165.86553833538818
19,2002,165.86553833538818
19,2003,165.86553833538818
19,2004,165.86553833538818
19,2005,165.86553833538818
19,2006,165.86553833538818
19,2007,165.86553833538818
19,2008,165.86553833538818
19,2009,165.86553833538818
19,2010,165.86553833538818
19,2011,165.86553833538818
19,2012,165.86553833538818
19,2013,165.86553833538818
19,2014,165.86553833538818
19,2015,165.86553833538818
19,2016,165.86553833538818
19,2017,165.86553833538818
20,2018,165.86553833538818
20,2019,165.86553833538818
20,2020,165.86553833538818
20,2021,165.86553833538818
20,2022,165.86553833538818
20,2023,165.86553833538818
20,2024,165.86553833538818
20,2025,165.86553833538818
20,2026,165.86553833538818
20,2027,165.86553833538818
20,2028,165.86553833538818
20,2029,165.86553833538818
20,2030,165.86553833538818
20,2031,165.86553833538818
20,2032,165.86553833538818
20,2033,165.86553833538818
20,2034,165.86553833538818
20,2035,165.86553833538818
20,2036,165.86553833538818
20,2037,165.86553833538818
20,2038,165.86553833538818
20,2039,165.86553833538818
20,2040,165.86553833538818
20,2041,165.86553833538818
20,2042,165.86553833538818
20,2043,165.86553833538818
20,2044,165.86553833538818
20,2045,165.86553833538818
20,2046,165.86553833538818
20,2047,165.86553833538818
20,2048,165.86553833538818
20,2049,165.86553833538818
20,2050,165.86553833538818
20,2051,165.86553833538818
20,2052,165.86553833538818
20,2053,165.86553833538818
20,2054,165.86553833538818
20,2055,165.86553833538818
20,2056,165.86553833538818
20,2057,165.86553833538818
20,2058,165.86553833538818
20,2059,165.86553833538818
20,2060,165.86553833538818
20,2061,165.86553833538818
20,2062,165.86553833538818
20,2063,165.86553833538818
20,2064,165.86553833538818
20,2065,165.86553833538818
20,2066,165.86553833538818
20,2067,165.86553833538818
20,2068,165.86553833538818
20,2069,145.20346744508845
20,2070,145.20346744508845
20,2071,145.20346744508845
20,2072,145.20346744508845
20,2073,145.20346744508845
20,2074,145.20346744508845
20,2075,145.20346744508845
20,2076,145.20346744508845
20,2077,145.20346744508845
20,2078,145.20346744508845
20,2079,145.20346744508845
20,2080,145.20346744508845
20,2081,145.20346744508845
20,2082,145.20346744508845
20,2083,145.20346744508845
20,2084,145.20346744508845
20,2085,145.20346744508845
20,2086,145.20346744508845
20,2087,145.20346744508845
20,2088,145.20346744508845
20,2089,145.20346744508845
20,2090,145.20346744508845
20,2091,145.20346744508845
20,2092,145.20346744508845
20,2093,145.20346744508845
20,2094,145.20346744508845
20,2095,145.20346744508845
20,2096,145.20346744508845
20,2097,145.20346744508845
20,2098,145.20346744508845
20,2099,145.20346744508845
20,2100,145.20346744508845
20,2101,145.20346744508845
20,2102,145.20346744508845
20,2103,145.20346744508845
20,2104,145.20346744508845
20,2105,145.20346744508845
20,2106,145.20346744508845
20,2107,145.20346744508845
20,2108,145.20346744508845
20,2109,145.20346744508845
20,2110,145.20346744508845
20,2111,145.20346744508845
20,2112,145.20346744508845
20,2113,145.20346744508845
20,2114,145.20346744508845
20,2115,145.20346744508845
20,2116,145.20346744508845
20,2117,145.20346744508845
20,2118,145.20346744508845
21,2119,145.20346744508845
21,2120,145.20346744508845
21,2121,145.20346744508845
21,2122,145.20346744508845
21,2123,145.20346744508845
21,2124,145.20346744508845
21,2125,145.20346744508845
21,2126,145.20346744508845
21,2127,145.20346744508845
21,2128,145.20346744508845
21,2129,145.20346744508845
21,2130,145.20346744508845
21,2131,145.20346744508845
21,2132,145.20346744508845
21,2133,145.20346744508845
21,2134,145.20346744508845
21,2135,145.20346744508845
21,2136,145.20346744508845
21,2137,145.20346744508845
21,2138,145.20346744508845
21,2139,145.20346744508845
21,2140,145.20346744508845
21,2141,145.20346744508845
21,2142,145.20346744508845
21,2143,145.20346744508845
21,2144,145.20346744508845
21,2145,145.20346744508845
21,2146,145.20346744508845
21,2147,145.20346744508845
21,2148,145.20346744508845
21,2149,145.20346744508845
21,2150,145.20346744508845
21,2151,145.20346744508845
21,2152,145.20346744508845
21,2153,145.20346744508845
21,2154,145.20346744508845
21,2155,145.20346744508845
21,2156,145.20346744508845
21,2157,145.20346744508845
21,2158,145.20346744508845
21,2159,145.20346744508845
21,2160,145.20346744508845
21,2161,145.20346744508845
21,2162,145.20346744508845
21,2163,145.20346744508845
21,2164,145.20346744508845
21,2165,145.20346744508845
21,2166,145.20346744508845
21,2167,145.20346744508845
21,2168,145.20346744508845
21,2169,145.20346744508845
21,2170,124.5088224122394
21,2171,124.5088224122394
21,2172,124.5088224122394
21,2173,124.5088224122394
21,2174,124.5088224122394
21,2175,124.5088224122394
21,2176,124.5088224122394
21,2177,124.5088224122394
21,2178,124.5088224122394
21,2179,124.5088224122394
21,2180,124.5088224122394
21,2181,124.5088224122394
21,2182,124.5088224122394
21,2183,124.5088224122394
21,2184,124.5088224122394
21,2185,124.5088224122394
21,2186,124.5088224122394
21,2187,124.5088224122394
21,2188,124.5088224122394
21,2189,124.5088224122394
21,2190,124.5088224122394
21,2191,124.5088224122394
21,2192,124.5088224122394
21,2193,124.5088224122394
21,2194,124.5088224122394
21,2195,124.5088224122394
21,2196,124.5088224122394
21,2197,124.5088224122394
21,2198,124.5088224122394
21,2199,124.5088224122394
21,2200,124.5088224122394
21,2201,124.5088224122394
21,2202,124.5088224122394
21,2203,124.5088224122394
21,2204,124.5088224122394
21,2205,124.5088224122394
21,2206,124.5088224122394
21,2207,124.5088224122394
21,2208,124.5088224122394
21,2209,124.5088224122394
21,2210,124.5088224122394
21,2211,124.5088224122394
21,2212,124.5088224122394
21,2213,124.5088224122394
21,2214,124.5088224122394
21,2215,124.5088224122394
21,2216,124.5088224122394
21,2217,124.5088224122394
21,2218,124.5088224122394
21,2219,124.5088224122394
22,2220,124.5088224122394
22,2221,124.5088224122394
22,2222,124.5088224122394
22,2223,124.5088224122394
22,2224,124.5088224122394
22,2225,124.5088224122394
22,2226,124.5088224122394
22,2227,124.5088224122394
22,2228,124.5088224122394
22,2229,124.5088224122394
22,2230,124.5088224122394
22,2231,124.5088224122394
22,2232,124.5088224122394
22,2233,124.5088224122394
22,2234,124.5088224122394
22,2235,124.5088224122394
22,2236,124.5088224122394
22,2237,124.5088224122394
22,2238,124.5088224122394
22,2239,124.5088224122394
22,2240,124.5088224122394
22,2241,124.5088224122394
22,2242,124.5088224122394
22,2243,124.5088224122394
22,2244,124.5088224122394
22,2245,124.5088224122394
22,2246,124.5088224122394
22,2247,124.5088224122394
22,2248,124.5088224122394
22,2249,124.5088224122394
22,2250,124.5088224122394
22,2251,124.5088224122394
22,2252,124.5088224122394
22,2253,124.5088224122394
22,2254,124.5088224122394
22,2255,124.5088224122394
22,2256,124.5088224122394
22,2257,124.5088224122394
22,2258,124.5088224122394
22,2259,124.5088224122394
22,2260,124.5088224122394
22,2261,124.5088224122394
22,2262,124.5088224122394
22,2263,124.5088224122394
22,2264,124.5088224122394
22,2265,124.5088224122394
22,2266,124.5088224122394
22,2267,124.5088224122394
22,2268,124.5088224122394
22,2269,124.5088224122394
22,2270,124.5088224122394
22,2271,103.78985332512104
22,2272,103.78985332512104
22,2273,103.78985332512104
22,2274,103.78985332512104
22,2275,103.78985332512104
22,2276,103.78985332512104
22,2277,103.78985332512104
22,2278,103.78985332512104
22,2279,103.78985332512104
22,2280,103.78985332512104
22,2281,103.78985332512104
22,2282,103.78985332512104
22,2283,103.78985332512104
22,2284,103.78985332512104
22,2285,103.78985332512104
22,2286,103.78985332512104
22,2287,103.78985332512104
22,2288,103.78985332512104
22,2289,103.78985332512104
22,2290,103.78985332512104
22,2291,103.78985332512104
22,2292,103.78985332512104
22,2293,103.78985332512104
22,2294,103.78985332512104
22,2295,103.78985332512104
22,2296,103.78985332512104
22,2297,103.78985332512104
22,2298,103.78985332512104
22,2299,103.78985332512104
22,2300,103.78985332512104
22,2301,103.78985332512104
22,2302,103.78985332512104
22,2303,103.78985332512104
22,2304,103.78985332512104
22,2305,103.78985332512104
22,2306,103.78985332512104
22,2307,103.78985332512104
22,2308,103.78985332512104
22,2309,103.78985332512104
22,2310,103.78985332512104
22,2311,103.78985332512104
22,2312,103.78985332512104
22,2313,103.78985332512104
22,2314,103.78985332512104
22,2315,103.78985332512104
22,2316,103.78985332512104
22,2317,103.78985332512104
22,2318,103.78985332512104
22,2319,103.78985332512104
22,2320,103.78985332512104
23,2321,103.78985332512104
23,2322,103.78985332512104
23,2323,103.78985332512104
23,2324,103.78985332512104
23,2325,103.78985332512104
23,2326,103.78985332512104
23,2327,103.78985332512104
23,2328,103.78985332512104
23,2329,103.78985332512104
23,2330,103.78985332512104
23,2331,103.78985332512104
23,2332,103.78985332512104
23,2333,103.78985332512104
23,2334,103.78985332512104
23,2335,103.78985332512104
23,2336,103.78985332512104
23,2337,103.78985332512104
23,2338,103.78985332512104
23,2339,103.78985332512104
23,2340,103.78985332512104
23,2341,103.78985332512104
23,2342,103.78985332512104
23,2343,103.78985332512104
23,2344,103.78985332512104
23,2345,103.78985332512104
23,2346,103.78985332512104
23,2347,103.78985332512104
23,2348,103.78985332512104
23,2349,103.78985332512104
23,2350,103.78985332512104
23,2351,103.78985332512104
23,2352,103.78985332512104
23,2353,103.78985332512104
23,2354,103.78985332512104
23,2355,103.78985332512104
23,2356,103.78985332512104
23,2357,103.78985332512104
23,2358,103.78985332512104
23,2359,103.78985332512104
23,2360,103.78985332512104
23,2361,103.78985332512104
23,2362,103.78985332512104
23,2363,103.78985332512104
23,2364,103.78985332512104
23,2365,103.78985332512104
23,2366,103.78985332512104
23,2367,103.78985332512104
23,2368,103.78985332512104
23,2369,103.78985332512104
23,2370,103.78985332512104
23,2371,83.05263817944359
23,2372,83.05263817944359
23,2373,83.05263817944359
23,2374,83.05263817944359
23,2375,83.05263817944359
23,2376,83.05263817944359
23,2377,83.05263817944359
23,2378,83.05263817944359
23,2379,83.05263817944359
23,2380,83.05263817944359
23,2381,83.05263817944359
23,2382,83.05263817944359
23,2383,83.05263817944359
23,2384,83.05263817944359
23,2385,83.05263817944359
23,2386,83.05263817944359
23,2387,83.05263817944359
23,2388,83.05263817944359
23,2389,83.05263817944359
23,2390,83.05263817944359
23,2391,83.05263817944359
23,2392,83.05263817944359
23,2393,83.05263817944359
23,2394,83.05263817944359
23,2395,83.05263817944359
23,2396,83.05263817944359
23,2397,83.05263817944359
23,2398,83.05263817944359
23,2399,83.05263817944359
23,2400,83.05263817944359
23,2401,83.05263817944359
23,2402,83.05263817944359
23,2403,83.05263817944359
23,2404,83.05263817944359
23,2405,83.05263817944359
23,2406,83.05263817944359
23,2407,83.05263817944359
23,2408,83.05263817944359
23,2409,83.05263817944359
23,2410,83.05263817944359
23,2411,83.05263817944359
23,2412,83.05263817944359
23,2413,83.05263817944359
23,2414,83.05263817944359
23,2415,83.05263817944359
23,2416,83.05263817944359
23,2417,83.05263817944359
23,2418,83.05263817944359
23,2419,83.05263817944359
23,2420,83.05263817944359
24,2421,83.05263817944359
24,2422,83.05263817944359
24,2423,83.05263817944359
24,2424,83.05263817944359
24,2425,83.05263817944359
24,2426,83.05263817944359
24,2427,83.05263817944359
24,2428,83.05263817944359
24,2429,83.05263817944359
24,2430,83.05263817944359
24,2431,83.05263817944359
24,2432,83.05263817944359
24,2433,83.05263817944359
24,2434,83.05263817944359
24,2435,83.05263817944359
24,2436,83.05263817944359
24,2437,83.05263817944359
24,2438,83.05263817944359
24,2439,83.05263817944359
24,2440,83.05263817944359
24,2441,83.05263817944359
24,2442,83.05263817944359
24,2443,83.05263817944359
24,2444,83.05263817944359
24,2445,83.05263817944359
24,2446,83.05263817944359
24,2447,83.05263817944359
24,2448,83.05263817944359
24,2449,83.05263817944359
24,2450,83.05263817944359
24,2451,83.05263817944359
24,2452,83.05263817944359
24,2453,83.05263817944359
24,2454,83.05263817944359
24,2455,83.05263817944359
24,2456,83.05263817944359
24,2457,83.05263817944359
24,2458,83.05263817944359
24,2459,83.05263817944359
24,2460,83.05263817944359
24,2461,83.05263817944359
24,2462,83.05263817944359
24,2463,83.05263817944359
24,2464,83.05263817944359
24,2465,83.05263817944359
24,2466,83.05263817944359
24,2467,83.05263817944359
24,2468,83.05263817944359
24,2469,83.05263817944359
24,2470,83.05263817944359
24,2471,83.05263817944359
24,2472,62.30076798777998
24,2473,62.30076798777998
24,2474,62.30076798777998
24,2475,62.30076798777998
24,2476,62.30076798777998
24,2477,62.30076798777998
24,2478,62.30076798777998
24,2479,62.30076798777998
24,2480,62.30076798777998
24,2481,62.30076798777998
24,2482,62.30076798777998
24,2483,62.30076798777998
24,2484,62.30076798777998
24,2485,62.30076798777998
24,2486,62.30076798777998
24,2487,62.30076798777998
24,2488,62.30076798777998
24,2489,62.30076798777998
24,2490,62.30076798777998
24,2491,62.30076798777998
24,2492,62.30076798777998
24,2493,62.30076798777998
24,2494,62.30076798777998
24,2495,62.30076798777998
24,2496,62.30076798777998
24,2497,62.30076798777998
24,2498,62.30076798777998
24,2499,62.30076798777998
24,2500,62.30076798777998
24,2501,62.30076798777998
24,2502,62.30076798777998
24,2503,62.30076798777998
24,2504,62.30076798777998
24,2505,62.30076798777998
24,2506,62.30076798777998
24,2507,62.30076798777998
24,2508,62.30076798777998
24,2509,62.30076798777998
24,2510,62.30076798777998
24,2511,62.30076798777998
24,2512,62.30076798777998
24,2513,62.30076798777998
24,2514,62.30076798777998
24,2515,62.30076798777998
24,2516,62.30076798777998
24,2517,62.30076798777998
24,2518,62.30076798777998
24,2519,62.30076798777998
24,2520,62.30076798777998
24,2521,62.30076798777998
25,2522,62.30076798777998
25,2523,62.30076798777998
25,2524,62.30076798777998
25,2525,62.30076798777998
25,2526,62.30076798777998
25,2527,62.30076798777998
25,2528,62.30076798777998
25,2529,62.30076798777998
25,2530,62.30076798777998
25,2531,62.30076798777998
25,2532,62.30076798777998
25,2533,62.30076798777998
25,2534,62.30076798777998
25,2535,62.30076798777998
25,2536,62.30076798777998
25,2537,62.30076798777998
25,2538,62.30076798777998
25,2539,62.30076798777998
25,2540,62.30076798777998
25,2541,62.30076798777998
25,2542,62.30076798777998
25,2543,62.30076798777998
25,2544,62.30076798777998
25,2545,62.30076798777998
25,2546,62.30076798777998
25,2547,62.30076798777998
25,2548,62.30076798777998
25,2549,62.30076798777998
25,2550,62.30076798777998
25,2551,62.30076798777998
25,2552,62.30076798777998
25,2553,62.30076798777998
25,2554,62.30076798777998
25,2555,62.30076798777998
25,2556,62.30076798777998
25,2557,62.30076798777998
25,2558,62.30076798777998
25,2559,62.30076798777998
25,2560,62.30076798777998
25,2561,62.30076798777998
25,2562,62.30076798777998
25,2563,62.30076798777998
25,2564,62.30076798777998
25,2565,62.30076798777998
25,2566,62.30076798777998
25,2567,62.30076798777998
25,2568,62.30076798777998
25,2569,62.30076798777998
25,2570,62.30076798777998
25,2571,62.30076798777998
25,2572,62.30076798777998
25,2573,41.53912417193533
25,2574,41.53912417193533
25,2575,41.53912417193533
25,2576,41.53912417193533
25,2577,41.53912417193533
25,2578,41.53912417193533
25,2579,41.53912417193533
25,2580,41.53912417193533
25,2581,41.53912417193533
25,2582,41.53912417193533
25,2583,41.53912417193533
25,2584,41.53912417193533
25,2585,41.53912417193533
25,2586,41.53912417193533
25,2587,41.53912417193533
25,2588,41.53912417193533
25,2589,41.53912417193533
25,2590,41.53912417193533
25,2591,41.53912417193533
25,2592,41.53912417193533
25,2593,41.53912417193533
25,2594,41.53912417193533
25,2595,41.53912417193533
25,2596,41.53912417193533
25,2597,41.53912417193533
25,2598,41.53912417193533
25,2599,41.53912417193533
25,2600,41.53912417193533
25,2601,41.53912417193533
25,2602,41.53912417193533
25,2603,41.53912417193533
25,2604,41.53912417193533
25,2605,41.53912417193533
25,2606,41.53912417193533
25,2607,41.53912417193533
25,2608,41.53912417193533
25,2609,41.53912417193533
25,2610,41.53912417193533
25,2611,41.53912417193533
25,2612,41.53912417193533
25,2613,41.53912417193533
25,2614,41.53912417193533
25,2615,41.53912417193533
25,2616,41.53912417193533
25,2617,41.53912417193533
25,2618,41.53912417193533
25,2619,41.53912417193533
25,2620,41.53912417193533
25,2621,41.53912417193533
25,2622,41.53912417193533
26,2623,41.53912417193533
26,2624,41.53912417193533
26,2625,41.53912417193533
26,2626,41.53912417193533
26,2627,41.53912417193533
26,2628,41.53912417193533
26,2629,41.53912417193533
26,2630,41.53912417193533
26,2631,41.53912417193533
26,2632,41.53912417193533
26,2633,41.53912417193533
26,2634,41.53912417193533
26,2635,41.53912417193533
26,2636,41.53912417193533
26,2637,41.53912417193533
26,2638,41.53912417193533
26,2639,41.53912417193533
26,2640,41.53912417193533
26,2641,41.53912417193533
26,2642,41.53912417193533
26,2643,41.53912417193533
26,2644,41.53912417193533
26,2645,41.53912417193533
26,2646,41.53912417193533
26,2647,41.53912417193533
26,2648,41.53912417193533
26,2649,41.53912417193533
26,2650,41.53912417193533
26,2651,41.53912417193533
26,2652,41.53912417193533
26,2653,41.53912417193533
26,2654,41.53912417193533
26,2655,41.53912417193533
26,2656,41.53912417193533
26,2657,41.53912417193533
26,2658,41.53912417193533
26,2659,41.53912417193533
26,2660,41.53912417193533
26,2661,41.53912417193533
26,2662,41.53912417193533
26,2663,41.53912417193533
26,2664,41.53912417193533
26,2665,41.53912417193533
26,2666,41.53912417193533
26,2667,41.53912417193533
26,2668,41.53912417193533
26,2669,41.53912417193533
26,2670,41.53912417193533
26,2671,41.53912417193533
26,2672,41.53912417193533
26,2673,41.53912417193533
26,2674,20.771256226152616
26,2675,20.771256226152616
26,2676,20.771256226152616
26,2677,20.771256226152616
26,2678,20.771256226152616
26,2679,20.771256226152616
26,2680,20.771256226152616
26,2681,20.771256226152616
26,2682,20.771256226152616
26,2683,20.771256226152616
26,2684,20.771256226152616
26,2685,20.771256226152616
26,2686,20.771256226152616
26,2687,20.771256226152616
26,2688,20.771256226152616
26,2689,20.771256226152616
26,2690,20.771256226152616
26,2691,20.771256226152616
26,2692,20.771256226152616
26,2693,20.771256226152616
26,2694,20.771256226152616
26,2695,20.771256226152616
26,2696,20.771256226152616
26,2697,20.771256226152616
26,2698,20.771256226152616
26,2699,20.771256226152616
26,2700,20.771256226152616
26,2701,20.771256226152616
26,2702,20.771256226152616
26,2703,20.771256226152616
26,2704,20.771256226152616
26,2705,20.771256226152616
26,2706,20.771256226152616
26,2707,20.771256226152616
26,2708,20.771256226152616
26,2709,20.771256226152616
26,2710,20.771256226152616
26,2711,20.771256226152616
26,2712,20.771256226152616
26,2713,20.771256226152616
26,2714,20.771256226152616
26,2715,20.771256226152616
26,2716,20.771256226152616
26,2717,20.771256226152616
26,2718,20.771256226152616
26,2719,20.771256226152616
26,2720,20.771256226152616
26,2721,20.771256226152616
26,2722,20.771256226152616
26,2723,20.771256226152616
27,2724,20.771256226152616
27,2725,20.771256226152616
27,2726,20.771256226152616
27,2727,20.771256226152616
27,2728,20.771256226152616
27,2729,20.771256226152616
27,2730,20.771256226152616
27,2731,20.771256226152616
27,2732,20.771256226152616
27,2733,20.771256226152616
27,2734,20.771256226152616
27,2735,20.771256226152616
27,2736,20.771256226152616
27,2737,20.771256226152616
27,2738,20.771256226152616
27,2739,20.771256226152616
27,2740,20.771256226152616
27,2741,20.771256226152616
27,2742,20.771256226152616
27,2743,20.771256226152616
27,2744,20.771256226152616
27,2745,20.771256226152616
27,2746,20.771256226152616
27,2747,20.771256226152616
27,2748,20.771256226152616
27,2749,20.771256226152616
27,2750,20.771256226152616
27,2751,20.771256226152616
27,2752,20.771256226152616
27,2753,20.771256226152616
27,2754,20.771256226152616
27,2755,20.771256226152616
27,2756,20.771256226152616
27,2757,20.771256226152616
27,2758,20.771256226152616
27,2759,20.771256226152616
27,2760,20.771256226152616
27,2761,20.771256226152616
27,2762,20.771256226152616
27,2763,20.771256226152616
27,2764,20.771256226152616
27,2765,20.771256226152616
27,2766,20.771256226152616
27,2767,20.771256226152616
27,2768,20.771256226152616
27,2769,20.771256226152616
27,2770,20.771256226152616
27,2771,20.771256226152616
27,2772,20.771256226152616
27,2773,20.771256226152616
27,2774,20.771256226152616
27,2775,20.771256226152616
27,2776,-0.20587439828523202
27,2777,-0.20587439828523202
27,2778,-0.20587439828523202
27,2779,-0.20587439828523202
27,2780,-0.20587439828523202
27,2781,-0.20587439828523202
27,2782,-0.20587439828523202
27,2783,-0.20587439828523202
27,2784,-0.20587439828523202
27,2785,-0.20587439828523202
27,2786,-0.20587439828523202
27,2787,-0.20587439828523202
27,2788,-0.20587439828523202
27,2789,-0.20587439828523202
27,2790,-0.20587439828523202
27,2791,-0.20587439828523202
27,2792,-0.20587439828523202
27,2793,-0.20587439828523202
27,2794,-0.20587439828523202
27,2795,-0.20587439828523202
27,2796,-0.20587439828523202
27,2797,-0.20587439828523202
27,2798,-0.20587439828523202
27,2799,-0.20587439828523202
27,2800,-0.20587439828523202
27,2801,-0.20587439828523202
27,2802,-0.20587439828523202
27,2803,-0.20587439828523202
27,2804,-0.20587439828523202
27,2805,-0.20587439828523202
27,2806,-0.20587439828523202
27,2807,-0.20587439828523202
27,2808,-0.20587439828523202
27,2809,-0.20587439828523202
27,2810,-0.20587439828523202
27,2811,-0.20587439828523202
27,2812,-0.20587439828523202
27,2813,-0.20587439828523202
27,2814,-0.20587439828523202
27,2815,-0.20587439828523202
27,2816,-0.20587439828523202
27,2817,-0.20587439828523202
27,2818,-0.20587439828523202
27,2819,-0.20587439828523202
27,2820,-0.20587439828523202
27,2821,-0.20587439828523202
27,2822,-0.20587439828523202
27,2823,-0.20587439828523202
27,2824,-0.20587439828523202
27,2825,-0.20587439828523202
28,2826,-0.20587439828523202
28,2827,-0.20587439828523202
28,2828,-0.20587439828523202
28,2829,-0.20587439828523202
28,2830,-0.20587439828523202
28,2831,-0.20587439828523202
28,2832,-0.20587439828523202
28,2833,-0.20587439828523202
28,2834,-0.20587439828523202
28,2835,-0.20587439828523202
28,2836,-0.20587439828523202
28,2837,-0.20587439828523202
28,2838,-0.20587439828523202
28,2839,-0.20587439828523202
28,2840,-0.20587439828523202
28,2841,-0.20587439828523202
28,2842,-0.20587439828523202
28,2843,-0.20587439828523202
28,2844,-0.20587439828523202
28,2845,-0.20587439828523202
28,2846,-0.20587439828523202
28,2847,-0.20587439828523202
28,2848,-0.20587439828523202
28,2849,-0.20587439828523202
28,2850,-0.20587439828523202
28,2851,-0.20587439828523202
28,2852,-0.20587439828523202
28,2853,-0.20587439828523202
28,2854,-0.20587439828523202
28,2855,-0.20587439828523202
28,2856,-0.20587439828523202
28,2857,-0.20587439828523202
28,2858,-0.20587439828523202
28,2859,-0.20587439828523202
28,2860,-0.20587439828523202
28,2861,-0.20587439828523202
28,2862,-0.20587439828523202
28,2863,-0.20587439828523202
28,2864,-0.20587439828523202
28,2865,-0.20587439828523202
28,2866,-0.20587439828523202
28,2867,-0.20587439828523202
28,2868,-0.20587439828523202
28,2869,-0.20587439828523202
28,2870,-0.20587439828523202
28,2871,-0.20587439828523202
28,2872,-0.20587439828523202
28,2873,-0.20587439828523202
28,2874,-0.20587439828523202
28,2875,-0.20587439828523202
28,2876,-20.77125622615256
28,2877,-20.77125622615256
28,2878,-20.77125622615256
28,2879,-20.77125622615256
28,2880,-20.77125622615256
28,2881,-20.77125622615256
28,2882,-20.77125622615256
28,2883,-20.77125622615256
28,2884,-20.77125622615256
28,2885,-20.77125622615256
28,2886,-20.77125622615256
28,2887,-20.77125622615256
28,2888,-20.77125622615256
28,2889,-20.77125622615256
28,2890,-20.77125622615256
28,2891,-20.77125622615256
28,2892,-20.77125622615256
28,2893,-20.77125622615256
28,2894,-20.77125622615256
28,2895,-20.77125622615256
28,2896,-20.77125622615256
28,2897,-20.77125622615256
28,2898,-20.77125622615256
28,2899,-20.77125622615256
28,2900,-20.77125622615256
28,2901,-20.77125622615256
28,2902,-20.77125622615256
28,2903,-20.77125622615256
28,2904,-20.77125622615256
28,2905,-20.77125622615256
28,2906,-20.77125622615256
28,2907,-20.77125622615256
28,2908,-20.77125622615256
28,2909,-20.77125622615256
28,2910,-20.77125622615256
28,2911,-20.77125622615256
28,2912,-20.77125622615256
28,2913,-20.77125622615256
28,2914,-20.77125622615256
28,2915,-20.77125622615256
28,2916,-20.77125622615256
28,2917,-20.77125622615256
28,2918,-20.77125622615256
28,2919,-20.77125622615256
28,2920,-20.77125622615256
28,2921,-20.77125622615256
28,2922,-20.77125622615256
28,2923,-20.77125622615256
28,2924,-20.77125622615256
28,2925,-20.77125622615256
29,2926,-20.77125622615256
29,2927,-20.77125622615256
29,2928,-20.77125622615256
29,2929,-20.77125622615256
29,2930,-20.77125622615256
29,2931,-20.77125622615256
29,2932,-20.77125622615256
29,2933,-20.77125622615256
29,2934,-20.77125622615256
29,2935,-20.77125622615256
29,2936,-20.77125622615256
29,2937,-20.77125622615256
29,2938,-20.77125622615256
29,2939,-20.77125622615256
29,2940,-20.77125622615256
29,2941,-20.77125622615256
29,2942,-20.77125622615256
29,2943,-20.77125622615256
29,2944,-20.77125622615256
29,2945,-20.77125622615256
29,2946,-20.77125622615256
29,2947,-20.77125622615256
29,2948,-20.77125622615256
29,2949,-20.77125622615256
29,2950,-20.77125622615256
29,2951,-20.77125622615256
29,2952,-20.77125622615256
29,2953,-20.77125622615256
29,2954,-20.77125622615256
29,2955,-20.77125622615256
29,2956,-20.77125622615256
29,2957,-20.77125622615256
29,2958,-20.77125622615256
29,2959,-20.77125622615256
29,2960,-20.77125622615256
29,2961,-20.77125622615256
29,2962,-20.77125622615256
29,2963,-20.77125622615256
29,2964,-20.77125622615256
29,2965,-20.77125622615256
29,2966,-20.77125622615256
29,2967,-20.77125622615256
29,2968,-20.77125622615256
29,2969,-20.77125622615256
29,2970,-20.77125622615256
29,2971,-20.77125622615256
29,2972,-20.77125622615256
29,2973,-20.77125622615256
29,2974,-20.77125622615256
29,2975,-20.77125622615256
29,2976,-20.77125622615256
29,2977,-41.539124171935214
29,2978,-41.539124171935214
29,2979,-41.539124171935214
29,2980,-41.539124171935214
29,2981,-41.539124171935214
29,2982,-41.539124171935214
29,2983,-41.539124171935214
29,2984,-41.539124171935214
29,2985,-41.539124171935214
29,2986,-41.539124171935214
29,2987,-41.539124171935214
29,2988,-41.539124171935214
29,2989,-41.539124171935214
29,2990,-41.539124171935214
29,2991,-41.539124171935214
29,2992,-41.539124171935214
29,2993,-41.539124171935214
29,2994,-41.539124171935214
29,2995,-41.539124171935214
29,2996,-41.539124171935214
29,2997,-41.539124171935214
29,2998,-41.539124171935214
29,2999,-41.539124171935214
29,3000,-41.539124171935214
29,3001,-41.539124171935214
29,3002,-41.539124171935214
29,3003,-41.539124171935214
29,3004,-41.539124171935214
29,3005,-41.539124171935214
29,3006,-41.539124171935214
29,3007,-41.539124171935214
29,3008,-41.539124171935214
29,3009,-41.539124171935214
29,3010,-41.539124171935214
29,3011,-41.539124171935214
29,3012,-41.539124171935214
29,3013,-41.539124171935214
29,3014,-41.539124171935214
29,3015,-41.539124171935214
29,3016,-41.539124171935214
29,3017,-41.539124171935214
29,3018,-41.539124171935214
29,3019,-41.539124171935214
29,3020,-41.539124171935214
29,3021,-41.539124171935214
29,3022,-41.539124171935214
29,3023,-41.539124171935214
29,3024,-41.539124171935214
29,3025,-41.539124171935214
29,3026,-41.539124171935214
30,3027,-41.539124171935214
30,3028,-41.539124171935214
30,3029,-41.539124171935214
30,3030,-41.539124171935214
30,3031,-41.539124171935214
30,3032,-41.539124171935214
30,3033,-41.539124171935214
30,3034,-41.539124171935214
30,3035,-41.539124171935214
30,3036,-41.539124171935214
30,3037,-41.539124171935214
30,3038,-41.539124171935214
30,3039,-41.539124171935214
30,3040,-41.539124171935214
30,3041,-41.539124171935214
30,3042,-41.539124171935214
30,3043,-41.539124171935214
30,3044,-41.539124171935214
30,3045,-41.539124171935214
30,3046,-41.539124171935214
30,3047,-41.539124171935214
30,3048,-41.539124171935214
30,3049,-41.539124171935214
30,3050,-41.539124171935214
30,3051,-41.539124171935214
30,3052,-41.539124171935214
30,3053,-41.539124171935214
30,3054,-41.539124171935214
30,3055,-41.539124171935214
30,3056,-41.539124171935214
30,3057,-41.539124171935214
30,3058,-41.539124171935214
30,3059,-41.539124171935214
30,3060,-41.539124171935214
30,3061,-41.539124171935214
30,3062,-41.539124171935214
30,3063,-41.539124171935214
30,3064,-41.539124171935214
30,3065,-41.539124171935214
30,3066,-41.539124171935214
30,3067,-41.539124171935214
30,3068,-41.539124171935214
30,3069,-41.539124171935214
30,3070,-41.539124171935214
30,3071,-41.539124171935214
30,3072,-41.539124171935214
30,3073,-41.539124171935214
30,3074,-41.539124171935214
30,3075,-41.539124171935214
30,3076,-41.539124171935214
30,3077,-41.539124171935214
30,3078,-62.300767987779864
30,3079,-62.300767987779864
30,3080,-62.300767987779864
30,3081,-62.300767987779864
30,3082,-62.300767987779864
30,3083,-62.300767987779864
30,3084,-62.300767987779864
30,3085,-62.300767987779864
30,3086,-62.300767987779864
30,3087,-62.300767987779864
30,3088,-62.300767987779864
30,3089,-62.300767987779864
30,3090,-62.300767987779864
30,3091,-62.300767987779864
30,3092,-62.300767987779864
30,3093,-62.300767987779864
30,3094,-62.300767987779864
30,3095,-62.300767987779864
30,3096,-62.300767987779864
30,3097,-62.300767987779864
30,3098,-62.300767987779864
30,3099,-62.300767987779864
30,3100,-62.300767987779864
30,3101,-62.300767987779864
30,3102,-62.300767987779864
30,3103,-62.300767987779864
30,3104,-62.300767987779864
30,3105,-62.300767987779864
30,3106,-62.300767987779864
30,3107,-62.300767987779864
30,3108,-62.300767987779864
30,3109,-62.300767987779864
30,3110,-62.300767987779864
30,3111,-62.300767987779864
30,3112,-62.300767987779864
30,3113,-62.300767987779864
30,3114,-62.300767987779864
30,3115,-62.300767987779864
30,3116,-62.300767987779864
30,3117,-62.300767987779864
30,3118,-62.300767987779864
30,3119,-62.300767987779864
30,3120,-62.300767987779864
30,3121,-62.300767987779864
30,3122,-62.300767987779864
30,3123,-62.300767987779864
30,3124,-62.300767987779864
30,3125,-62.300767987779864
30,3126,-62.300767987779864
30,3127,-62.300767987779864
31,3128,-62.300767987779864
31,3129,-62.300767987779864
31,3130,-62.300767987779864
31,3131,-62.300767987779864
31,3132,-62.300767987779864
31,3133,-62.300767987779864
31,3134,-62.300767987779864
31,3135,-62.300767987779864
31,3136,-62.300767987779864
31,3137,-62.300767987779864
31,3138,-62.300767987779864
31,3139,-62.300767987779864
31,3140,-62.300767987779864
31,3141,-62.300767987779864
31,3142,-62.300767987779864
31,3143,-62.300767987779864
31,3144,-62.300767987779864
31,3145,-62.300767987779864
31,3146,-62.300767987779864
31,3147,-62.300767987779864
31,3148,-62.300767987779864
31,3149,-62.300767987779864
31,3150,-62.300767987779864
31,3151,-62.300767987779864
31,3152,-62.300767987779864
31,3153,-62.300767987779864
31,3154,-62.300767987779864
31,3155,-62.300767987779864
31,3156,-62.300767987779864
31,3157,-62.300767987779864
31,3158,-62.300767987779864
31,3159,-62.300767987779864
31,3160,-62.300767987779864
31,3161,-62.300767987779864
31,3162,-62.300767987779864
31,3163,-62.300767987779864
31,3164,-62.300767987779864
31,3165,-62.300767987779864
31,3166,-62.300767987779864
31,3167,-62.300767987779864
31,3168,-62.300767987779864
31,3169,-62.300767987779864
31,3170,-62.300767987779864
31,3171,-62.300767987779864
31,3172,-62.300767987779864
31,3173,-62.300767987779864
31,3174,-62.300767987779864
31,3175,-62.300767987779864
31,3176,-62.300767987779864
31,3177,-62.300767987779864
31,3178,-62.300767987779864
31,3179,-83.05263817944342
31,3180,-83.05263817944342
31,3181,-83.05263817944342
31,3182,-83.05263817944342
31,3183,-83.05263817944342
31,3184,-83.05263817944342
31,3185,-83.05263817944342
31,3186,-83.05263817944342
31,3187,-83.05263817944342
31,3188,-83.05263817944342
31,3189,-83.05263817944342
31,3190,-83.05263817944342
31,3191,-83.05263817944342
31,3192,-83.05263817944342
31,3193,-83.05263817944342
31,3194,-83.05263817944342
31,3195,-83.05263817944342
31,3196,-83.05263817944342
31,3197,-83.05263817944342
31,3198,-83.05263817944342
31,3199,-83.05263817944342
31,3200,-83.05263817944342
31,3201,-83.05263817944342
31,3202,-83.05263817944342
31,3203,-83.05263817944342
31,3204,-83.05263817944342
31,3205,-83.05263817944342
31,3206,-83.05263817944342
31,3207,-83.05263817944342
31,3208,-83.05263817944342
31,3209,-83.05263817944342
31,3210,-83.05263817944342
31,3211,-83.05263817944342
31,3212,-83.05263817944342
31,3213,-83.05263817944342
31,3214,-83.05263817944342
31,3215,-83.05263817944342
31,3216,-83.05263817944342
31,3217,-83.05263817944342
31,3218,-83.05263817944342
31,3219,-83.05263817944342
31,3220,-83.05263817944342
31,3221,-83.05263817944342
31,3222,-83.05263817944342
31,3223,-83.05263817944342
31,3224,-83.05263817944342
31,3225,-83.05263817944342
31,3226,-83.05263817944342
31,3227,-83.05263817944342
31,3228,-83.05263817944342
32,3229,-83.05263817944342
32,3230,-83.05263817944342
32,3231,-83.05263817944342
32,3232,-83.05263817944342
32,3233,-83.05263817944342
32,3234,-83.05263817944342
32,3235,-83.05263817944342
32,3236,-83.05263817944342
32,3237,-83.05263817944342
32,3238,-83.05263817944342
32,3239,-83.05263817944342
32,3240,-83.05263817944342
32,3241,-83.05263817944342
32,3242,-83.05263817944342
32,3243,-83.05263817944342
32,3244,-83.05263817944342
32,3245,-83.05263817944342
32,3246,-83.05263817944342
32,3247,-83.05263817944342
32,3248,-83.05263817944342
32,3249,-83.05263817944342
32,3250,-83.05263817944342
32,3251,-83.05263817944342
32,3252,-83.05263817944342
32,3253,-83.05263817944342
32,3254,-83.05263817944342
32,3255,-83.05263817944342
32,3256,-83.05263817944342
32,3257,-83.05263817944342
32,3258,-83.05263817944342
32,3259,-83.05263817944342
32,3260,-83.05263817944342
32,3261,-83.05263817944342
32,3262,-83.05263817944342
32,3263,-83.05263817944342
32,3264,-83.05263817944342
32,3265,-83.05263817944342
32,3266,-83.05263817944342
32,3267,-83.05263817944342
32,3268,-83.05263817944342
32,3269,-83.05263817944342
32,3270,-83.05263817944342
32,3271,-83.05263817944342
32,3272,-83.05263817944342
32,3273,-83.05263817944342
32,3274,-83.05263817944342
32,3275,-83.05263817944342
32,3276,-83.05263817944342
32,3277,-83.05263817944342
32,3278,-83.05263817944342
32,3279,-83.05263817944342
32,3280,-103.78985332512082
32,3281,-103.78985332512082
32,3282,-103.78985332512082
32,3283,-103.78985332512082
32,3284,-103.78985332512082
32,3285,-103.78985332512082
32,3286,-103.78985332512082
32,3287,-103.78985332512082
32,3288,-103.78985332512082
32,3289,-103.78985332512082
32,3290,-103.78985332512082
32,3291,-103.78985332512082
32,3292,-103.78985332512082
32,3293,-103.78985332512082
32,3294,-103.78985332512082
32,3295,-103.78985332512082
32,3296,-103.78985332512082
32,3297,-103.78985332512082
32,3298,-103.78985332512082
32,3299,-103.78985332512082
32,3300,-103.78985332512082
32,3301,-103.78985332512082
32,3302,-103.78985332512082
32,3303,-103.78985332512082
32,3304,-103.78985332512082
32,3305,-103.78985332512082
32,3306,-103.78985332512082
32,3307,-103.78985332512082
32,3308,-103.78985332512082
32,3309,-103.78985332512082
32,3310,-103.78985332512082
32,3311,-103.78985332512082
32,3312,-103.78985332512082
32,3313,-103.78985332512082
32,3314,-103.78985332512082
32,3315,-103.78985332512082
32,3316,-103.78985332512082
32,3317,-103.78985332512082
32,3318,-103.78985332512082
32,3319,-103.78985332512082
32,3320,-103.78985332512082
32,3321,-103.78985332512082
32,3322,-103.78985332512082
32,3323,-103.78985332512082
32,3324,-103.78985332512082
32,3325,-103.78985332512082
32,3326,-103.78985332512082
32,3327,-103.78985332512082
32,3328,-103.78985332512082
33,3329,-103.78985332512082
33,3330,-103.78985332512082
33,3331,-103.78985332512082
33,3332,-103.78985332512082
33,3333,-103.78985332512082
33,3334,-103.78985332512082
33,3335,-103.78985332512082
33,3336,-103.78985332512082
33,3337,-103.78985332512082
33,3338,-103.78985332512082
33,3339,-103.78985332512082
33,3340,-103.78985332512082
33,3341,-103.78985332512082
33,3342,-103.78985332512082
33,3343,-103.78985332512082
33,3344,-103.78985332512082
33,3345,-103.78985332512082
33,3346,-103.78985332512082
33,3347,-103.78985332512082
33,3348,-103.78985332512082
33,3349,-103.78985332512082
33,3350,-103.78985332512082
33,3351,-103.78985332512082
33,3352,-103.78985332512082
33,3353,-103.78985332512082
33,3354,-103.78985332512082
33,3355,-103.78985332512082
33,3356,-103.78985332512082
33,3357,-103.78985332512082
33,3358,-103.78985332512082
33,3359,-103.78985332512082
33,3360,-103.78985332512082
33,3361,-103.78985332512082
33,3362,-103.78985332512082
33,3363,-103.78985332512082
33,3364,-103.78985332512082
33,3365,-103.78985332512082
33,3366,-103.78985332512082
33,3367,-103.78985332512082
33,3368,-103.78985332512082
33,3369,-103.78985332512082
33,3370,-103.78985332512082
33,3371,-103.78985332512082
33,3372,-103.78985332512082
33,3373,-103.78985332512082
33,3374,-103.78985332512082
33,3375,-103.78985332512082
33,3376,-103.78985332512082
33,3377,-103.78985332512082
33,3378,-103.78985332512082
33,3379,-103.78985332512082
33,3380,-124.50882241223917
33,3381,-124.50882241223917
33,3382,-124.50882241223917
33,3383,-124.50882241223917
33,3384,-124.50882241223917
33,3385,-124.50882241223917
33,3386,-124.50882241223917
33,3387,-124.50882241223917
33,3388,-124.50882241223917
33,3389,-124.50882241223917
33,3390,-124.50882241223917
33,3391,-124.50882241223917
33,3392,-124.50882241223917
33,3393,-124.50882241223917
33,3394,-124.50882241223917
33,3395,-124.50882241223917
33,3396,-124.50882241223917
33,3397,-124.50882241223917
33,3398,-124.50882241223917
33,3399,-124.50882241223917
33,3400,-124.50882241223917
33,3401,-124.50882241223917
33,3402,-124.50882241223917
33,3403,-124.50882241223917
33,3404,-124.50882241223917
33,3405,-124.50882241223917
33,3406,-124.50882241223917
33,3407,-124.50882241223917
33,3408,-124.50882241223917
33,3409,-124.50882241223917
33,3410,-124.50882241223917
33,3411,-124.50882241223917
33,3412,-124.50882241223917
33,3413,-124.50882241223917
33,3414,-124.50882241223917
33,3415,-124.50882241223917
33,3416,-124.50882241223917
33,3417,-124.50882241223917
33,3418,-124.50882241223917
33,3419,-124.50882241223917
33,3420,-124.50882241223917
33,3421,-124.50882241223917
33,3422,-124.50882241223917
33,3423,-124.50882241223917
33,3424,-124.50882241223917
33,3425,-124.50882241223917
33,3426,-124.50882241223917
33,3427,-124.50882241223917
33,3428,-124.50882241223917
33,3429,-124.50882241223917
34,3430,-124.50882241223917
34,3431,-124.50882241223917
34,3432,-124.50882241223917
34,3433,-124.50882241223917
34,3434,-124.50882241223917
34,3435,-124.50882241223917
34,3436,-124.50882241223917
34,3437,-124.50882241223917
34,3438,-124.50882241223917
34,3439,-124.50882241223917
34,3440,-124.50882241223917
34,3441,-124.50882241223917
34,3442,-124.50882241223917
34,3443,-124.50882241223917
34,3444,-124.50882241223917
34,3445,-124.50882241223917
34,3446,-124.50882241223917
34,3447,-124.50882241223917
34,3448,-124.50882241223917
34,3449,-124.50882241223917
34,3450,-124.50882241223917
34,3451,-124.50882241223917
34,3452,-124.50882241223917
34,3453,-124.50882241223917
34,3454,-124.50882241223917
34,3455,-124.50882241223917
34,3456,-124.50882241223917
34,3457,-124.50882241223917
34,3458,-124.50882241223917
34,3459,-124.50882241223917
34,3460,-124.50882241223917
34,3461,-124.50882241223917
34,3462,-124.50882241223917
34,3463,-124.50882241223917
34,3464,-124.50882241223917
34,3465,-124.50882241223917
34,3466,-124.50882241223917
34,3467,-124.50882241223917
34,3468,-124.50882241223917
34,3469,-124.50882241223917
34,3470,-124.50882241223917
34,3471,-124.50882241223917
34,3472,-124.50882241223917
34,3473,-124.50882241223917
34,3474,-124.50882241223917
34,3475,-124.50882241223917
34,3476,-124.50882241223917
34,3477,-124.50882241223917
34,3478,-124.50882241223917
34,3479,-124.50882241223917
34,3480,-124.50882241223917
34,3481,-145.20346744508822
34,3482,-145.20346744508822
34,3483,-145.20346744508822
34,3484,-145.20346744508822
34,3485,-145.20346744508822
34,3486,-145.20346744508822
34,3487,-145.20346744508822
34,3488,-145.20346744508822
34,3489,-145.20346744508822
34,3490,-145.20346744508822
34,3491,-145.20346744508822
34,3492,-145.20346744508822
34,3493,-145.20346744508822
34,3494,-145.20346744508822
34,3495,-145.20346744508822
34,3496,-145.20346744508822
34,3497,-145.20346744508822
34,3498,-145.20346744508822
34,3499,-145.20346744508822
34,3500,-145.20346744508822
34,3501,-145.20346744508822
34,3502,-145.20346744508822
34,3503,-145.20346744508822
34,3504,-145.20346744508822
34,3505,-145.20346744508822
34,3506,-145.20346744508822
34,3507,-145.20346744508822
34,3508,-145.20346744508822
34,3509,-145.20346744508822
34,3510,-145.20346744508822
34,3511,-145.20346744508822
34,3512,-145.20346744508822
34,3513,-145.20346744508822
34,3514,-145.20346744508822
34,3515,-145.20346744508822
34,3516,-145.20346744508822
34,3517,-145.20346744508822
34,3518,-145.20346744508822
34,3519,-145.20346744508822
34,3520,-145.20346744508822
34,3521,-145.20346744508822
34,3522,-145.20346744508822
34,3523,-145.20346744508822
34,3524,-145.20346744508822
34,3525,-145.20346744508822
34,3526,-145.20346744508822
34,3527,-145.20346744508822
34,3528,-145.20346744508822
34,3529,-145.20346744508822
34,3530,-145.20346744508822
35,3531,-145.20346744508822
35,3532,-145.20346744508822
35,3533,-145.20346744508822
35,3534,-145.20346744508822
35,3535,-145.20346744508822
35,3536,-145.20346744508822
35,3537,-145.20346744508822
35,3538,-145.20346744508822
35,3539,-145.20346744508822
35,3540,-145.20346744508822
35,3541,-145.20346744508822
35,3542,-145.20346744508822
35,3543,-145.20346744508822
35,3544,-145.20346744508822
35,3545,-145.20346744508822
35,3546,-145.20346744508822
35,3547,-145.20346744508822
35,3548,-145.20346744508822
35,3549,-145.20346744508822
35,3550,-145.20346744508822
35,3551,-145.20346744508822
35,3552,-145.20346744508822
35,3553,-145.20346744508822
35,3554,-145.20346744508822
35,3555,-145.20346744508822
35,3556,-145.20346744508822
35,3557,-145.20346744508822
35,3558,-145.20346744508822
35,3559,-145.20346744508822
35,3560,-145.20346744508822
35,3561,-145.20346744508822
35,3562,-145.20346744508822
35,3563,-145.20346744508822
35,3564,-145.20346744508822
35,3565,-145.20346744508822
35,3566,-145.20346744508822
35,3567,-145.20346744508822
35,3568,-145.20346744508822
35,3569,-145.20346744508822
35,3570,-145.20346744508822
35,3571,-145.20346744508822
35,3572,-145.20346744508822
35,3573,-145.20346744508822
35,3574,-145.20346744508822
35,3575,-145.20346744508822
35,3576,-145.20346744508822
35,3577,-145.20346744508822
35,3578,-145.20346744508822
35,3579,-145.20346744508822
35,3580,-145.20346744508822
35,3581,-145.20346744508822
35,3582,-165.8655383353879
35,3583,-165.8655383353879
35,3584,-165.8655383353879
35,3585,-165.8655383353879
35,3586,-165.8655383353879
35,3587,-165.8655383353879
35,3588,-165.8655383353879
35,3589,-165.8655383353879
35,3590,-165.8655383353879
35,3591,-165.8655383353879
35,3592,-165.8655383353879
35,3593,-165.8655383353879
35,3594,-165.8655383353879
35,3595,-165.8655383353879
35,3596,-165.8655383353879
35,3597,-165.8655383353879
35,3598,-165.8655383353879
35,3599,-165.8655383353879
35,3600,-165.8655383353879
35,3601,-165.8655383353879
35,3602,-165.8655383353879
35,3603,-165.8655383353879
35,3604,-165.8655383353879
35,3605,-165.8655383353879
35,3606,-165.8655383353879
35,3607,-165.8655383353879
35,3608,-165.8655383353879
35,3609,-165.8655383353879
35,3610,-165.8655383353879
35,3611,-165.8655383353879
35,3612,-165.8655383353879
35,3613,-165.8655383353879
35,3614,-165.8655383353879
35,3615,-165.8655383353879
35,3616,-165.8655383353879
35,3617,-165.8655383353879
35,3618,-165.8655383353879
35,3619,-165.8655383353879
35,3620,-165.8655383353879
35,3621,-165.8655383353879
35,3622,-165.8655383353879
35,3623,-165.8655383353879
35,3624,-165.8655383353879
35,3625,-165.8655383353879
35,3626,-165.8655383353879
35,3627,-165.8655383353879
35,3628,-165.8655383353879
35,3629,-165.8655383353879
35,3630,-165.8655383353879
35,3631,-165.8655383353879
36,3632,-165.8655383353879
36,3633,-165.8655383353879
36,3634,-165.8655383353879
36,3635,-165.8655383353879
36,3636,-165.8655383353879
36,3637,-165.8655383353879
36,3638,-165.8655383353879
36,3639,-165.8655383353879
36,3640,-165.8655383353879
36,3641,-165.8655383353879
36,3642,-165.8655383353879
36,3643,-165.8655383353879
36,3644,-165.8655383353879
36,3645,-165.8655383353879
36,3646,-165.8655383353879
36,3647,-165.8655383353879
36,3648,-165.8655383353879
36,3649,-165.8655383353879
36,3650,-165.8655383353879
36,3651,-165.8655383353879
36,3652,-165.8655383353879
36,3653,-165.8655383353879
36,3654,-165.8655383353879
36,3655,-165.8655383353879
36,3656,-165.8655383353879
36,3657,-165.8655383353879
36,3658,-165.8655383353879
36,3659,-165.8655383353879
36,3660,-165.8655383353879
36,3661,-165.8655383353879
36,3662,-165.8655383353879
36,3663,-165.8655383353879
36,3664,-165.8655383353879
36,3665,-165.8655383353879
36,3666,-165.8655383353879
36,3667,-165.8655383353879
36,3668,-165.8655383353879
36,3669,-165.8655383353879
36,3670,-165.8655383353879
36,3671,-165.8655383353879
36,3672,-165.8655383353879
36,3673,-165.8655383353879
36,3674,-165.8655383353879
36,3675,-165.8655383353879
36,3676,-165.8655383353879
36,3677,-165.8655383353879
36,3678,-165.8655383353879
36,3679,-165.8655383353879
36,3680,-165.8655383353879
36,3681,-165.8655383353879
36,3682,-165.8655383353879
36,3683,-186.48661560936546
36,3684,-186.48661560936546
36,3685,-186.48661560936546
36,3686,-186.48661560936546
36,3687,-186.48661560936546
36,3688,-186.48661560936546
36,3689,-186.48661560936546
36,3690,-186.48661560936546
36,3691,-186.48661560936546
36,3692,-186.48661560936546
36,3693,-186.48661560936546
36,3694,-186.48661560936546
36,3695,-186.48661560936546
36,3696,-186.48661560936546
36,3697,-186.48661560936546
36,3698,-186.48661560936546
36,3699,-186.48661560936546
36,3700,-186.48661560936546
36,3701,-186.48661560936546
36,3702,-186.48661560936546
36,3703,-186.48661560936546
36,3704,-186.48661560936546
36,3705,-186.48661560936546
36,3706,-186.48661560936546
36,3707,-186.48661560936546
36,3708,-186.48661560936546
36,3709,-186.48661560936546
36,3710,-186.48661560936546
36,3711,-186.48661560936546
36,3712,-186.48661560936546
36,3713,-186.48661560936546
36,3714,-186.48661560936546
36,3715,-186.48661560936546
36,3716,-186.48661560936546
36,3717,-186.48661560936546
36,3718,-186.48661560936546
36,3719,-186.48661560936546
36,3720,-186.48661560936546
36,3721,-186.48661560936546
36,3722,-186.48661560936546
36,3723,-186.48661560936546
36,3724,-186.48661560936546
36,3725,-186.48661560936546
36,3726,-186.48661560936546
36,3727,-186.48661560936546
36,3728,-186.48661560936546
36,3729,-186.48661560936546
36,3730,-186.48661560936546
36,3731,-186.48661560936546
36,3732,-186.48661560936546
37,3733,-186.48661560936546
37,3734,-186.48661560936546
37,3735,-186.48661560936546
37,3736,-186.48661560936546
37,3737,-186.48661560936546
37,3738,-186.48661560936546
37,3739,-186.48661560936546
37,3740,-186.48661560936546
37,3741,-186.48661560936546
37,3742,-186.48661560936546
37,3743,-186.48661560936546
37,3744,-186.48661560936546
37,3745,-186.48661560936546
37,3746,-186.48661560936546
37,3747,-186.48661560936546
37,3748,-186.48661560936546
37,3749,-186.48661560936546
37,3750,-186.48661560936546
37,3751,-186.48661560936546
37,3752,-186.48661560936546
37,3753,-186.48661560936546
37,3754,-186.48661560936546
37,3755,-186.48661560936546
37,3756,-186.48661560936546
37,3757,-186.48661560936546
37,3758,-186.48661560936546
37,3759,-186.48661560936546
37,3760,-186.48661560936546
37,3761,-186.48661560936546
37,3762,-186.48661560936546
37,3763,-186.48661560936546
37,3764,-186.48661560936546
37,3765,-186.48661560936546
37,3766,-186.48661560936546
37,3767,334.0295305607257
37,3768,334.0295305607257
37,3769,334.0295305607257
37,3770,334.0295305607257
37,3771,334.0295305607257
37,3772,334.0295305607257
37,3773,334.0295305607257
37,3774,334.0295305607257
37,3775,334.0295305607257
37,3776,334.0295305607257
37,3777,334.0295305607257
37,3778,334.0295305607257
37,3779,334.0295305607257
37,3780,334.0295305607257
37,3781,334.0295305607257
37,3782,334.0295305607257
37,3783,334.0295305607257
37,3784,313.46147080830235
37,3785,313.46147080830235
37,3786,313.46147080830235
37,3787,313.46147080830235
37,3788,313.46147080830235
37,3789,313.46147080830235
37,3790,313.46147080830235
37,3791,313.46147080830235
37,3792,313.46147080830235
37,3793,313.46147080830235
37,3794,313.46147080830235
37,3795,313.46147080830235
37,3796,313.46147080830235
37,3797,313.46147080830235
37,3798,313.46147080830235
37,3799,313.46147080830235
37,3800,313.46147080830235
37,3801,313.46147080830235
37,3802,313.46147080830235
37,3803,313.46147080830235
37,3804,313.46147080830235
37,3805,313.46147080830235
37,3806,313.46147080830235
37,3807,313.46147080830235
37,3808,313.46147080830235
37,3809,313.46147080830235
37,3810,313.46147080830235
37,3811,313.46147080830235
37,3812,313.46147080830235
37,3813,313.46147080830235
37,3814,313.46147080830235
37,3815,313.46147080830235
37,3816,313.46147080830235
37,3817,313.46147080830235
37,3818,313.46147080830235
37,3819,313.46147080830235
37,3820,313.46147080830235
37,3821,313.46147080830235
37,3822,313.46147080830235
37,3823,313.46147080830235
37,3824,313.46147080830235
37,3825,313.46147080830235
37,3826,313.46147080830235
37,3827,313.46147080830235
37,3828,313.46147080830235
37,3829,313.46147080830235
37,3830,313.46147080830235
37,3831,313.46147080830235
37,3832,313.46147080830235
37,3833,313.46147080830235
38,3834,313.46147080830235
38,3835,313.46147080830235
38,3836,313.46147080830235
38,3837,313.46147080830235
38,3838,313.46147080830235
38,3839,313.46147080830235
38,3840,313.46147080830235
38,3841,313.46147080830235
38,3842,313.46147080830235
38,3843,313.46147080830235
38,3844,313.46147080830235
38,3845,313.46147080830235
38,3846,313.46147080830235
38,3847,313.46147080830235
38,3848,313.46147080830235
38,3849,313.46147080830235
38,3850,313.46147080830235
38,3851,313.46147080830235
38,3852,313.46147080830235
38,3853,313.46147080830235
38,3854,313.46147080830235
38,3855,313.46147080830235
38,3856,313.46147080830235
38,3857,313.46147080830235
38,3858,313.46147080830235
38,3859,313.46147080830235
38,3860,313.46147080830235
38,3861,313.46147080830235
38,3862,313.46147080830235
38,3863,313.46147080830235
38,3864,313.46147080830235
38,3865,313.46147080830235
38,3866,313.46147080830235
38,3867,313.46147080830235
38,3868,313.46147080830235
38,3869,313.46147080830235
38,3870,313.46147080830235
38,3871,313.46147080830235
38,3872,313.46147080830235
38,3873,313.46147080830235
38,3874,313.46147080830235
38,3875,313.46147080830235
38,3876,313.46147080830235
38,3877,313.46147080830235
38,3878,313.46147080830235
38,3879,313.46147080830235
38,3880,313.46147080830235
38,3881,313.46147080830235
38,3882,313.46147080830235
38,3883,313.46147080830235
38,3884,313.46147080830235
38,3885,292.96201769604033
38,3886,292.96201769604033
38,3887,292.96201769604033
38,3888,292.96201769604033
38,3889,292.96201769604033
38,3890,292.96201769604033
38,3891,292.96201769604033
38,3892,292.96201769604033
38,3893,292.96201769604033
38,3894,292.96201769604033
38,3895,292.96201769604033
38,3896,292.96201769604033
38,3897,292.96201769604033
38,3898,292.96201769604033
38,3899,292.96201769604033
38,3900,292.96201769604033
38,3901,292.96201769604033
38,3902,292.96201769604033
38,3903,292.96201769604033
38,3904,292.96201769604033
38,3905,292.96201769604033
38,3906,292.96201769604033
38,3907,292.96201769604033
38,3908,292.96201769604033
38,3909,292.96201769604033
38,3910,292.96201769604033
38,3911,292.96201769604033
38,3912,292.96201769604033
38,3913,292.96201769604033
38,3914,292.96201769604033
38,3915,292.96201769604033
38,3916,292.96201769604033
38,3917,292.96201769604033
38,3918,292.96201769604033
38,3919,292.96201769604033
38,3920,292.96201769604033
38,3921,292.96201769604033
38,3922,292.96201769604033
38,3923,292.96201769604033
38,3924,292.96201769604033
38,3925,292.96201769604033
38,3926,292.96201769604033
38,3927,292.96201769604033
38,3928,292.96201769604033
38,3929,292.96201769604033
38,3930,292.96201769604033
38,3931,292.96201769604033
38,3932,292.96201769604033
38,3933,292.96201769604033
38,3934,292.96201769604033
39,3935,292.96201769604033
39,3936,292.96201769604033
39,3937,292.96201769604033
39,3938,292.96201769604033
39,3939,292.96201769604033
39,3940,292.96201769604033
39,3941,292.96201769604033
39,3942,292.96201769604033
39,3943,292.96201769604033
39,3944,292.96201769604033
39,3945,292.96201769604033
39,3946,292.96201769604033
39,3947,292.96201769604033
39,3948,292.96201769604033
39,3949,292.96201769604033
39,3950,292.96201769604033
39,3951,292.96201769604033
39,3952,292.96201769604033
39,3953,292.96201769604033
39,3954,292.96201769604033
39,3955,292.96201769604033
39,3956,292.96201769604033
39,3957,292.96201769604033
39,3958,292.96201769604033
39,3959,292.96201769604033
39,3960,292.96201769604033
39,3961,292.96201769604033
39,3962,292.96201769604033
39,3963,292.96201769604033
39,3964,292.96201769604033
39,3965,292.96201769604033
39,3966,292.96201769604033
39,3967,292.96201769604033
39,3968,292.96201769604033
39,3969,292.96201769604033
39,3970,292.96201769604033
39,3971,292.96201769604033
39,3972,292.96201769604033
39,3973,292.96201769604033
39,3974,292.96201769604033
39,3975,292.96201769604033
39,3976,292.96201769604033
39,3977,292.96201769604033
39,3978,292.96201769604033
39,3979,292.96201769604033
39,3980,292.96201769604033
39,3981,292.96201769604033
39,3982,292.96201769604033
39,3983,292.96201769604033
39,3984,292.96201769604033
39,3985,292.96201769604033
39,3986,272.5522975832848
39,3987,272.5522975832848
39,3988,272.5522975832848
39,3989,272.5522975832848
39,3990,272.5522975832848
39,3991,272.5522975832848
39,3992,272.5522975832848
39,3993,272.5522975832848
39,3994,272.5522975832848
39,3995,272.5522975832848
39,3996,272.5522975832848
39,3997,272.5522975832848
39,3998,272.5522975832848
39,3999,272.5522975832848
39,4000,272.5522975832848
39,4001,272.5522975832848
39,4002,272.5522975832848
39,4003,272.5522975832848
39,4004,272.5522975832848
39,4005,272.5522975832848
39,4006,272.5522975832848
39,4007,272.5522975832848
39,4008,272.5522975832848
39,4009,272.5522975832848
39,4010,272.5522975832848
39,4011,272.5522975832848
39,4012,272.5522975832848
39,4013,272.5522975832848
39,4014,272.5522975832848
39,4015,272.5522975832848
39,4016,272.5522975832848
39,4017,272.5522975832848
39,4018,272.5522975832848
39,4019,272.5522975832848
39,4020,272.5522975832848
39,4021,272.5522975832848
39,4022,272.5522975832848
39,4023,272.5522975832848
39,4024,272.5522975832848
39,4025,272.5522975832848
39,4026,272.5522975832848
39,4027,272.5522975832848
39,4028,272.5522975832848
39,4029,272.5522975832848
39,4030,272.5522975832848
39,4031,272.5522975832848
39,4032,272.5522975832848
39,4033,272.5522975832848
39,4034,272.5522975832848
39,4035,272.5522975832848
40,4036,272.5522975832848
40,4037,272.5522975832848
40,4038,272.5522975832848
40,4039,272.5522975832848
40,4040,272.5522975832848
40,4041,272.5522975832848
40,4042,272.5522975832848
40,4043,272.5522975832848
40,4044,272.5522975832848
40,4045,272.5522975832848
40,4046,272.5522975832848
40,4047,272.5522975832848
40,4048,272.5522975832848
40,4049,272.5522975832848
40,4050,272.5522975832848
40,4051,272.5522975832848
40,4052,272.5522975832848
40,4053,272.5522975832848
40,4054,272.5522975832848
40,4055,272.5522975832848
40,4056,272.5522975832848
40,4057,272.5522975832848
40,4058,272.5522975832848
40,4059,272.5522975832848
40,4060,272.5522975832848
40,4061,272.5522975832848
40,4062,272.5522975832848
40,4063,272.5522975832848
40,4064,272.5522975832848
40,4065,272.5522975832848
40,4066,272.5522975832848
40,4067,272.5522975832848
40,4068,272.5522975832848
40,4069,272.5522975832848
40,4070,272.5522975832848
40,4071,272.5522975832848
40,4072,272.5522975832848
40,4073,272.5522975832848
40,4074,272.5522975832848
40,4075,272.5522975832848
40,4076,272.5522975832848
40,4077,272.5522975832848
40,4078,272.5522975832848
40,4079,272.5522975832848
40,4080,272.5522975832848
40,4081,272.5522975832848
40,4082,272.5522975832848
40,4083,272.5522975832848
40,4084,272.5522975832848
40,4085,272.5522975832848
40,4086,272.5522975832848
40,4087,252.26521618069296
40,4088,252.26521618069296
40,4089,252.26521618069296
40,4090,252.26521618069296
40,4091,252.26521618069296
40,4092,252.26521618069296
40,4093,252.26521618069296
40,4094,252.26521618069296
40,4095,252.26521618069296
40,4096,252.26521618069296
40,4097,252.26521618069296
40,4098,252.26521618069296
40,4099,252.26521618069296
40,4100,252.26521618069296
40,4101,252.26521618069296
40,4102,252.26521618069296
40,4103,252.26521618069296
40,4104,252.26521618069296
40,4105,252.26521618069296
40,4106,252.26521618069296
40,4107,252.26521618069296
40,4108,252.26521618069296
40,4109,252.26521618069296
40,4110,252.26521618069296
40,4111,252.26521618069296
40,4112,252.26521618069296
40,4113,252.26521618069296
40,4114,252.26521618069296
40,4115,252.26521618069296
40,4116,252.26521618069296
40,4117,252.26521618069296
40,4118,252.26521618069296
40,4119,252.26521618069296
40,4120,252.26521618069296
40,4121,252.26521618069296
40,4122,252.26521618069296
40,4123,252.26521618069296
40,4124,252.26521618069296
40,4125,252.26521618069296
40,4126,252.26521618069296
40,4127,252.26521618069296
40,4128,252.26521618069296
40,4129,252.26521618069296
40,4130,252.26521618069296
40,4131,252.26521618069296
40,4132,252.26521618069296
40,4133,252.26521618069296
40,4134,252.26521618069296
40,4135,252.26521618069296
40,4136,252.26521618069296
41,4137,252.26521618069296
41,4138,252.26521618069296
41,4139,252.26521618069296
41,4140,252.26521618069296
41,4141,252.26521618069296
41,4142,252.26521618069296
41,4143,252.26521618069296
41,4144,252.26521618069296
41,4145,252.26521618069296
41,4146,252.26521618069296
41,4147,252.26521618069296
41,4148,252.26521618069296
41,4149,252.26521618069296
41,4150,252.26521618069296
41,4151,252.26521618069296
41,4152,252.26521618069296
41,4153,252.26521618069296
41,4154,252.26521618069296
41,4155,252.26521618069296
41,4156,252.26521618069296
41,4157,252.26521618069296
41,4158,252.26521618069296
41,4159,252.26521618069296
41,4160,252.26521618069296
41,4161,252.26521618069296
41,4162,252.26521618069296
41,4163,252.26521618069296
41,4164,252.26521618069296
41,4165,252.26521618069296
41,4166,252.26521618069296
41,4167,252.26521618069296
41,4168,252.26521618069296
41,4169,252.26521618069296
41,4170,252.26521618069296
41,4171,252.26521618069296
41,4172,252.26521618069296
41,4173,252.26521618069296
41,4174,252.26521618069296
41,4175,252.26521618069296
41,4176,252.26521618069296
41,4177,252.26521618069296
41,4178,252.26521618069296
41,4179,252.26521618069296
41,4180,252.26521618069296
41,4181,252.26521618069296
41,4182,252.26521618069296
41,4183,252.26521618069296
41,4184,252.26521618069296
41,4185,252.26521618069296
41,4186,252.26521618069296
41,4187,252.26521618069296
41,4188,232.14670511203667
41,4189,232.14670511203667
41,4190,232.14670511203667
41,4191,232.14670511203667
41,4192,232.14670511203667
41,4193,232.14670511203667
41,4194,232.14670511203667
41,4195,232.14670511203667
41,4196,232.14670511203667
41,4197,232.14670511203667
41,4198,232.14670511203667
41,4199,232.14670511203667
41,4200,232.14670511203667
41,4201,232.14670511203667
41,4202,232.14670511203667
41,4203,232.14670511203667
41,4204,232.14670511203667
41,4205,232.14670511203667
41,4206,232.14670511203667
41,4207,232.14670511203667
41,4208,232.14670511203667
41,4209,232.14670511203667
41,4210,232.14670511203667
41,4211,232.14670511203667
41,4212,232.14670511203667
41,4213,232.14670511203667
41,4214,232.14670511203667
41,4215,232.14670511203667
41,4216,232.14670511203667
41,4217,232.14670511203667
41,4218,232.14670511203667
41,4219,232.14670511203667
41,4220,232.14670511203667
41,4221,232.14670511203667
41,4222,232.14670511203667
41,4223,232.14670511203667
41,4224,232.14670511203667
41,4225,232.14670511203667
41,4226,232.14670511203667
41,4227,232.14670511203667
41,4228,232.14670511203667
41,4229,232.14670511203667
41,4230,232.14670511203667
41,4231,232.14670511203667
41,4232,232.14670511203667
41,4233,232.14670511203667
41,4234,232.14670511203667
41,4235,232.14670511203667
41,4236,232.14670511203667
41,4237,232.14670511203667
42,4238,232.14670511203667
42,4239,232.14670511203667
42,4240,232.14670511203667
42,4241,232.14670511203667
42,4242,232.14670511203667
42,4243,232.14670511203667
42,4244,232.14670511203667
42,4245,232.14670511203667
42,4246,232.14670511203667
42,4247,232.14670511203667
42,4248,232.14670511203667
42,4249,232.14670511203667
42,4250,232.14670511203667
42,4251,232.14670511203667
42,4252,232.14670511203667
42,4253,232.14670511203667
42,4254,232.14670511203667
42,4255,232.14670511203667
42,4256,232.14670511203667
42,4257,232.14670511203667
42,4258,232.14670511203667
42,4259,232.14670511203667
42,4260,232.14670511203667
42,4261,232.14670511203667
42,4262,232.14670511203667
42,4263,232.14670511203667
42,4264,232.14670511203667
42,4265,232.14670511203667
42,4266,232.14670511203667
42,4267,232.14670511203667
42,4268,232.14670511203667
42,4269,232.14670511203667
42,4270,232.14670511203667
42,4271,232.14670511203667
42,4272,232.14670511203667
42,4273,232.14670511203667
42,4274,232.14670511203667
42,4275,232.14670511203667
42,4276,232.14670511203667
42,4277,232.14670511203667
42,4278,232.14670511203667
42,4279,232.14670511203667
42,4280,232.14670511203667
42,4281,232.14670511203667
42,4282,232.14670511203667
42,4283,232.14670511203667
42,4284,232.14670511203667
42,4285,232.14670511203667
42,4286,232.14670511203667
42,4287,232.14670511203667
42,4288,212.25975094208195
42,4289,212.25975094208195
42,4290,212.25975094208195
42,4291,212.25975094208195
42,4292,212.25975094208195
42,4293,212.25975094208195
42,4294,212.25975094208195
42,4295,212.25975094208195
42,4296,212.25975094208195
42,4297,212.25975094208195
42,4298,212.25975094208195
42,4299,212.25975094208195
42,4300,212.25975094208195
42,4301,212.25975094208195
42,4302,212.25975094208195
42,4303,212.25975094208195
42,4304,212.25975094208195
42,4305,212.25975094208195
42,4306,212.25975094208195
42,4307,212.25975094208195
42,4308,212.25975094208195
42,4309,212.25975094208195
42,4310,212.25975094208195
42,4311,212.25975094208195
42,4312,212.25975094208195
42,4313,212.25975094208195
42,4314,212.25975094208195
42,4315,212.25975094208195
42,4316,212.25975094208195
42,4317,212.25975094208195
42,4318,212.25975094208195
42,4319,212.25975094208195
42,4320,212.25975094208195
42,4321,212.25975094208195
42,4322,212.25975094208195
42,4323,212.25975094208195
42,4324,212.25975094208195
42,4325,212.25975094208195
42,4326,212.25975094208195
42,4327,212.25975094208195
42,4328,212.25975094208195
42,4329,212.25975094208195
42,4330,212.25975094208195
42,4331,212.25975094208195
42,4332,212.25975094208195
42,4333,212.25975094208195
42,4334,212.25975094208195
42,4335,212.25975094208195
42,4336,212.25975094208195
42,4337,212.25975094208195
43,4338,212.25975094208195
43,4339,212.25975094208195
43,4340,212.25975094208195
43,4341,212.25975094208195
43,4342,212.25975094208195
43,4343,212.25975094208195
43,4344,212.25975094208195
43,4345,212.25975094208195
43,4346,212.25975094208195
43,4347,212.25975094208195
43,4348,212.25975094208195
43,4349,212.25975094208195
43,4350,212.25975094208195
43,4351,212.25975094208195
43,4352,212.25975094208195
43,4353,212.25975094208195
43,4354,212.25975094208195
43,4355,212.25975094208195
43,4356,212.25975094208195
43,4357,212.25975094208195
43,4358,212.25975094208195
43,4359,212.25975094208195
43,4360,212.25975094208195
43,4361,212.25975094208195
43,4362,212.25975094208195
43,4363,212.25975094208195
43,4364,212.25975094208195
43,4365,212.25975094208195
43,4366,212.25975094208195
43,4367,212.25975094208195
43,4368,212.25975094208195
43,4369,212.25975094208195
43,4370,212.25975094208195
43,4371,212.25975094208195
43,4372,212.25975094208195
43,4373,212.25975094208195
43,4374,212.25975094208195
43,4375,212.25975094208195
43,4376,212.25975094208195
43,4377,212.25975094208195
43,4378,212.25975094208195
43,4379,212.25975094208195
43,4380,212.25975094208195
43,4381,212.25975094208195
43,4382,212.25975094208195
43,4383,212.25975094208195
43,4384,212.25975094208195
43,4385,212.25975094208195
43,4386,212.25975094208195
43,4387,212.25975094208195
43,4388,212.25975094208195
43,4389,192.69332419750287
43,4390,192.69332419750287
43,4391,192.69332419750287
43,4392,192.69332419750287
43,4393,192.69332419750287
43,4394,192.69332419750287
43,4395,192.69332419750287
43,4396,192.69332419750287
43,4397,192.69332419750287
43,4398,192.69332419750287
43,4399,192.69332419750287
43,4400,192.69332419750287
43,4401,192.69332419750287
43,4402,192.69332419750287
43,4403,192.69332419750287
43,4404,192.69332419750287
43,4405,192.69332419750287
43,4406,192.69332419750287
43,4407,192.69332419750287
43,4408,192.69332419750287
43,4409,192.69332419750287
43,4410,192.69332419750287
43,4411,192.69332419750287
43,4412,192.69332419750287
43,4413,192.69332419750287
43,4414,192.69332419750287
43,4415,192.69332419750287
43,4416,192.69332419750287
43,4417,192.69332419750287
43,4418,192.69332419750287
43,4419,192.69332419750287
43,4420,192.69332419750287
43,4421,192.69332419750287
43,4422,192.69332419750287
43,4423,192.69332419750287
43,4424,192.69332419750287
43,4425,192.69332419750287
43,4426,192.69332419750287
43,4427,192.69332419750287
43,4428,192.69332419750287
43,4429,192.69332419750287
43,4430,192.69332419750287
43,4431,192.69332419750287
43,4432,192.69332419750287
43,4433,192.69332419750287
43,4434,192.69332419750287
43,4435,192.69332419750287
43,4436,192.69332419750287
43,4437,192.69332419750287
43,4438,192.69332419750287
44,4439,192.69332419750287
44,4440,192.69332419750287
44,4441,192.69332419750287
44,4442,192.69332419750287
44,4443,192.69332419750287
44,4444,192.69332419750287
44,4445,192.69332419750287
44,4446,192.69332419750287
44,4447,192.69332419750287
44,4448,192.69332419750287
44,4449,192.69332419750287
44,4450,192.69332419750287
44,4451,192.69332419750287
44,4452,192.69332419750287
44,4453,192.69332419750287
44,4454,192.69332419750287
44,4455,192.69332419750287
44,4456,192.69332419750287
44,4457,192.69332419750287
44,4458,192.69332419750287
44,4459,192.69332419750287
44,4460,192.69332419750287
44,4461,192.69332419750287
44,4462,192.69332419750287
44,4463,192.69332419750287
44,4464,192.69332419750287
44,4465,192.69332419750287
44,4466,192.69332419750287
44,4467,192.69332419750287
44,4468,192.69332419750287
44,4469,192.69332419750287
44,4470,192.69332419750287
44,4471,192.69332419750287
44,4472,192.69332419750287
44,4473,192.69332419750287
44,4474,192.69332419750287
44,4475,192.69332419750287
44,4476,192.69332419750287
44,4477,192.69332419750287
44,4478,192.69332419750287
44,4479,192.69332419750287
44,4480,192.69332419750287
44,4481,192.69332419750287
44,4482,192.69332419750287
44,4483,192.69332419750287
44,4484,192.69332419750287
44,4485,192.69332419750287
44,4486,192.69332419750287
44,4487,192.69332419750287
44,4488,192.69332419750287
44,4489,192.69332419750287
44,4490,173.37104285006262
44,4491,173.37104285006262
44,4492,173.37104285006262
44,4493,173.37104285006262
44,4494,173.37104285006262
44,4495,173.37104285006262
44,4496,173.37104285006262
44,4497,173.37104285006262
44,4498,173.37104285006262
44,4499,173.37104285006262
44,4500,173.37104285006262
44,4501,173.37104285006262
44,4502,173.37104285006262
44,4503,173.37104285006262
44,4504,173.37104285006262
44,4505,173.37104285006262
44,4506,173.37104285006262
44,4507,173.37104285006262
44,4508,173.37104285006262
44,4509,173.37104285006262
44,4510,173.37104285006262
44,4511,173.37104285006262
44,4512,173.37104285006262
44,4513,173.37104285006262
44,4514,173.37104285006262
44,4515,173.37104285006262
44,4516,173.37104285006262
44,4517,173.37104285006262
44,4518,173.37104285006262
44,4519,173.37104285006262
44,4520,173.37104285006262
44,4521,173.37104285006262
44,4522,173.37104285006262
44,4523,173.37104285006262
44,4524,173.37104285006262
44,4525,173.37104285006262
44,4526,173.37104285006262
44,4527,173.37104285006262
44,4528,173.37104285006262
44,4529,173.37104285006262
44,4530,173.37104285006262
44,4531,173.37104285006262
44,4532,173.37104285006262
44,4533,173.37104285006262
44,4534,173.37104285006262
44,4535,173.37104285006262
44,4536,173.37104285006262
44,4537,173.37104285006262
44,4538,173.37104285006262
44,4539,173.37104285006262
45,4540,173.37104285006262
45,4541,173.37104285006262
45,4542,173.37104285006262
45,4543,173.37104285006262
45,4544,173.37104285006262
45,4545,173.37104285006262
45,4546,173.37104285006262
45,4547,173.37104285006262
45,4548,173.37104285006262
45,4549,173.37104285006262
45,4550,173.37104285006262
45,4551,173.37104285006262
45,4552,173.37104285006262
45,4553,173.37104285006262
45,4554,173.37104285006262
45,4555,173.37104285006262
45,4556,173.37104285006262
45,4557,173.37104285006262
45,4558,173.37104285006262
45,4559,173.37104285006262
45,4560,173.37104285006262
45,4561,173.37104285006262
45,4562,173.37104285006262
45,4563,173.37104285006262
45,4564,173.37104285006262
45,4565,173.37104285006262
45,4566,173.37104285006262
45,4567,173.37104285006262
45,4568,173.37104285006262
45,4569,173.37104285006262
45,4570,173.37104285006262
45,4571,173.37104285006262
45,4572,173.37104285006262
45,4573,173.37104285006262
45,4574,173.37104285006262
45,4575,173.37104285006262
45,4576,173.37104285006262
45,4577,173.37104285006262
45,4578,173.37104285006262
45,4579,173.37104285006262
45,4580,173.37104285006262
45,4581,173.37104285006262
45,4582,173.37104285006262
45,4583,173.37104285006262
45,4584,173.37104285006262
45,4585,173.37104285006262
45,4586,173.37104285006262
45,4587,173.37104285006262
45,4588,173.37104285006262
45,4589,173.37104285006262
45,4590,173.37104285006262
45,4591,154.2308927550904
45,4592,154.2308927550904
45,4593,154.2308927550904
45,4594,154.2308927550904
45,4595,154.2308927550904
45,4596,154.2308927550904
45,4597,154.2308927550904
45,4598,154.2308927550904
45,4599,154.2308927550904
45,4600,154.2308927550904
45,4601,154.2308927550904
45,4602,154.2308927550904
45,4603,154.2308927550904
45,4604,154.2308927550904
45,4605,154.2308927550904
45,4606,154.2308927550904
45,4607,154.2308927550904
45,4608,154.2308927550904
45,4609,154.2308927550904
45,4610,154.2308927550904
45,4611,154.2308927550904
45,4612,154.2308927550904
45,4613,154.2308927550904
45,4614,154.2308927550904
45,4615,154.2308927550904
45,4616,154.2308927550904
45,4617,154.2308927550904
45,4618,154.2308927550904
45,4619,154.2308927550904
45,4620,154.2308927550904
45,4621,154.2308927550904
45,4622,154.2308927550904
45,4623,154.2308927550904
45,4624,154.2308927550904
45,4625,154.2308927550904
45,4626,154.2308927550904
45,4627,154.2308927550904
45,4628,154.2308927550904
45,4629,154.2308927550904
45,4630,154.2308927550904
45,4631,154.2308927550904
45,4632,154.2308927550904
45,4633,154.2308927550904
45,4634,154.2308927550904
45,4635,154.2308927550904
45,4636,154.2308927550904
45,4637,154.2308927550904
45,4638,154.2308927550904
45,4639,154.2308927550904
45,4640,154.2308927550904
46,4641,154.2308927550904
46,4642,154.2308927550904
46,4643,154.2308927550904
46,4644,154.2308927550904
46,4645,154.2308927550904
46,4646,154.2308927550904
46,4647,154.2308927550904
46,4648,154.2308927550904
46,4649,154.2308927550904
46,4650,154.2308927550904
46,4651,154.2308927550904
46,4652,154.2308927550904
46,4653,154.2308927550904
46,4654,154.2308927550904
46,4655,154.2308927550904
46,4656,154.2308927550904
46,4657,154.2308927550904
46,4658,154.2308927550904
46,4659,154.2308927550904
46,4660,154.2308927550904
46,4661,154.2308927550904
46,4662,154.2308927550904
46,4663,154.2308927550904
46,4664,154.2308927550904
46,4665,154.2308927550904
46,4666,154.2308927550904
46,4667,154.2308927550904
46,4668,154.2308927550904
46,4669,154.2308927550904
46,4670,154.2308927550904
46,4671,154.2308927550904
46,4672,154.2308927550904
46,4673,154.2308927550904
46,4674,154.2308927550904
46,4675,154.2308927550904
46,4676,154.2308927550904
46,4677,154.2308927550904
46,4678,154.2308927550904
46,4679,154.2308927550904
46,4680,154.2308927550904
46,4681,154.2308927550904
46,4682,154.2308927550904
46,4683,154.2308927550904
46,4684,154.2308927550904
46,4685,154.2308927550904
46,4686,154.2308927550904
46,4687,154.2308927550904
46,4688,154.2308927550904
46,4689,154.2308927550904
46,4690,154.2308927550904
46,4691,154.2308927550904
46,4692,135.44410021665067
46,4693,135.44410021665067
46,4694,135.44410021665067
46,4695,135.44410021665067
46,4696,135.44410021665067
46,4697,135.44410021665067
46,4698,135.44410021665067
46,4699,135.44410021665067
46,4700,135.44410021665067
46,4701,135.44410021665067
46,4702,135.44410021665067
46,4703,135.44410021665067
46,4704,135.44410021665067
46,4705,135.44410021665067
46,4706,135.44410021665067
46,4707,135.44410021665067
46,4708,135.44410021665067
46,4709,135.44410021665067
46,4710,135.44410021665067
46,4711,135.44410021665067
46,4712,135.44410021665067
46,4713,135.44410021665067
46,4714,135.44410021665067
46,4715,135.44410021665067
46,4716,135.44410021665067
46,4717,135.44410021665067
46,4718,135.44410021665067
46,4719,135.44410021665067
46,4720,135.44410021665067
46,4721,135.44410021665067
46,4722,135.44410021665067
46,4723,135.44410021665067
46,4724,135.44410021665067
46,4725,135.44410021665067
46,4726,135.44410021665067
46,4727,135.44410021665067
46,4728,135.44410021665067
46,4729,135.44410021665067
46,4730,135.44410021665067
46,4731,135.44410021665067
46,4732,135.44410021665067
46,4733,135.44410021665067
46,4734,135.44410021665067
46,4735,135.44410021665067
46,4736,135.44410021665067
46,4737,135.44410021665067
46,4738,135.44410021665067
46,4739,135.44410021665067
46,4740,135.44410021665067
46,4741,135.44410021665067
47,4742,135.44410021665067
47,4743,135.44410021665067
47,4744,135.44410021665067
47,4745,135.44410021665067
47,4746,135.44410021665067
47,4747,135.44410021665067
47,4748,135.44410021665067
47,4749,135.44410021665067
47,4750,135.44410021665067
47,4751,135.44410021665067
47,4752,135.44410021665067
47,4753,135.44410021665067
47,4754,135.44410021665067
47,4755,135.44410021665067
47,4756,135.44410021665067
47,4757,135.44410021665067
47,4758,135.44410021665067
47,4759,135.44410021665067
47,4760,135.44410021665067
47,4761,135.44410021665067
47,4762,135.44410021665067
47,4763,135.44410021665067
47,4764,135.44410021665067
47,4765,135.44410021665067
47,4766,135.44410021665067
47,4767,135.44410021665067
47,4768,135.44410021665067
47,4769,135.44410021665067
47,4770,135.44410021665067
47,4771,135.44410021665067
47,4772,135.44410021665067
47,4773,135.44410021665067
47,4774,135.44410021665067
47,4775,135.44410021665067
47,4776,135.44410021665067
47,4777,135.44410021665067
47,4778,135.44410021665067
47,4779,135.44410021665067
47,4780,135.44410021665067
47,4781,135.44410021665067
47,4782,135.44410021665067
47,4783,135.44410021665067
47,4784,135.44410021665067
47,4785,135.44410021665067
47,4786,135.44410021665067
47,4787,135.44410021665067
47,4788,135.44410021665067
47,4789,135.44410021665067
47,4790,135.44410021665067
47,4791,135.44410021665067
47,4792,135.44410021665067
47,4793,117.26789975945712
47,4794,117.26789975945712
47,4795,117.26789975945712
47,4796,117.26789975945712
47,4797,117.26789975945712
47,4798,117.26789975945712
47,4799,117.26789975945712
47,4800,117.26789975945712
47,4801,117.26789975945712
47,4802,117.26789975945712
47,4803,117.26789975945712
47,4804,117.26789975945712
47,4805,117.26789975945712
47,4806,117.26789975945712
47,4807,117.26789975945712
47,4808,117.26789975945712
47,4809,117.26789975945712
47,4810,117.26789975945712
47,4811,117.26789975945712
47,4812,117.26789975945712
47,4813,117.26789975945712
47,4814,117.26789975945712
47,4815,117.26789975945712
47,4816,117.26789975945712
47,4817,117.26789975945712
47,4818,117.26789975945712
47,4819,117.26789975945712
47,4820,117.26789975945712
47,4821,117.26789975945712
47,4822,117.26789975945712
47,4823,117.26789975945712
47,4824,117.26789975945712
47,4825,117.26789975945712
47,4826,117.26789975945712
47,4827,117.26789975945712
47,4828,117.26789975945712
47,4829,117.26789975945712
47,4830,117.26789975945712
47,4831,117.26789975945712
47,4832,117.26789975945712
47,4833,117.26789975945712
47,4834,117.26789975945712
47,4835,117.26789975945712
47,4836,117.26789975945712
47,4837,117.26789975945712
47,4838,117.26789975945712
47,4839,117.26789975945712
47,4840,117.26789975945712
47,4841,117.26789975945712
47,4842,117.26789975945712
48,4843,117.26789975945712
48,4844,117.26789975945712
48,4845,117.26789975945712
48,4846,117.26789975945712
48,4847,117.26789975945712
48,4848,117.26789975945712
48,4849,117.26789975945712
48,4850,117.26789975945712
48,4851,117.26789975945712
48,4852,117.26789975945712
48,4853,117.26789975945712
48,4854,117.26789975945712
48,4855,117.26789975945712
48,4856,117.26789975945712
48,4857,117.26789975945712
48,4858,117.26789975945712
48,4859,117.26789975945712
48,4860,117.26789975945712
48,4861,117.26789975945712
48,4862,117.26789975945712
48,4863,117.26789975945712
48,4864,117.26789975945712
48,4865,117.26789975945712
48,4866,117.26789975945712
48,4867,117.26789975945712
48,4868,117.26789975945712
48,4869,117.26789975945712
48,4870,117.26789975945712
48,4871,117.26789975945712
48,4872,117.26789975945712
48,4873,117.26789975945712
48,4874,117.26789975945712
48,4875,117.26789975945712
48,4876,117.26789975945712
48,4877,117.26789975945712
48,4878,117.26789975945712
48,4879,117.26789975945712
48,4880,117.26789975945712
48,4881,117.26789975945712
48,4882,117.26789975945712
48,4883,117.26789975945712
48,4884,117.26789975945712
48,4885,117.26789975945712
48,4886,117.26789975945712
48,4887,117.26789975945712
48,4888,117.26789975945712
48,4889,117.26789975945712
48,4890,117.26789975945712
48,4891,117.26789975945712
48,4892,117.26789975945712
48,4893,117.26789975945712
48,4894,99.5620242742109
48,4895,99.5620242742109
48,4896,99.5620242742109
48,4897,99.5620242742109
48,4898,99.5620242742109
48,4899,99.5620242742109
48,4900,99.5620242742109
48,4901,99.5620242742109
48,4902,99.5620242742109
48,4903,99.5620242742109
48,4904,99.5620242742109
48,4905,99.5620242742109
48,4906,99.5620242742109
48,4907,99.5620242742109
48,4908,99.5620242742109
48,4909,99.5620242742109
48,4910,99.5620242742109
48,4911,99.5620242742109
48,4912,99.5620242742109
48,4913,99.5620242742109
48,4914,99.5620242742109
48,4915,99.5620242742109
48,4916,99.5620242742109
48,4917,99.5620242742109
48,4918,99.5620242742109
48,4919,99.5620242742109
48,4920,99.5620242742109
48,4921,99.5620242742109
48,4922,99.5620242742109
48,4923,99.5620242742109
48,4924,99.5620242742109
48,4925,99.5620242742109
48,4926,99.5620242742109
48,4927,99.5620242742109
48,4928,99.5620242742109
48,4929,99.5620242742109
48,4930,99.5620242742109
48,4931,99.5620242742109
48,4932,99.5620242742109
48,4933,99.5620242742109
48,4934,99.5620242742109
48,4935,99.5620242742109
48,4936,99.5620242742109
48,4937,99.5620242742109
48,4938,99.5620242742109
48,4939,99.5620242742109
48,4940,99.5620242742109
48,4941,99.5620242742109
48,4942,99.5620242742109
48,4943,99.5620242742109
49,4944,99.5620242742109
49,4945,99.5620242742109
49,4946,99.5620242742109
49,4947,99.5620242742109
49,4948,99.5620242742109
49,4949,99.5620242742109
49,4950,99.5620242742109
49,4951,99.5620242742109
49,4952,99.5620242742109
49,4953,99.5620242742109
49,4954,99.5620242742109
49,4955,99.5620242742109
49,4956,99.5620242742109
49,4957,99.5620242742109
49,4958,99.5620242742109
49,4959,99.5620242742109
49,4960,99.5620242742109
49,4961,99.5620242742109
49,4962,99.5620242742109
49,4963,99.5620242742109
49,4964,99.5620242742109
49,4965,99.5620242742109
49,4966,99.5620242742109
49,4967,99.5620242742109
49,4968,99.5620242742109
49,4969,99.5620242742109
49,4970,99.5620242742109
49,4971,99.5620242742109
49,4972,99.5620242742109
49,4973,99.5620242742109
49,4974,99.5620242742109
49,4975,99.5620242742109
49,4976,99.5620242742109
49,4977,99.5620242742109
49,4978,99.5620242742109
49,4979,99.5620242742109
49,4980,99.5620242742109
49,4981,99.5620242742109
49,4982,99.5620242742109
49,4983,99.5620242742109
49,4984,99.5620242742109
49,4985,99.5620242742109
49,4986,99.5620242742109
49,4987,99.5620242742109
49,4988,99.5620242742109
49,4989,99.5620242742109
49,4990,99.5620242742109
49,4991,99.5620242742109
49,4992,99.5620242742109
49,4993,99.5620242742109
49,4994,99.5620242742109
49,4995,81.70107319429121
49,4996,81.70107319429121
49,4997,81.70107319429121
49,4998,81.70107319429121
49,4999,81.70107319429121
49,5000,81.70107319429121
49,5001,81.70107319429121
49,5002,81.70107319429121
49,5003,81.70107319429121
49,5004,81.70107319429121
49,5005,81.70107319429121
49,5006,81.70107319429121
49,5007,81.70107319429121
49,5008,81.70107319429121
49,5009,81.70107319429121
49,5010,81.70107319429121
49,5011,81.70107319429121
49,5012,81.70107319429121
49,5013,81.70107319429121
49,5014,81.70107319429121
49,5015,81.70107319429121
49,5016,81.70107319429121
49,5017,81.70107319429121
49,5018,81.70107319429121
49,5019,81.70107319429121
49,5020,81.70107319429121
49,5021,81.70107319429121
49,5022,81.70107319429121
49,5023,81.70107319429121
49,5024,81.70107319429121
49,5025,81.70107319429121
49,5026,81.70107319429121
49,5027,81.70107319429121
49,5028,81.70107319429121
49,5029,81.70107319429121
49,5030,81.70107319429121
49,5031,81.70107319429121
49,5032,81.70107319429121
49,5033,81.70107319429121
49,5034,81.70107319429121
49,5035,81.70107319429121
49,5036,81.70107319429121
49,5037,81.70107319429121
49,5038,81.70107319429121
49,5039,81.70107319429121
49,5040,81.70107319429121
49,5041,81.70107319429121
49,5042,81.70107319429121
49,5043,81.70107319429121
49,5044,81.70107319429121
50,5045,81.70107319429121
50,5046,81.70107319429121
50,5047,81.70107319429121
50,5048,81.70107319429121
50,5049,81.70107319429121
50,5050,81.70107319429121
50,5051,81.70107319429121
50,5052,81.70107319429121
50,5053,81.70107319429121
50,5054,81.70107319429121
50,5055,81.70107319429121
50,5056,81.70107319429121
50,5057,81.70107319429121
50,5058,81.70107319429121
50,5059,81.70107319429121
50,5060,81.70107319429121
50,5061,81.70107319429121
50,5062,81.70107319429121
50,5063,81.70107319429121
50,5064,81.70107319429121
50,5065,81.70107319429121
50,5066,81.70107319429121
50,5067,81.70107319429121
50,5068,81.70107319429121
50,5069,81.70107319429121
50,5070,81.70107319429121
50,5071,81.70107319429121
50,5072,81.70107319429121
50,5073,81.70107319429121
50,5074,81.70107319429121
50,5075,81.70107319429121
50,5076,81.70107319429121
50,5077,81.70107319429121
50,5078,81.70107319429121
50,5079,81.70107319429121
50,5080,81.70107319429121
50,5081,81.70107319429121
50,5082,81.70107319429121
50,5083,81.70107319429121
50,5084,81.70107319429121
50,5085,81.70107319429121
50,5086,81.70107319429121
50,5087,81.70107319429121
50,5088,81.70107319429121
50,5089,81.70107319429121
50,5090,81.70107319429121
50,5091,81.70107319429121
50,5092,81.70107319429121
50,5093,81.70107319429121
50,5094,81.70107319429121
50,5095,81.70107319429121
50,5096,63.42290542383023
50,5097,63.42290542383023
50,5098,63.42290542383023
50,5099,63.42290542383023
50,5100,63.42290542383023
50,5101,63.42290542383023
50,5102,63.42290542383023
50,5103,63.42290542383023
50,5104,63.42290542383023
50,5105,63.42290542383023
50,5106,63.42290542383023
50,5107,63.42290542383023
50,5108,63.42290542383023
50,5109,63.42290542383023
50,5110,63.42290542383023
50,5111,63.42290542383023
50,5112,63.42290542383023
50,5113,63.42290542383023
50,5114,63.42290542383023
50,5115,63.42290542383023
50,5116,63.42290542383023
50,5117,63.42290542383023
50,5118,63.42290542383023
50,5119,63.42290542383023
50,5120,63.42290542383023
50,5121,63.42290542383023
50,5122,63.42290542383023
50,5123,63.42290542383023
50,5124,63.42290542383023
50,5125,63.42290542383023
50,5126,63.42290542383023
50,5127,63.42290542383023
50,5128,63.42290542383023
50,5129,63.42290542383023
50,5130,63.42290542383023
50,5131,63.42290542383023
50,5132,63.42290542383023
50,5133,63.42290542383023
50,5134,63.42290542383023
50,5135,63.42290542383023
50,5136,63.42290542383023
50,5137,63.42290542383023
50,5138,63.42290542383023
50,5139,63.42290542383023
50,5140,63.42290542383023
50,5141,63.42290542383023
50,5142,63.42290542383023
50,5143,63.42290542383023
50,5144,63.42290542383023
50,5145,63.42290542383023
51,5146,63.42290542383023
51,5147,63.42290542383023
51,5148,63.42290542383023
51,5149,63.42290542383023
51,5150,63.42290542383023
51,5151,63.42290542383023
51,5152,63.42290542383023
51,5153,63.42290542383023
51,5154,63.42290542383023
51,5155,63.42290542383023
51,5156,63.42290542383023
51,5157,63.42290542383023
51,5158,63.42290542383023
51,5159,63.42290542383023
51,5160,63.42290542383023
51,5161,63.42290542383023
51,5162,63.42290542383023
51,5163,63.42290542383023
51,5164,63.42290542383023
51,5165,63.42290542383023
51,5166,63.42290542383023
51,5167,63.42290542383023
51,5168,63.42290542383023
51,5169,63.42290542383023
51,5170,63.42290542383023
51,5171,63.42290542383023
51,5172,63.42290542383023
51,5173,63.42290542383023
51,5174,63.42290542383023
51,5175,63.42290542383023
51,5176,63.42290542383023
51,5177,63.42290542383023
51,5178,63.42290542383023
51,5179,63.42290542383023
51,5180,63.42290542383023
51,5181,63.42290542383023
51,5182,63.42290542383023
51,5183,63.42290542383023
51,5184,63.42290542383023
51,5185,63.42290542383023
51,5186,63.42290542383023
51,5187,63.42290542383023
51,5188,63.42290542383023
51,5189,63.42290542383023
51,5190,63.42290542383023
51,5191,63.42290542383023
51,5192,63.42290542383023
51,5193,63.42290542383023
51,5194,63.42290542383023
51,5195,63.42290542383023
51,5196,45.03115358654361
51,5197,45.03115358654361
51,5198,45.03115358654361
51,5199,45.03115358654361
51,5200,45.03115358654361
51,5201,45.03115358654361
51,5202,45.03115358654361
51,5203,45.03115358654361
51,5204,45.03115358654361
51,5205,45.03115358654361
51,5206,45.03115358654361
51,5207,45.03115358654361
51,5208,45.03115358654361
51,5209,45.03115358654361
51,5210,45.03115358654361
51,5211,45.03115358654361
51,5212,45.03115358654361
51,5213,45.03115358654361
51,5214,45.03115358654361
51,5215,45.03115358654361
51,5216,45.03115358654361
51,5217,45.03115358654361
51,5218,45.03115358654361
51,5219,45.03115358654361
51,5220,45.03115358654361
51,5221,45.03115358654361
51,5222,45.03115358654361
51,5223,45.03115358654361
51,5224,45.03115358654361
51,5225,45.03115358654361
51,5226,45.03115358654361
51,5227,45.03115358654361
51,5228,45.03115358654361
51,5229,45.03115358654361
51,5230,45.03115358654361
51,5231,45.03115358654361
51,5232,45.03115358654361
51,5233,45.03115358654361
51,5234,45.03115358654361
51,5235,45.03115358654361
51,5236,45.03115358654361
51,5237,45.03115358654361
51,5238,45.03115358654361
51,5239,45.03115358654361
51,5240,45.03115358654361
51,5241,45.03115358654361
51,5242,45.03115358654361
51,5243,45.03115358654361
51,5244,45.03115358654361
51,5245,45.03115358654361
52,5246,45.03115358654361
52,5247,45.03115358654361
52,5248,45.03115358654361
52,5249,45.03115358654361
52,5250,45.03115358654361
52,5251,45.03115358654361
52,5252,45.03115358654361
52,5253,45.03115358654361
52,5254,45.03115358654361
52,5255,45.03115358654361
52,5256,45.03115358654361
52,5257,45.03115358654361
52,5258,45.03115358654361
52,5259,45.03115358654361
52,5260,45.03115358654361
52,5261,45.03115358654361
52,5262,45.03115358654361
52,5263,45.03115358654361
52,5264,45.03115358654361
52,5265,45.03115358654361
52,5266,45.03115358654361
52,5267,45.03115358654361
52,5268,45.03115358654361
52,5269,45.03115358654361
52,5270,45.03115358654361
52,5271,45.03115358654361
52,5272,45.03115358654361
52,5273,45.03115358654361
52,5274,45.03115358654361
52,5275,45.03115358654361
52,5276,45.03115358654361
52,5277,45.03115358654361
52,5278,45.03115358654361
52,5279,45.03115358654361
52,5280,45.03115358654361
52,5281,45.03115358654361
52,5282,45.03115358654361
52,5283,45.03115358654361
52,5284,45.03115358654361
52,5285,45.03115358654361
52,5286,45.03115358654361
52,5287,45.03115358654361
52,5288,45.03115358654361
52,5289,45.03115358654361
52,5290,45.03115358654361
52,5291,45.03115358654361
52,5292,45.03115358654361
52,5293,45.03115358654361
52,5294,45.03115358654361
52,5295,45.03115358654361
52,5296,45.03115358654361
52,5297,27.31523784047772
52,5298,27.31523784047772
52,5299,27.31523784047772
52,5300,27.31523784047772
52,5301,27.31523784047772
52,5302,27.31523784047772
52,5303,27.31523784047772
52,5304,27.31523784047772
52,5305,27.31523784047772
52,5306,27.31523784047772
52,5307,27.31523784047772
52,5308,27.31523784047772
52,5309,27.31523784047772
52,5310,27.31523784047772
52,5311,27.31523784047772
52,5312,27.31523784047772
52,5313,27.31523784047772
52,5314,27.31523784047772
52,5315,27.31523784047772
52,5316,27.31523784047772
52,5317,27.31523784047772
52,5318,27.31523784047772
52,5319,27.31523784047772
52,5320,27.31523784047772
52,5321,27.31523784047772
52,5322,27.31523784047772
52,5323,27.31523784047772
52,5324,27.31523784047772
52,5325,27.31523784047772
52,5326,27.31523784047772
52,5327,27.31523784047772
52,5328,27.31523784047772
52,5329,27.31523784047772
52,5330,27.31523784047772
52,5331,27.31523784047772
52,5332,27.31523784047772
52,5333,27.31523784047772
52,5334,27.31523784047772
52,5335,27.31523784047772
52,5336,27.31523784047772
52,5337,27.31523784047772
52,5338,27.31523784047772
52,5339,27.31523784047772
52,5340,27.31523784047772
52,5341,27.31523784047772
52,5342,27.31523784047772
52,5343,27.31523784047772
52,5344,27.31523784047772
52,5345,27.31523784047772
52,5346,27.31523784047772
53,5347,27.31523784047772
53,5348,27.31523784047772
53,5349,27.31523784047772
53,5350,27.31523784047772
53,5351,27.31523784047772
53,5352,27.31523784047772
53,5353,27.31523784047772
53,5354,27.31523784047772
53,5355,27.31523784047772
53,5356,27.31523784047772
53,5357,27.31523784047772
53,5358,27.31523784047772
53,5359,27.31523784047772
53,5360,27.31523784047772
53,5361,27.31523784047772
53,5362,27.31523784047772
53,5363,27.31523784047772
53,5364,27.31523784047772
53,5365,27.31523784047772
53,5366,27.31523784047772
53,5367,27.31523784047772
53,5368,27.31523784047772
53,5369,27.31523784047772
53,5370,27.31523784047772
53,5371,27.31523784047772
53,5372,27.31523784047772
53,5373,27.31523784047772
53,5374,27.31523784047772
53,5375,27.31523784047772
53,5376,27.31523784047772
53,5377,27.31523784047772
53,5378,27.31523784047772
53,5379,27.31523784047772
53,5380,27.31523784047772
53,5381,27.31523784047772
53,5382,27.31523784047772
53,5383,27.31523784047772
53,5384,27.31523784047772
53,5385,27.31523784047772
53,5386,27.31523784047772
53,5387,27.31523784047772
53,5388,27.31523784047772
53,5389,27.31523784047772
53,5390,27.31523784047772
53,5391,27.31523784047772
53,5392,27.31523784047772
53,5393,27.31523784047772
53,5394,27.31523784047772
53,5395,27.31523784047772
53,5396,27.31523784047772
53,5397,27.31523784047772
53,5398,12.127300201036405
53,5399,12.127300201036405
53,5400,12.127300201036405
53,5401,12.127300201036405
53,5402,12.127300201036405
53,5403,12.127300201036405
53,5404,12.127300201036405
53,5405,12.127300201036405
53,5406,12.127300201036405
53,5407,12.127300201036405
53,5408,12.127300201036405
53,5409,12.127300201036405
53,5410,12.127300201036405
53,5411,12.127300201036405
53,5412,12.127300201036405
53,5413,12.127300201036405
53,5414,12.127300201036405
53,5415,12.127300201036405
53,5416,12.127300201036405
53,5417,12.127300201036405
53,5418,12.127300201036405
53,5419,12.127300201036405
53,5420,12.127300201036405
53,5421,12.127300201036405
53,5422,12.127300201036405
53,5423,12.127300201036405
53,5424,12.127300201036405
53,5425,12.127300201036405
53,5426,12.127300201036405
53,5427,12.127300201036405
53,5428,12.127300201036405
53,5429,12.127300201036405
53,5430,12.127300201036405
53,5431,12.127300201036405
53,5432,12.127300201036405
53,5433,12.127300201036405
53,5434,12.127300201036405
53,5435,12.127300201036405
53,5436,12.127300201036405
53,5437,12.127300201036405
53,5438,12.127300201036405
53,5439,12.127300201036405
53,5440,12.127300201036405
53,5441,12.127300201036405
53,5442,12.127300201036405
53,5443,12.127300201036405
53,5444,12.127300201036405
53,5445,12.127300201036405
53,5446,12.127300201036405
53,5447,12.127300201036405
54,5448,12.127300201036405
54,5449,12.127300201036405
54,5450,12.127300201036405
54,5451,12.127300201036405
54,5452,12.127300201036405
54,5453,12.127300201036405
54,5454,12.127300201036405
54,5455,12.127300201036405
54,5456,12.127300201036405
54,5457,12.127300201036405
54,5458,12.127300201036405
54,5459,12.127300201036405
54,5460,12.127300201036405
54,5461,12.127300201036405
54,5462,12.127300201036405
54,5463,12.127300201036405
54,5464,12.127300201036405
54,5465,12.127300201036405
54,5466,12.127300201036405
54,5467,12.127300201036405
54,5468,12.127300201036405
54,5469,12.127300201036405
54,5470,12.127300201036405
54,5471,12.127300201036405
54,5472,12.127300201036405
54,5473,12.127300201036405
54,5474,12.127300201036405
54,5475,12.127300201036405
54,5476,12.127300201036405
54,5477,12.127300201036405
54,5478,12.127300201036405
54,5479,12.127300201036405
54,5480,12.127300201036405
54,5481,12.127300201036405
54,5482,12.127300201036405
54,5483,12.127300201036405
54,5484,12.127300201036405
54,5485,12.127300201036405
54,5486,12.127300201036405
54,5487,12.127300201036405
54,5488,12.127300201036405
54,5489,12.127300201036405
54,5490,12.127300201036405
54,5491,12.127300201036405
54,5492,12.127300201036405
54,5493,12.127300201036405
54,5494,12.127300201036405
54,5495,12.127300201036405
54,5496,12.127300201036405
54,5497,12.127300201036405
54,5498,12.127300201036405
54,5499,2.306041528324613
54,5500,2.306041528324613
54,5501,2.306041528324613
54,5502,2.306041528324613
54,5503,2.306041528324613
54,5504,2.306041528324613
54,5505,2.306041528324613
54,5506,2.306041528324613
54,5507,2.306041528324613
54,5508,2.306041528324613
54,5509,2.306041528324613
54,5510,2.306041528324613
54,5511,2.306041528324613
54,5512,2.306041528324613
54,5513,2.306041528324613
54,5514,2.306041528324613
54,5515,2.306041528324613
54,5516,2.306041528324613
54,5517,2.306041528324613
54,5518,2.306041528324613
54,5519,2.306041528324613
54,5520,2.306041528324613
54,5521,2.306041528324613
54,5522,2.306041528324613
54,5523,2.306041528324613
54,5524,2.306041528324613
54,5525,2.306041528324613
54,5526,2.306041528324613
54,5527,2.306041528324613
54,5528,2.306041528324613
54,5529,2.306041528324613
54,5530,2.306041528324613
54,5531,2.306041528324613
54,5532,2.306041528324613
54,5533,2.306041528324613
54,5534,2.306041528324613
54,5535,2.306041528324613
54,5536,2.306041528324613
54,5537,2.306041528324613
54,5538,2.306041528324613
54,5539,2.306041528324613
54,5540,2.306041528324613
54,5541,2.306041528324613
54,5542,2.306041528324613
54,5543,2.306041528324613
54,5544,2.306041528324613
54,5545,2.306041528324613
54,5546,2.306041528324613
54,5547,2.306041528324613
54,5548,2.306041528324613
55,5549,2.306041528324613
55,5550,2.306041528324613
55,5551,2.306041528324613
55,5552,2.306041528324613
55,5553,2.306041528324613
55,5554,2.306041528324613
55,5555,2.306041528324613
55,5556,2.306041528324613
55,5557,2.306041528324613
55,5558,2.306041528324613
55,5559,2.306041528324613
55,5560,2.306041528324613
55,5561,2.306041528324613
55,5562,2.306041528324613
55,5563,2.306041528324613
55,5564,2.306041528324613
55,5565,2.306041528324613
55,5566,2.306041528324613
55,5567,2.306041528324613
55,5568,2.306041528324613
55,5569,2.306041528324613
55,5570,2.306041528324613
55,5571,2.306041528324613
55,5572,2.306041528324613
55,5573,2.306041528324613
55,5574,2.306041528324613
55,5575,2.306041528324613
55,5576,2.306041528324613
55,5577,2.306041528324613
55,5578,2.306041528324613
55,5579,2.306041528324613
55,5580,2.306041528324613
55,5581,2.306041528324613
55,5582,2.306041528324613
55,5583,2.306041528324613
55,5584,2.306041528324613
55,5585,2.306041528324613
55,5586,2.306041528324613
55,5587,2.306041528324613
55,5588,2.306041528324613
55,5589,2.306041528324613
55,5590,2.306041528324613
55,5591,2.306041528324613
55,5592,2.306041528324613
55,5593,2.306041528324613
55,5594,2.306041528324613
55,5595,2.306041528324613
55,5596,2.306041528324613
55,5597,2.306041528324613
55,5598,2.306041528324613
55,5599,2.306041528324613
55,5600,2.2737367544323206e-13
55,5601,2.2737367544323206e-13
55,5602,2.2737367544323206e-13
55,5603,2.2737367544323206e-13
55,5604,2.2737367544323206e-13
55,5605,2.2737367544323206e-13
55,5606,2.2737367544323206e-13
55,5607,2.2737367544323206e-13
55,5608,2.2737367544323206e-13
55,5609,2.2737367544323206e-13
55,5610,2.2737367544323206e-13
55,5611,2.2737367544323206e-13
55,5612,2.2737367544323206e-13
55,5613,2.2737367544323206e-13
55,5614,2.2737367544323206e-13
55,5615,2.2737367544323206e-13
55,5616,2.2737367544323206e-13
55,5617,2.2737367544323206e-13
55,5618,2.2737367544323206e-13
55,5619,2.2737367544323206e-13
55,5620,2.2737367544323206e-13
55,5621,2.2737367544323206e-13
55,5622,2.2737367544323206e-13
55,5623,2.2737367544323206e-13
55,5624,2.2737367544323206e-13
55,5625,2.2737367544323206e-13
55,5626,2.2737367544323206e-13
55,5627,2.2737367544323206e-13
55,5628,2.2737367544323206e-13
55,5629,2.2737367544323206e-13
55,5630,2.2737367544323206e-13
55,5631,2.2737367544323206e-13
55,5632,2.2737367544323206e-13
55,5633,2.2737367544323206e-13
55,5634,2.2737367544323206e-13
55,5635,2.2737367544323206e-13
55,5636,2.2737367544323206e-13
55,5637,2.2737367544323206e-13
55,5638,2.2737367544323206e-13
55,5639,2.2737367544323206e-13
55,5640,2.2737367544323206e-13
55,5641,2.2737367544323206e-13
55,5642,2.2737367544323206e-13
55,5643,2.2737367544323206e-13
55,5644,2.2737367544323206e-13
55,5645,2.2737367544323206e-13
55,5646,2.2737367544323206e-13
55,5647,2.2737367544323206e-13
55,5648,2.2737367544323206e-13
55,5649,2.2737367544323206e-13
