Station,Length,Moment
1,0,0.0
1,1,0.0
1,2,0.0
1,3,0.0
1,4,0.0
1,5,0.0
1,6,0.0
1,7,0.0
1,8,0.0
1,9,0.0
1,10,0.0
1,11,0.0
1,12,0.0
1,13,0.0
1,14,0.0
1,15,0.0
1,16,0.0
1,17,0.0
1,18,0.0
1,19,0.0
1,20,0.0
1,21,0.0
1,22,0.0
1,23,0.0
1,24,0.0
1,25,0.0
1,26,0.0
1,27,0.0
1,28,0.0
1,29,0.0
1,30,0.0
1,31,0.0
1,32,0.0
1,33,0.0
1,34,0.0
1,35,0.0
1,36,0.0
1,37,0.0
1,38,0.0
1,39,0.0
1,40,0.0
1,41,0.0
1,42,0.0
1,43,0.0
1,44,0.0
1,45,0.0
1,46,0.0
1,47,0.0
1,48,0.0
1,49,0.0
1,50,0.0
1,51,-0.017668148209093296
1,52,-0.03533629641818659
1,53,-0.05300444462727989
1,54,-0.07067259283637319
1,55,-0.08834074104546648
1,56,-0.10600888925455977
1,57,-0.12367703746365306
1,58,-0.14134518567274637
1,59,-0.15901333388183966
1,60,-0.17668148209093296
1,61,-0.19434963030002625
1,62,-0.21201777850911954
1,63,-0.22968592671821284
1,64,-0.24735407492730613
1,65,-0.26502222313639945
1,66,-0.28269037134549274
1,67,-0.30035851955458603
1,68,-0.3180266677636793
1,69,-0.3356948159727726
1,70,-0.3533629641818659
1,71,-0.3710311123909592
1,72,-0.3886992606000525
1,73,-0.4063674088091458
1,74,-0.4240355570182391
1,75,-0.4417037052273324
1,76,-0.45937185343642567
1,77,-0.47704000164551896
1,78,-0.49470814985461226
1,79,-0.5123762980637055
1,80,-0.5300444462727989
1,81,-0.5477125944818922
1,82,-0.5653807426909856
1,83,-0.5830488909000789
1,84,-0.6007170391091723
1,85,-0.6183851873182656
1,86,-0.636053335527359
1,87,-0.6537214837364523
1,88,-0.6713896319455457
1,89,-0.689057780154639
1,90,-0.7067259283637324
1,91,-0.7243940765728257
1,92,-0.7420622247819191
1,93,-0.7597303729910124
1,94,-0.7773985212001058
1,95,-0.7950666694091991
1,96,-0.8127348176182925
1,97,-0.8304029658273858
1,98,-0.8480711140364792
1,99,-0.8657392622455725
1,100,-0.8834074104546659
2,101,-0.9010755586637592
2,102,-0.9187437068728526
2,103,-0.9364118550819459
2,104,-0.9540800032910393
2,105,-0.9717481515001326
2,106,-0.989416299709226
2,107,-1.0070844479183192
2,108,-1.0247525961274124
2,109,-1.0424207443365057
2,110,-1.060088892545599
2,111,-1.0777570407546921
2,112,-1.0954251889637854
2,113,-1.1130933371728786
2,114,-1.1307614853819719
2,115,-1.148429633591065
2,116,-1.1660977818001583
2,117,-1.1837659300092516
2,118,-1.2014340782183448
2,119,-1.219102226427438
2,120,-1.2367703746365313
2,121,-1.2544385228456245
2,122,-1.2721066710547178
2,123,-1.289774819263811
2,124,-1.3074429674729042
2,125,-1.3251111156819975
2,126,-1.3427792638910907
2,127,-1.360447412100184
2,128,-1.3781155603092772
2,129,-1.3957837085183704
2,130,-1.4134518567274637
2,131,-1.4311200049365569
2,132,-1.4487881531456501
2,133,-1.4664563013547434
2,134,-1.4841244495638366
2,135,-1.5017925977729298
2,136,-1.519460745982023
2,137,-1.5371288941911163
2,138,-1.5547970424002096
2,139,-1.5724651906093028
2,140,-1.590133338818396
2,141,-1.6078014870274893
2,142,-1.6254696352365825
2,143,-1.6431377834456757
2,144,-1.660805931654769
2,145,-1.6784740798638622
2,146,-1.6961422280729554
2,147,-1.7138103762820487
2,148,-1.731478524491142
2,149,-1.7491466727002352
2,150,-1.7668148209093284
2,151,-1.7844829691184216
2,152,-1.813509540599532
2,153,-1.8425361120806425
2,154,-1.871562683561753
2,155,-1.9005892550428634
2,156,-1.9296158265239738
2,157,-1.9586423980050842
2,158,-1.9876689694861946
2,159,-2.016695540967305
2,160,-2.0457221124484155
2,161,-2.074748683929526
2,162,-2.1037752554106364
2,163,-2.132801826891747
2,164,-2.1618283983728572
2,165,-2.1908549698539677
2,166,-2.219881541335078
2,167,-2.2489081128161885
2,168,-2.277934684297299
2,169,-2.3069612557784094
2,170,-2.33598782725952
2,171,-2.3650143987406302
2,172,-2.3940409702217407
2,173,-2.423067541702851
2,174,-2.4520941131839615
2,175,-2.481120684665072
2,176,-2.5101472561461824
2,177,-2.539173827627293
2,178,-2.5682003991084033
2,179,-2.5972269705895137
2,180,-2.626253542070624
2,181,-2.6552801135517345
2,182,-2.684306685032845
2,183,-2.7133332565139554
2,184,-2.742359827995066
2,185,-2.7713863994761763
2,186,-2.8004129709572867
2,187,-2.829439542438397
2,188,-2.8584661139195076
2,189,-2.887492685400618
2,190,-2.9165192568817284
2,191,-2.945545828362839
2,192,-2.9745723998439493
2,193,-3.0035989713250597
2,194,-3.03262554280617
2,195,-3.0616521142872806
2,196,-3.090678685768391
2,197,-3.1197052572495014
2,198,-3.148731828730612
2,199,-3.1777584002117223
2,200,-3.2067849716928327
2,201,-3.235811543173943
3,202,-3.2648381146550536
3,203,-3.293864686136164
3,204,-3.3228912576172744
3,205,-3.351917829098385
3,206,-3.3809444005794953
3,207,-3.4099709720606057
3,208,-3.438997543541716
3,209,-3.4680241150228266
3,210,-3.497050686503937
3,211,-3.5260772579850475
3,212,-3.555103829466158
3,213,-3.5841304009472683
3,214,-3.6131569724283787
3,215,-3.642183543909489
3,216,-3.6712101153905996
3,217,-3.70023668687171
3,218,-3.7292632583528205
3,219,-3.758289829833931
3,220,-3.7873164013150413
3,221,-3.8163429727961518
3,222,-3.845369544277262
3,223,-3.8743961157583726
3,224,-3.903422687239483
3,225,-3.9324492587205935
3,226,-3.961475830201704
3,227,-3.9905024016828143
3,228,-4.019528973163925
3,229,-4.048555544645035
3,230,-4.077582116126146
3,231,-4.106608687607256
3,232,-4.1356352590883665
3,233,-4.164661830569477
3,234,-4.193688402050587
3,235,-4.222714973531698
3,236,-4.251741545012808
3,237,-4.280768116493919
3,238,-4.309794687975029
3,239,-4.3388212594561395
3,240,-4.36784783093725
3,241,-4.39687440241836
3,242,-4.425900973899471
3,243,-4.454927545380581
3,244,-4.483954116861692
3,245,-4.512980688342802
3,246,-4.5420072598239125
3,247,-4.571033831305023
3,248,-4.600060402786133
3,249,-4.629086974267244
3,250,-4.658113545748354
3,251,-4.687140117229465
3,252,-4.716166688710575
3,253,-4.745849018627605
3,254,-4.775531348544635
3,255,-4.805213678461665
3,256,-4.834896008378695
3,257,-4.864578338295725
3,258,-4.8942606682127545
3,259,-4.923942998129784
3,260,-4.953625328046814
3,261,-4.983307657963844
3,262,-5.012989987880874
3,263,-5.042672317797904
3,264,-5.072354647714934
3,265,-5.102036977631964
3,266,-5.131719307548994
3,267,-5.161401637466024
3,268,-5.1910839673830536
3,269,-5.2207662973000835
3,270,-5.250448627217113
3,271,-5.280130957134143
3,272,-5.309813287051173
3,273,-5.339495616968203
3,274,-5.369177946885233
3,275,-5.398860276802263
3,276,-5.428542606719293
3,277,-5.458224936636323
3,278,-5.487907266553353
3,279,-5.5175895964703825
3,280,-5.547271926387412
3,281,-5.576954256304442
3,282,-5.606636586221472
3,283,-5.636318916138502
3,284,-5.666001246055532
3,285,-5.695683575972562
3,286,-5.725365905889592
3,287,-5.755048235806622
3,288,-5.784730565723652
3,289,-5.8144128956406815
3,290,-5.844095225557711
3,291,-5.873777555474741
3,292,-5.903459885391771
3,293,-5.933142215308801
3,294,-5.962824545225831
3,295,-5.992506875142861
3,296,-6.022189205059891
3,297,-6.051871534976921
3,298,-6.081553864893951
3,299,-6.111236194810981
3,300,-6.1409185247280105
3,301,-6.17060085464504
3,302,-6.20028318456207
4,303,-6.2299655144791
4,304,-6.25964784439613
4,305,-6.28933017431316
4,306,-6.31901250423019
4,307,-6.34869483414722
4,308,-6.37837716406425
4,309,-6.40805949398128
4,310,-6.4377418238983095
4,311,-6.467424153815339
4,312,-6.497106483732369
4,313,-6.526788813649399
4,314,-6.556471143566429
4,315,-6.586153473483459
4,316,-6.615835803400489
4,317,-6.645518133317519
4,318,-6.675200463234549
4,319,-6.704882793151579
4,320,-6.7345651230686085
4,321,-6.7642474529856385
4,322,-6.793929782902668
4,323,-6.823612112819698
4,324,-6.853294442736728
4,325,-6.882976772653758
4,326,-6.912659102570788
4,327,-6.942341432487818
4,328,-6.972023762404848
4,329,-7.001706092321878
4,330,-7.031388422238908
4,331,-7.0610707521559375
4,332,-7.090753082072967
4,333,-7.120435411989997
4,334,-7.150117741907027
4,335,-7.179800071824057
4,336,-7.209482401741087
4,337,-7.239164731658117
4,338,-7.268847061575147
4,339,-7.298529391492177
4,340,-7.328211721409207
4,341,-7.3578940513262365
4,342,-7.387576381243266
4,343,-7.417258711160296
4,344,-7.446941041077326
4,345,-7.476623370994356
4,346,-7.506305700911386
4,347,-7.535988030828416
4,348,-7.565670360745446
4,349,-7.595352690662476
4,350,-7.625035020579506
4,351,-7.654717350496536
4,352,-7.6843996804135655
4,353,-7.714082010330595
4,354,-7.728453912746991
4,355,-7.742825815163386
4,356,-7.757197717579782
4,357,-7.7715696199961775
4,358,-7.785941522412573
4,359,-7.8003134248289685
4,360,-7.814685327245364
4,361,-7.8290572296617595
4,362,-7.843429132078155
4,363,-7.857801034494551
4,364,-7.872172936910946
4,365,-7.886544839327342
4,366,-7.900916741743737
4,367,-7.915288644160133
4,368,-7.929660546576528
4,369,-7.944032448992924
4,370,-7.958404351409319
4,371,-7.972776253825715
4,372,-7.98714815624211
4,373,-8.001520058658505
4,374,-8.0158919610749
4,375,-8.030263863491294
4,376,-8.044635765907689
4,377,-8.059007668324083
4,378,-8.073379570740478
4,379,-8.087751473156873
4,380,-8.102123375573267
4,381,-8.116495277989662
4,382,-8.130867180406057
4,383,-8.145239082822451
4,384,-8.159610985238846
4,385,-8.17398288765524
4,386,-8.188354790071635
4,387,-8.20272669248803
4,388,-8.217098594904424
4,389,-8.231470497320819
4,390,-8.245842399737214
4,391,-8.260214302153608
4,392,-8.274586204570003
4,393,-8.288958106986398
4,394,-8.303330009402792
4,395,-8.317701911819187
4,396,-8.332073814235581
4,397,-8.346445716651976
4,398,-8.36081761906837
4,399,-8.375189521484765
4,400,-8.38956142390116
4,401,-8.403933326317555
4,402,-8.41830522873395
4,403,-8.432677131150344
5,404,-8.447049033566739
5,405,-8.461420935983133
5,406,-8.475792838399528
5,407,-8.490164740815922
5,408,-8.504536643232317
5,409,-8.518908545648712
5,410,-8.533280448065106
5,411,-8.547652350481501
5,412,-8.562024252897896
5,413,-8.57639615531429
5,414,-8.590768057730685
5,415,-8.60513996014708
5,416,-8.619511862563474
5,417,-8.633883764979869
5,418,-8.648255667396263
5,419,-8.662627569812658
5,420,-8.676999472229053
5,421,-8.691371374645447
5,422,-8.705743277061842
5,423,-8.720115179478237
5,424,-8.734487081894631
5,425,-8.748858984311026
5,426,-8.76323088672742
5,427,-8.777602789143815
5,428,-8.79197469156021
5,429,-8.806346593976604
5,430,-8.820718496392999
5,431,-8.835090398809394
5,432,-8.849462301225788
5,433,-8.863834203642183
5,434,-8.878206106058578
5,435,-8.892578008474972
5,436,-8.906949910891367
5,437,-8.921321813307761
5,438,-8.935693715724156
5,439,-8.95006561814055
5,440,-8.964437520556945
5,441,-8.97880942297334
5,442,-8.993181325389735
5,443,-9.00755322780613
5,444,-9.021925130222524
5,445,-9.036297032638918
5,446,-9.050668935055313
5,447,-9.065040837471708
5,448,-9.079412739888102
5,449,-9.093784642304497
5,450,-9.108156544720892
5,451,-9.122528447137286
5,452,-9.136900349553681
5,453,-9.151272251970076
5,454,-9.16564415438647
5,455,-9.146559116301594
5,456,-9.127474078216718
5,457,-9.108389040131842
5,458,-9.089304002046966
5,459,-9.07021896396209
5,460,-9.051133925877213
5,461,-9.032048887792337
5,462,-9.012963849707461
5,463,-8.993878811622585
5,464,-8.974793773537709
5,465,-8.955708735452832
5,466,-8.936623697367956
5,467,-8.91753865928308
5,468,-8.898453621198204
5,469,-8.879368583113328
5,470,-8.860283545028452
5,471,-8.841198506943575
5,472,-8.8221134688587
5,473,-8.803028430773823
5,474,-8.783943392688947
5,475,-8.76485835460407
5,476,-8.745773316519195
5,477,-8.726688278434318
5,478,-8.707603240349442
5,479,-8.688518202264566
5,480,-8.66943316417969
5,481,-8.650348126094814
5,482,-8.631263088009938
5,483,-8.612178049925062
5,484,-8.593093011840185
5,485,-8.57400797375531
5,486,-8.554922935670433
5,487,-8.535837897585557
5,488,-8.51675285950068
5,489,-8.497667821415805
5,490,-8.478582783330928
5,491,-8.459497745246052
5,492,-8.440412707161176
5,493,-8.4213276690763
5,494,-8.402242630991424
5,495,-8.383157592906548
5,496,-8.364072554821671
5,497,-8.344987516736795
5,498,-8.32590247865192
5,499,-8.306817440567043
5,500,-8.287732402482167
5,501,-8.26864736439729
5,502,-8.249562326312414
5,503,-8.230477288227538
6,504,-8.211392250142662
6,505,-8.192307212057786
6,506,-8.17322217397291
6,507,-8.154137135888034
6,508,-8.135052097803158
6,509,-8.115967059718281
6,510,-8.096882021633405
6,511,-8.077796983548529
6,512,-8.058711945463653
6,513,-8.039626907378777
6,514,-8.0205418692939
6,515,-8.001456831209024
6,516,-7.982371793124148
6,517,-7.963286755039272
6,518,-7.944201716954396
6,519,-7.92511667886952
6,520,-7.906031640784644
6,521,-7.886946602699767
6,522,-7.867861564614891
6,523,-7.848776526530015
6,524,-7.829691488445139
6,525,-7.810606450360263
6,526,-7.791521412275387
6,527,-7.7724363741905105
6,528,-7.753351336105634
6,529,-7.734266298020758
6,530,-7.715181259935882
6,531,-7.696096221851006
6,532,-7.67701118376613
6,533,-7.6579261456812535
6,534,-7.638841107596377
6,535,-7.619756069511501
6,536,-7.600671031426625
6,537,-7.581585993341749
6,538,-7.562500955256873
6,539,-7.5434159171719966
6,540,-7.52433087908712
6,541,-7.505245841002244
6,542,-7.486160802917368
6,543,-7.467075764832492
6,544,-7.447990726747616
6,545,-7.42890568866274
6,546,-7.409820650577863
6,547,-7.390735612492987
6,548,-7.371650574408111
6,549,-7.352565536323235
6,550,-7.333480498238359
6,551,-7.314395460153483
6,552,-7.2953104220686065
6,553,-7.27622538398373
6,554,-7.257140345898854
6,555,-7.186415621424155
6,556,-7.115690896949456
6,557,-7.044966172474757
6,558,-6.974241448000058
6,559,-6.9035167235253585
6,560,-6.832791999050659
6,561,-6.76206727457596
6,562,-6.691342550101261
6,563,-6.620617825626562
6,564,-6.549893101151863
6,565,-6.479168376677164
6,566,-6.408443652202465
6,567,-6.3377189277277655
6,568,-6.266994203253066
6,569,-6.196269478778367
6,570,-6.125544754303668
6,571,-6.054820029828969
6,572,-5.98409530535427
6,573,-5.913370580879571
6,574,-5.8426458564048716
6,575,-5.771921131930172
6,576,-5.701196407455473
6,577,-5.630471682980774
6,578,-5.559746958506075
6,579,-5.489022234031376
6,580,-5.418297509556677
6,581,-5.347572785081978
6,582,-5.2768480606072785
6,583,-5.206123336132579
6,584,-5.13539861165788
6,585,-5.064673887183181
6,586,-4.993949162708482
6,587,-4.923224438233783
6,588,-4.852499713759084
6,589,-4.781774989284385
6,590,-4.7110502648096855
6,591,-4.640325540334986
6,592,-4.569600815860287
6,593,-4.498876091385588
6,594,-4.428151366910889
6,595,-4.35742664243619
6,596,-4.286701917961491
6,597,-4.215977193486792
6,598,-4.145252469012092
6,599,-4.074527744537393
6,600,-4.003803020062694
6,601,-3.933078295587995
6,602,-3.862353571113296
6,603,-3.791628846638597
6,604,-3.7209041221638977
7,605,-3.6501793976891985
7,606,-3.5794546732144994
7,607,-3.5087299487398003
7,608,-3.438005224265101
7,609,-3.367280499790402
7,610,-3.296555775315703
7,611,-3.2258310508410037
7,612,-3.1551063263663046
7,613,-3.0843816018916055
7,614,-3.0136568774169064
7,615,-2.9429321529422072
7,616,-2.872207428467508
7,617,-2.801482703992809
7,618,-2.73075797951811
7,619,-2.6600332550434107
7,620,-2.5893085305687116
7,621,-2.5185838060940124
7,622,-2.4478590816193133
7,623,-2.377134357144614
7,624,-2.306409632669915
7,625,-2.235684908195216
7,626,-2.164960183720517
7,627,-2.0942354592458177
7,628,-2.0235107347711185
7,629,-1.9527860102964194
7,630,-1.8820612858217203
7,631,-1.8113365613470211
7,632,-1.740611836872322
7,633,-1.6698871123976229
7,634,-1.5991623879229238
7,635,-1.5284376634482246
7,636,-1.4577129389735255
7,637,-1.3869882144988264
7,638,-1.3162634900241272
7,639,-1.245538765549428
7,640,-1.174814041074729
7,641,-1.1040893166000298
7,642,-1.0333645921253307
7,643,-0.9626398676506317
7,644,-0.8919151431759327
7,645,-0.8211904187012337
7,646,-0.7504656942265346
7,647,-0.6797409697518356
7,648,-0.6090162452771366
7,649,-0.5382915208024376
7,650,-0.46756679632773857
7,651,-0.39684207185303955
7,652,-0.3261173473783405
7,653,-0.2553926229036415
7,654,-0.1846678984289425
7,655,-0.11394317395424346
7,656,0.025695985799861862
7,657,0.16533514555396717
7,658,0.30497430530807246
7,659,0.4446134650621778
7,660,0.5842526248162832
7,661,0.7238917845703885
7,662,0.8635309443244938
7,663,1.0031701040785992
7,664,1.1428092638327045
7,665,1.2824484235868099
7,666,1.4220875833409152
7,667,1.5617267430950206
7,668,1.701365902849126
7,669,1.8410050626032313
7,670,1.9806442223573366
7,671,2.1202833821114417
7,672,2.259922541865547
7,673,2.3995617016196524
7,674,2.539200861373758
7,675,2.678840021127863
7,676,2.8184791808819685
7,677,2.958118340636074
7,678,3.097757500390179
7,679,3.2373966601442845
7,680,3.37703581989839
7,681,3.516674979652495
7,682,3.6563141394066005
7,683,3.795953299160706
7,684,3.9355924589148112
7,685,4.075231618668917
7,686,4.2148707784230215
7,687,4.354509938177126
7,688,4.494149097931231
7,689,4.633788257685336
7,690,4.773427417439441
7,691,4.913066577193546
7,692,5.052705736947651
7,693,5.192344896701756
7,694,5.331984056455861
7,695,5.471623216209966
7,696,5.6112623759640705
7,697,5.750901535718175
7,698,5.89054069547228
7,699,6.030179855226385
7,700,6.16981901498049
7,701,6.309458174734595
7,702,6.4490973344887
7,703,6.588736494242805
7,704,6.72837565399691
7,705,6.868014813751015
8,706,7.0076539735051195
8,707,7.147293133259224
8,708,7.286932293013329
8,709,7.426571452767434
8,710,7.566210612521539
8,711,7.705849772275644
8,712,7.845488932029749
8,713,7.985128091783854
8,714,8.124767251537959
8,715,8.264406411292065
8,716,8.40404557104617
8,717,8.543684730800276
8,718,8.683323890554382
8,719,8.822963050308488
8,720,8.962602210062593
8,721,9.1022413698167
8,722,9.241880529570805
8,723,9.38151968932491
8,724,9.521158849079017
8,725,9.660798008833122
8,726,9.800437168587228
8,727,9.940076328341334
8,728,10.07971548809544
8,729,10.219354647849546
8,730,10.358993807603651
8,731,10.498632967357757
8,732,10.638272127111863
8,733,10.777911286865969
8,734,10.917550446620075
8,735,11.05718960637418
8,736,11.196828766128286
8,737,11.336467925882392
8,738,11.476107085636498
8,739,11.615746245390604
8,740,11.75538540514471
8,741,11.895024564898815
8,742,12.034663724652921
8,743,12.174302884407027
8,744,12.313942044161132
8,745,12.453581203915238
8,746,12.593220363669344
8,747,12.73285952342345
8,748,12.872498683177556
8,749,13.012137842931661
8,750,13.151777002685767
8,751,13.291416162439873
8,752,13.431055322193979
8,753,13.570694481948085
8,754,13.71033364170219
8,755,13.849972801456296
8,756,13.989611961210402
8,757,14.213775180266627
8,758,14.437938399322851
8,759,14.662101618379076
8,760,14.8862648374353
8,761,15.110428056491525
8,762,15.33459127554775
8,763,15.558754494603974
8,764,15.782917713660199
8,765,16.007080932716423
8,766,16.23124415177265
8,767,16.455407370828876
8,768,16.679570589885103
8,769,16.90373380894133
8,770,17.127897027997555
8,771,17.35206024705378
8,772,17.576223466110008
8,773,17.800386685166234
8,774,18.02454990422246
8,775,18.248713123278687
8,776,18.472876342334914
8,777,18.69703956139114
8,778,18.921202780447366
8,779,19.145365999503593
8,780,19.36952921855982
8,781,19.593692437616046
8,782,19.817855656672272
8,783,20.0420188757285
8,784,20.266182094784725
8,785,20.49034531384095
8,786,20.714508532897177
8,787,20.938671751953404
8,788,21.16283497100963
8,789,21.386998190065857
8,790,21.611161409122083
8,791,21.83532462817831
8,792,22.059487847234536
8,793,22.283651066290762
8,794,22.50781428534699
8,795,22.731977504403215
8,796,22.95614072345944
8,797,23.180303942515668
8,798,23.404467161571894
8,799,23.62863038062812
8,800,23.852793599684347
8,801,24.076956818740573
8,802,24.3011200377968
8,803,24.525283256853026
8,804,24.749446475909252
8,805,24.97360969496548
8,806,25.197772914021705
9,807,25.42193613307793
9,808,25.646099352134158
9,809,25.870262571190384
9,810,26.09442579024661
9,811,26.318589009302837
9,812,26.542752228359063
9,813,26.76691544741529
9,814,26.991078666471516
9,815,27.215241885527742
9,816,27.43940510458397
9,817,27.663568323640195
9,818,27.88773154269642
9,819,28.111894761752648
9,820,28.336057980808874
9,821,28.5602211998651
9,822,28.784384418921327
9,823,29.008547637977554
9,824,29.23271085703378
9,825,29.456874076090006
9,826,29.681037295146233
9,827,29.90520051420246
9,828,30.129363733258685
9,829,30.353526952314912
9,830,30.577690171371138
9,831,30.801853390427365
9,832,31.02601660948359
9,833,31.250179828539817
9,834,31.474343047596044
9,835,31.69850626665227
9,836,31.922669485708496
9,837,32.14683270476472
9,838,32.37099592382094
9,839,32.595159142877165
9,840,32.81932236193339
9,841,33.04348558098961
9,842,33.26764880004583
9,843,33.491812019102056
9,844,33.71597523815828
9,845,33.9401384572145
9,846,34.164301676270725
9,847,34.38846489532695
9,848,34.61262811438317
9,849,34.83679133343939
9,850,35.060954552495616
9,851,35.28511777155184
9,852,35.50928099060806
9,853,35.733444209664285
9,854,35.95760742872051
9,855,36.18177064777673
9,856,36.40593386683295
9,857,36.630097085889176
9,858,36.952366934146674
9,859,37.27463678240417
9,860,37.59690663066167
9,861,37.91917647891917
9,862,38.24144632717667
9,863,38.563716175434166
9,864,38.885986023691665
9,865,39.20825587194916
9,866,39.53052572020666
9,867,39.85279556846416
9,868,40.17506541672166
9,869,40.49733526497916
9,870,40.819605113236655
9,871,41.14187496149415
9,872,41.46414480975165
9,873,41.78641465800915
9,874,42.10868450626665
9,875,42.43095435452415
9,876,42.753224202781645
9,877,43.07549405103914
9,878,43.39776389929664
9,879,43.72003374755414
9,880,44.04230359581164
9,881,44.36457344406914
9,882,44.686843292326635
9,883,45.009113140584134
9,884,45.33138298884163
9,885,45.65365283709913
9,886,45.97592268535663
9,887,46.29819253361413
9,888,46.620462381871626
9,889,46.942732230129124
9,890,47.26500207838662
9,891,47.58727192664412
9,892,47.90954177490162
9,893,48.23181162315912
9,894,48.554081471416616
9,895,48.876351319674114
9,896,49.19862116793161
9,897,49.52089101618911
9,898,49.84316086444661
9,899,50.16543071270411
9,900,50.487700560961606
9,901,50.809970409219105
9,902,51.1322402574766
9,903,51.4545101057341
9,904,51.7767799539916
9,905,52.0990498022491
9,906,52.4213196505066
9,907,52.743589498764095
10,908,53.06585934702159
10,909,53.38812919527909
10,910,53.71039904353659
10,911,54.03266889179409
10,912,54.35493874005159
10,913,54.677208588309085
10,914,54.999478436566584
10,915,55.32174828482408
10,916,55.64401813308158
10,917,55.96628798133908
10,918,56.28855782959658
10,919,56.610827677854076
10,920,56.933097526111574
10,921,57.25536737436907
10,922,57.57763722262657
10,923,57.89990707088407
10,924,58.22217691914157
10,925,58.544446767399066
10,926,58.866716615656564
10,927,59.18898646391406
10,928,59.51125631217156
10,929,59.83352616042906
10,930,60.15579600868656
10,931,60.478065856944056
10,932,60.800335705201555
10,933,61.12260555345905
10,934,61.44487540171655
10,935,61.76714524997405
10,936,62.08941509823155
10,937,62.411684946489046
10,938,62.733954794746545
10,939,63.05622464300404
10,940,63.37849449126154
10,941,63.70076433951904
10,942,64.02303418777653
10,943,64.34530403603402
10,944,64.66757388429151
10,945,64.989843732549
10,946,65.3121135808065
10,947,65.63438342906399
10,948,65.95665327732148
10,949,66.27892312557897
10,950,66.60119297383646
10,951,66.92346282209395
10,952,67.24573267035144
10,953,67.56800251860894
10,954,67.89027236686643
10,955,68.21254221512392
10,956,68.53481206338141
10,957,68.8570819116389
10,958,69.17935175989639
10,959,69.61200756867058
10,960,70.04466337744476
10,961,70.47731918621895
10,962,70.90997499499314
10,963,71.34263080376732
10,964,71.7752866125415
10,965,72.20794242131569
10,966,72.64059823008988
10,967,73.07325403886406
10,968,73.50590984763825
10,969,73.93856565641244
10,970,74.37122146518662
10,971,74.80387727396081
10,972,75.236533082735
10,973,75.66918889150918
10,974,76.10184470028337
10,975,76.53450050905755
10,976,76.96715631783174
10,977,77.39981212660592
10,978,77.83246793538011
10,979,78.2651237441543
10,980,78.69777955292848
10,981,79.13043536170267
10,982,79.56309117047685
10,983,79.99574697925104
10,984,80.42840278802522
10,985,80.86105859679941
10,986,81.2937144055736
10,987,81.72637021434778
10,988,82.15902602312197
10,989,82.59168183189615
10,990,83.02433764067034
10,991,83.45699344944452
10,992,83.88964925821871
10,993,84.3223050669929
10,994,84.75496087576708
10,995,85.18761668454127
10,996,85.62027249331545
10,997,86.05292830208964
10,998,86.48558411086383
10,999,86.91823991963801
10,1000,87.3508957284122
10,1001,87.78355153718638
10,1002,88.21620734596057
10,1003,88.64886315473476
10,1004,89.08151896350894
10,1005,89.51417477228313
10,1006,89.94683058105731
10,1007,90.3794863898315
10,1008,90.81214219860568
11,1009,91.24479800737987
11,1010,91.67745381615406
11,1011,92.11010962492824
11,1012,92.54276543370243
11,1013,92.97542124247661
11,1014,93.4080770512508
11,1015,93.84073286002499
11,1016,94.27338866879917
11,1017,94.70604447757336
11,1018,95.13870028634754
11,1019,95.57135609512173
11,1020,96.00401190389591
11,1021,96.4366677126701
11,1022,96.86932352144429
11,1023,97.30197933021847
11,1024,97.73463513899266
11,1025,98.16729094776684
11,1026,98.59994675654103
11,1027,99.03260256531522
11,1028,99.4652583740894
11,1029,99.89791418286359
11,1030,100.33056999163777
11,1031,100.76322580041196
11,1032,101.19588160918615
11,1033,101.62853741796033
11,1034,102.06119322673452
11,1035,102.4938490355087
11,1036,102.92650484428289
11,1037,103.35916065305707
11,1038,103.79181646183126
11,1039,104.22447227060545
11,1040,104.65712807937963
11,1041,105.08978388815382
11,1042,105.522439696928
11,1043,105.95509550570219
11,1044,106.38775131447638
11,1045,106.82040712325056
11,1046,107.25306293202475
11,1047,107.68571874079893
11,1048,108.11837454957312
11,1049,108.5510303583473
11,1050,108.98368616712149
11,1051,109.41634197589568
11,1052,109.84899778466986
11,1053,110.28165359344405
11,1054,110.71430940221823
11,1055,111.14696521099242
11,1056,111.5796210197666
11,1057,112.01227682854079
11,1058,112.44493263731498
11,1059,112.87758844608916
11,1060,113.4321983648099
11,1061,113.98680828353065
11,1062,114.54141820225139
11,1063,115.09602812097214
11,1064,115.65063803969288
11,1065,116.20524795841362
11,1066,116.75985787713437
11,1067,117.31446779585511
11,1068,117.86907771457585
11,1069,118.4236876332966
11,1070,118.97829755201734
11,1071,119.53290747073808
11,1072,120.08751738945882
11,1073,120.64212730817957
11,1074,121.19673722690031
11,1075,121.75134714562105
11,1076,122.3059570643418
11,1077,122.86056698306254
11,1078,123.41517690178328
11,1079,123.96978682050403
11,1080,124.52439673922477
11,1081,125.07900665794551
11,1082,125.63361657666626
11,1083,126.188226495387
11,1084,126.74283641410774
11,1085,127.29744633282849
11,1086,127.85205625154923
11,1087,128.40666617026997
11,1088,128.96127608899073
11,1089,129.5158860077115
11,1090,130.07049592643224
11,1091,130.625105845153
11,1092,131.17971576387376
11,1093,131.73432568259452
11,1094,132.28893560131527
11,1095,132.84354552003603
11,1096,133.3981554387568
11,1097,133.95276535747755
11,1098,134.5073752761983
11,1099,135.06198519491906
11,1100,134.3952501136398
11,1101,133.72851503236055
11,1102,133.0617799510813
11,1103,132.39504486980204
11,1104,131.72830978852278
11,1105,131.06157470724352
11,1106,130.39483962596427
11,1107,129.728104544685
11,1108,129.06136946340575
11,1109,128.3946343821265
12,1110,127.72789930084724
12,1111,127.06116421956798
12,1112,126.39442913828873
12,1113,125.72769405700947
12,1114,125.06095897573022
12,1115,124.39422389445096
12,1116,123.7274888131717
12,1117,123.06075373189245
12,1118,122.39401865061319
12,1119,121.72728356933393
12,1120,121.06054848805468
12,1121,120.39381340677542
12,1122,119.72707832549617
12,1123,119.06034324421691
12,1124,118.39360816293765
12,1125,117.7268730816584
12,1126,117.06013800037914
12,1127,116.39340291909988
12,1128,115.72666783782063
12,1129,115.05993275654137
12,1130,114.39319767526212
12,1131,113.72646259398286
12,1132,113.0597275127036
12,1133,112.39299243142435
12,1134,111.72625735014509
12,1135,111.05952226886583
12,1136,110.39278718758658
12,1137,109.72605210630732
12,1138,109.05931702502807
12,1139,108.39258194374881
12,1140,107.72584686246955
12,1141,107.0591117811903
12,1142,106.39237669991104
12,1143,105.72564161863178
12,1144,105.05890653735253
12,1145,104.39217145607327
12,1146,103.72543637479401
12,1147,103.05870129351476
12,1148,102.3919662122355
12,1149,101.72523113095625
12,1150,101.05849604967699
12,1151,100.39176096839773
12,1152,99.72502588711848
12,1153,99.05829080583922
12,1154,98.39155572455996
12,1155,97.72482064328071
12,1156,97.05808556200145
12,1157,96.3913504807222
12,1158,95.72461539944294
12,1159,95.05788031816368
12,1160,94.39114523688443
12,1161,93.85718884352231
12,1162,93.32323245016019
12,1163,92.78927605679807
12,1164,92.25531966343596
12,1165,91.72136327007384
12,1166,91.18740687671172
12,1167,90.6534504833496
12,1168,90.11949408998748
12,1169,89.58553769662537
12,1170,89.05158130326325
12,1171,88.51762490990113
12,1172,87.98366851653901
12,1173,87.4497121231769
12,1174,86.91575572981478
12,1175,86.38179933645266
12,1176,85.84784294309054
12,1177,85.31388654972842
12,1178,84.7799301563663
12,1179,84.24597376300419
12,1180,83.71201736964207
12,1181,83.17806097627995
12,1182,82.64410458291783
12,1183,82.11014818955572
12,1184,81.5761917961936
12,1185,81.04223540283148
12,1186,80.50827900946936
12,1187,79.97432261610724
12,1188,79.44036622274513
12,1189,78.90640982938301
12,1190,78.37245343602089
12,1191,77.83849704265877
12,1192,77.30454064929665
12,1193,76.77058425593454
12,1194,76.23662786257242
12,1195,75.7026714692103
12,1196,75.16871507584818
12,1197,74.63475868248607
12,1198,74.10080228912395
12,1199,73.56684589576183
12,1200,73.03288950239971
12,1201,72.4989331090376
12,1202,71.96497671567548
12,1203,71.43102032231336
12,1204,70.89706392895124
12,1205,70.36310753558912
12,1206,69.829151142227
12,1207,69.29519474886489
12,1208,68.76123835550277
12,1209,68.22728196214065
12,1210,67.69332556877853
13,1211,67.15936917541642
13,1212,66.6254127820543
13,1213,66.09145638869218
13,1214,65.55749999533006
13,1215,65.02354360196794
13,1216,64.48958720860583
13,1217,63.9556308152437
13,1218,63.421674421881576
13,1219,62.88771802851945
13,1220,62.353761635157326
13,1221,61.8198052417952
13,1222,61.285848848433076
13,1223,60.75189245507095
13,1224,60.217936061708826
13,1225,59.6839796683467
13,1226,59.15002327498458
13,1227,58.61606688162245
13,1228,58.08211048826033
13,1229,57.5481540948982
13,1230,57.01419770153608
13,1231,56.48024130817395
13,1232,55.94628491481183
13,1233,55.4123285214497
13,1234,54.87837212808758
13,1235,54.34441573472545
13,1236,53.81045934136333
13,1237,53.2765029480012
13,1238,52.74254655463908
13,1239,52.20859016127695
13,1240,51.67463376791483
13,1241,51.1406773745527
13,1242,50.60672098119058
13,1243,50.07276458782845
13,1244,49.53880819446633
13,1245,49.0048518011042
13,1246,48.47089540774208
13,1247,47.93693901437995
13,1248,47.40298262101783
13,1249,46.8690262276557
13,1250,46.33506983429358
13,1251,45.80111344093145
13,1252,45.26715704756933
13,1253,44.7332006542072
13,1254,44.19924426084508
13,1255,43.66528786748295
13,1256,43.13133147412083
13,1257,42.5973750807587
13,1258,42.06341868739658
13,1259,41.52946229403445
13,1260,40.99550590067233
13,1261,40.4615495073102
13,1262,40.07022327015021
13,1263,39.678897032990214
13,1264,39.28757079583022
13,1265,38.896244558670226
13,1266,38.50491832151023
13,1267,38.11359208435024
13,1268,37.72226584719024
13,1269,37.33093961003025
13,1270,36.939613372870255
13,1271,36.54828713571026
13,1272,36.15696089855027
13,1273,35.76563466139027
13,1274,35.37430842423028
13,1275,34.982982187070284
13,1276,34.59165594991029
13,1277,34.200329712750296
13,1278,33.8090034755903
13,1279,33.41767723843031
13,1280,33.026351001270314
13,1281,32.63502476411032
13,1282,32.243698526950325
13,1283,31.85237228979033
13,1284,31.461046052630337
13,1285,31.069719815470343
13,1286,30.67839357831035
13,1287,30.287067341150355
13,1288,29.89574110399036
13,1289,29.504414866830366
13,1290,29.113088629670372
13,1291,28.721762392510378
13,1292,28.330436155350384
13,1293,27.93910991819039
13,1294,27.547783681030396
13,1295,27.1564574438704
13,1296,26.765131206710407
13,1297,26.373804969550413
13,1298,25.98247873239042
13,1299,25.591152495230425
13,1300,25.19982625807043
13,1301,24.808500020910436
13,1302,24.417173783750442
13,1303,24.025847546590448
13,1304,23.634521309430454
13,1305,23.24319507227046
13,1306,22.851868835110466
13,1307,22.46054259795047
13,1308,22.069216360790477
13,1309,21.677890123630483
13,1310,21.28656388647049
13,1311,20.895237649310495
14,1312,20.5039114121505
14,1313,20.112585174990507
14,1314,19.721258937830513
14,1315,19.32993270067052
14,1316,18.938606463510524
14,1317,18.54728022635053
14,1318,18.155953989190536
14,1319,17.764627752030542
14,1320,17.373301514870548
14,1321,16.981975277710553
14,1322,16.59064904055056
14,1323,16.199322803390565
14,1324,15.807996566230573
14,1325,15.41667032907058
14,1326,15.025344091910588
14,1327,14.634017854750596
14,1328,14.242691617590603
14,1329,13.851365380430611
14,1330,13.460039143270619
14,1331,13.068712906110626
14,1332,12.677386668950634
14,1333,12.286060431790641
14,1334,11.894734194630649
14,1335,11.503407957470657
14,1336,11.112081720310664
14,1337,10.720755483150672
14,1338,10.32942924599068
14,1339,9.938103008830687
14,1340,9.546776771670695
14,1341,9.155450534510702
14,1342,8.76412429735071
14,1343,8.372798060190718
14,1344,7.981471823030725
14,1345,7.590145585870733
14,1346,7.198819348710741
14,1347,6.807493111550748
14,1348,6.416166874390756
14,1349,6.0248406372307635
14,1350,5.633514400070771
14,1351,5.242188162910779
14,1352,4.850861925750786
14,1353,4.459535688590794
14,1354,4.068209451430802
14,1355,3.676883214270809
14,1356,3.285556977110817
14,1357,2.8942307399508245
14,1358,2.502904502790832
14,1359,2.1115782656308397
14,1360,1.7202520284708473
14,1361,1.328925791310855
14,1362,0.9375995541508626
14,1363,0.6978149600117225
14,1364,0.45803036587258233
14,1365,0.21824577173344217
14,1366,-0.021538822405697988
14,1367,-0.26132341654483815
14,1368,-0.5011080106839783
14,1369,-0.7408926048231184
14,1370,-0.9806771989622585
14,1371,-1.2204617931013986
14,1372,-1.4602463872405387
14,1373,-1.7000309813796788
14,1374,-1.939815575518819
14,1375,-2.179600169657959
14,1376,-2.4193847637970993
14,1377,-2.6591693579362397
14,1378,-2.89895395207538
14,1379,-3.1387385462145203
14,1380,-3.3785231403536606
14,1381,-3.618307734492801
14,1382,-3.8580923286319413
14,1383,-4.097876922771081
14,1384,-4.337661516910221
14,1385,-4.577446111049361
14,1386,-4.817230705188501
14,1387,-5.057015299327641
14,1388,-5.296799893466781
14,1389,-5.5365844876059205
14,1390,-5.77636908174506
14,1391,-6.0161536758842
14,1392,-6.25593827002334
14,1393,-6.49572286416248
14,1394,-6.73550745830162
14,1395,-6.97529205244076
14,1396,-7.2150766465799
14,1397,-7.4548612407190396
14,1398,-7.694645834858179
14,1399,-7.934430428997319
14,1400,-8.17421502313646
14,1401,-8.4139996172756
14,1402,-8.65378421141474
14,1403,-8.89356880555388
14,1404,-9.13335339969302
14,1405,-9.37313799383216
14,1406,-9.6129225879713
14,1407,-9.85270718211044
14,1408,-10.09249177624958
14,1409,-10.332276370388719
14,1410,-10.572060964527859
14,1411,-10.811845558666999
15,1412,-11.051630152806139
15,1413,-11.291414746945279
15,1414,-11.531199341084418
15,1415,-11.770983935223558
15,1416,-12.010768529362698
15,1417,-12.250553123501838
15,1418,-12.490337717640978
15,1419,-12.730122311780118
15,1420,-12.969906905919258
15,1421,-13.209691500058398
15,1422,-13.449476094197538
15,1423,-13.689260688336677
15,1424,-13.929045282475817
15,1425,-14.168829876614957
15,1426,-14.408614470754097
15,1427,-14.648399064893237
15,1428,-14.888183659032377
15,1429,-15.127968253171517
15,1430,-15.367752847310657
15,1431,-15.607537441449796
15,1432,-15.847322035588936
15,1433,-16.087106629728076
15,1434,-16.326891223867218
15,1435,-16.56667581800636
15,1436,-16.8064604121455
15,1437,-17.046245006284643
15,1438,-17.286029600423785
15,1439,-17.525814194562926
15,1440,-17.765598788702068
15,1441,-18.00538338284121
15,1442,-18.24516797698035
15,1443,-18.484952571119493
15,1444,-18.724737165258635
15,1445,-18.964521759397776
15,1446,-19.204306353536918
15,1447,-19.44409094767606
15,1448,-19.6838755418152
15,1449,-19.923660135954343
15,1450,-20.163444730093484
15,1451,-20.403229324232626
15,1452,-20.643013918371768
15,1453,-20.88279851251091
15,1454,-21.12258310665005
15,1455,-21.362367700789193
15,1456,-21.602152294928334
15,1457,-21.841936889067476
15,1458,-22.081721483206618
15,1459,-22.32150607734576
15,1460,-22.5612906714849
15,1461,-22.801075265624043
15,1462,-23.040859859763184
15,1463,-23.120881277073668
15,1464,-23.20090269438415
15,1465,-23.280924111694635
15,1466,-23.360945529005118
15,1467,-23.4409669463156
15,1468,-23.520988363626085
15,1469,-23.601009780936568
15,1470,-23.68103119824705
15,1471,-23.761052615557535
15,1472,-23.84107403286802
15,1473,-23.921095450178502
15,1474,-24.001116867488985
15,1475,-24.08113828479947
15,1476,-24.161159702109952
15,1477,-24.241181119420435
15,1478,-24.32120253673092
15,1479,-24.401223954041402
15,1480,-24.481245371351886
15,1481,-24.56126678866237
15,1482,-24.641288205972852
15,1483,-24.721309623283336
15,1484,-24.80133104059382
15,1485,-24.881352457904303
15,1486,-24.961373875214786
15,1487,-25.04139529252527
15,1488,-25.121416709835753
15,1489,-25.201438127146236
15,1490,-25.28145954445672
15,1491,-25.361480961767203
15,1492,-25.441502379077686
15,1493,-25.52152379638817
15,1494,-25.601545213698653
15,1495,-25.681566631009137
15,1496,-25.76158804831962
15,1497,-25.841609465630103
15,1498,-25.921630882940587
15,1499,-26.00165230025107
15,1500,-26.081673717561554
15,1501,-26.161695134872037
15,1502,-26.24171655218252
15,1503,-26.321737969493004
15,1504,-26.401759386803487
15,1505,-26.48178080411397
15,1506,-26.561802221424454
15,1507,-26.641823638734937
15,1508,-26.72184505604542
15,1509,-26.801866473355904
15,1510,-26.881887890666388
15,1511,-26.96190930797687
15,1512,-27.041930725287354
16,1513,-27.121952142597838
16,1514,-27.20197355990832
16,1515,-27.281994977218805
16,1516,-27.362016394529288
16,1517,-27.44203781183977
16,1518,-27.522059229150255
16,1519,-27.602080646460738
16,1520,-27.68210206377122
16,1521,-27.762123481081705
16,1522,-27.84214489839219
16,1523,-27.922166315702672
16,1524,-28.002187733013155
16,1525,-28.08220915032364
16,1526,-28.162230567634122
16,1527,-28.242251984944605
16,1528,-28.32227340225509
16,1529,-28.402294819565572
16,1530,-28.482316236876056
16,1531,-28.56233765418654
16,1532,-28.642359071497022
16,1533,-28.722380488807506
16,1534,-28.80240190611799
16,1535,-28.882423323428473
16,1536,-28.962444740738956
16,1537,-29.04246615804944
16,1538,-29.122487575359923
16,1539,-29.202508992670406
16,1540,-29.28253040998089
16,1541,-29.362551827291373
16,1542,-29.442573244601856
16,1543,-29.52259466191234
16,1544,-29.602616079222823
16,1545,-29.682637496533307
16,1546,-29.76265891384379
16,1547,-29.842680331154273
16,1548,-29.922701748464757
16,1549,-30.00272316577524
16,1550,-30.082744583085724
16,1551,-30.162766000396207
16,1552,-30.24278741770669
16,1553,-30.322808835017174
16,1554,-30.402830252327657
16,1555,-30.48285166963814
16,1556,-30.562873086948624
16,1557,-30.642894504259107
16,1558,-30.72291592156959
16,1559,-30.802937338880074
16,1560,-30.882958756190558
16,1561,-30.96298017350104
16,1562,-31.043001590811524
16,1563,-31.123023008122008
16,1564,-31.035748209874736
16,1565,-30.948473411627464
16,1566,-30.861198613380193
16,1567,-30.77392381513292
16,1568,-30.68664901688565
16,1569,-30.599374218638378
16,1570,-30.512099420391106
16,1571,-30.424824622143834
16,1572,-30.337549823896563
16,1573,-30.25027502564929
16,1574,-30.16300022740202
16,1575,-30.075725429154748
16,1576,-29.988450630907476
16,1577,-29.901175832660204
16,1578,-29.813901034412932
16,1579,-29.72662623616566
16,1580,-29.63935143791839
16,1581,-29.552076639671117
16,1582,-29.464801841423846
16,1583,-29.377527043176574
16,1584,-29.290252244929302
16,1585,-29.20297744668203
16,1586,-29.11570264843476
16,1587,-29.028427850187487
16,1588,-28.941153051940216
16,1589,-28.853878253692944
16,1590,-28.766603455445672
16,1591,-28.6793286571984
16,1592,-28.59205385895113
16,1593,-28.504779060703857
16,1594,-28.417504262456585
16,1595,-28.330229464209314
16,1596,-28.242954665962042
16,1597,-28.15567986771477
16,1598,-28.0684050694675
16,1599,-27.981130271220227
16,1600,-27.893855472972955
16,1601,-27.806580674725684
16,1602,-27.719305876478412
16,1603,-27.63203107823114
16,1604,-27.54475627998387
16,1605,-27.457481481736597
16,1606,-27.370206683489325
16,1607,-27.282931885242053
16,1608,-27.195657086994782
16,1609,-27.10838228874751
16,1610,-27.02110749050024
16,1611,-26.933832692252967
16,1612,-26.846557894005695
16,1613,-26.759283095758423
17,1614,-26.67200829751115
17,1615,-26.58473349926388
17,1616,-26.49745870101661
17,1617,-26.410183902769337
17,1618,-26.322909104522065
17,1619,-26.235634306274793
17,1620,-26.14835950802752
17,1621,-26.06108470978025
17,1622,-25.973809911532978
17,1623,-25.886535113285706
17,1624,-25.799260315038435
17,1625,-25.711985516791163
17,1626,-25.62471071854389
17,1627,-25.53743592029662
17,1628,-25.450161122049348
17,1629,-25.362886323802076
17,1630,-25.275611525554805
17,1631,-25.188336727307533
17,1632,-25.10106192906026
17,1633,-25.01378713081299
17,1634,-24.926512332565718
17,1635,-24.839237534318446
17,1636,-24.751962736071174
17,1637,-24.664687937823903
17,1638,-24.57741313957663
17,1639,-24.49013834132936
17,1640,-24.402863543082088
17,1641,-24.315588744834816
17,1642,-24.228313946587544
17,1643,-24.141039148340273
17,1644,-24.053764350093
17,1645,-23.96648955184573
17,1646,-23.879214753598458
17,1647,-23.791939955351186
17,1648,-23.704665157103914
17,1649,-23.617390358856643
17,1650,-23.53011556060937
17,1651,-23.4428407623621
17,1652,-23.355565964114827
17,1653,-23.268291165867556
17,1654,-23.181016367620284
17,1655,-23.093741569373012
17,1656,-23.00646677112574
17,1657,-22.91919197287847
17,1658,-22.831917174631197
17,1659,-22.744642376383926
17,1660,-22.657367578136654
17,1661,-22.570092779889382
17,1662,-22.48281798164211
17,1663,-22.39554318339484
17,1664,-22.308268385147567
17,1665,-22.04685150296501
17,1666,-21.78543462078245
17,1667,-21.52401773859989
17,1668,-21.262600856417333
17,1669,-21.001183974234774
17,1670,-20.739767092052215
17,1671,-20.478350209869657
17,1672,-20.216933327687098
17,1673,-19.95551644550454
17,1674,-19.69409956332198
17,1675,-19.432682681139422
17,1676,-19.171265798956863
17,1677,-18.909848916774305
17,1678,-18.648432034591746
17,1679,-18.387015152409187
17,1680,-18.12559827022663
17,1681,-17.86418138804407
17,1682,-17.60276450586151
17,1683,-17.341347623678953
17,1684,-17.079930741496394
17,1685,-16.818513859313835
17,1686,-16.557096977131277
17,1687,-16.295680094948718
17,1688,-16.03426321276616
17,1689,-15.772846330583603
17,1690,-15.511429448401046
17,1691,-15.250012566218489
17,1692,-14.988595684035932
17,1693,-14.727178801853375
17,1694,-14.465761919670818
17,1695,-14.204345037488261
17,1696,-13.942928155305705
17,1697,-13.681511273123148
17,1698,-13.42009439094059
17,1699,-13.158677508758034
17,1700,-12.897260626575477
17,1701,-12.63584374439292
17,1702,-12.374426862210363
17,1703,-12.113009980027806
17,1704,-11.85159309784525
17,1705,-11.590176215662693
17,1706,-11.328759333480136
17,1707,-11.067342451297579
17,1708,-10.805925569115022
17,1709,-10.544508686932465
17,1710,-10.283091804749908
17,1711,-10.021674922567351
17,1712,-9.760258040384794
17,1713,-9.498841158202238
17,1714,-9.23742427601968
18,1715,-8.976007393837124
18,1716,-8.714590511654567
18,1717,-8.45317362947201
18,1718,-8.191756747289453
18,1719,-7.9303398651068955
18,1720,-7.668922982924338
18,1721,-7.40750610074178
18,1722,-7.146089218559222
18,1723,-6.884672336376664
18,1724,-6.623255454194107
18,1725,-6.361838572011549
18,1726,-6.100421689828991
18,1727,-5.839004807646433
18,1728,-5.577587925463876
18,1729,-5.316171043281318
18,1730,-5.05475416109876
18,1731,-4.793337278916202
18,1732,-4.5319203967336446
18,1733,-4.270503514551087
18,1734,-4.009086632368529
18,1735,-3.7476697501859717
18,1736,-3.4862528680034144
18,1737,-3.224835985820857
18,1738,-2.9634191036382997
18,1739,-2.7020022214557424
18,1740,-2.440585339273185
18,1741,-2.179168457090628
18,1742,-1.9177515749080705
18,1743,-1.6563346927255131
18,1744,-1.3949178105429558
18,1745,-1.1335009283603985
18,1746,-0.8720840461778412
18,1747,-0.6106671639952839
18,1748,-0.3492502818127265
18,1749,-0.08783339963016912
18,1750,0.17358348255238826
18,1751,0.43500036473494563
18,1752,0.696417246917503
18,1753,0.9578341291000603
18,1754,1.2192510112826176
18,1755,1.480667893465175
18,1756,1.7420847756477322
18,1757,2.0035016578302898
18,1758,2.264918540012847
18,1759,2.5263354221954044
18,1760,2.7877523043779617
18,1761,3.049169186560519
18,1762,3.3105860687430764
18,1763,3.5720029509256337
18,1764,3.833419833108191
18,1765,4.094836715290748
18,1766,4.536557344585796
18,1767,4.978277973880843
18,1768,5.41999860317589
18,1769,5.8617192324709375
18,1770,6.303439861765985
18,1771,6.745160491061032
18,1772,7.186881120356079
18,1773,7.628601749651127
18,1774,8.070322378946173
18,1775,8.512043008241221
18,1776,8.95376363753627
18,1777,9.395484266831318
18,1778,9.837204896126366
18,1779,10.278925525421414
18,1780,10.720646154716462
18,1781,11.16236678401151
18,1782,11.604087413306559
18,1783,12.045808042601607
18,1784,12.487528671896655
18,1785,12.929249301191703
18,1786,13.370969930486751
18,1787,13.8126905597818
18,1788,14.254411189076848
18,1789,14.696131818371896
18,1790,15.137852447666944
18,1791,15.579573076961992
18,1792,16.02129370625704
18,1793,16.46301433555209
18,1794,16.904734964847137
18,1795,17.346455594142185
18,1796,17.788176223437233
18,1797,18.22989685273228
18,1798,18.67161748202733
18,1799,19.113338111322378
18,1800,19.555058740617426
18,1801,19.996779369912474
18,1802,20.438499999207522
18,1803,20.88022062850257
18,1804,21.32194125779762
18,1805,21.763661887092667
18,1806,22.205382516387715
18,1807,22.647103145682763
18,1808,23.08882377497781
18,1809,23.53054440427286
18,1810,23.972265033567908
18,1811,24.413985662862956
18,1812,24.855706292158004
18,1813,25.297426921453052
18,1814,25.7391475507481
18,1815,26.18086818004315
19,1816,26.622588809338197
19,1817,27.064309438633245
19,1818,27.506030067928293
19,1819,27.94775069722334
19,1820,28.38947132651839
19,1821,28.831191955813438
19,1822,29.272912585108486
19,1823,29.714633214403534
19,1824,30.156353843698582
19,1825,30.59807447299363
19,1826,31.03979510228868
19,1827,31.481515731583727
19,1828,31.923236360878775
19,1829,32.36495699017382
19,1830,32.80667761946887
19,1831,33.24839824876392
19,1832,33.69011887805897
19,1833,34.131839507354016
19,1834,34.573560136649064
19,1835,35.01528076594411
19,1836,35.45700139523916
19,1837,35.89872202453421
19,1838,36.34044265382926
19,1839,36.782163283124305
19,1840,37.22388391241935
19,1841,37.6656045417144
19,1842,38.10732517100945
19,1843,38.5490458003045
19,1844,38.990766429599546
19,1845,39.432487058894594
19,1846,39.87420768818964
19,1847,40.31592831748469
19,1848,40.75764894677974
19,1849,41.19936957607479
19,1850,41.641090205369835
19,1851,42.08281083466488
19,1852,42.52453146395993
19,1853,42.96625209325498
19,1854,43.40797272255003
19,1855,43.849693351845076
19,1856,44.291413981140124
19,1857,44.73313461043517
19,1858,45.17485523973022
19,1859,45.61657586902527
19,1860,46.05829649832032
19,1861,46.500017127615365
19,1862,46.94173775691041
19,1863,47.38345838620546
19,1864,47.82517901550051
19,1865,48.26689964479556
19,1866,48.708620274090606
19,1867,49.33612902260524
19,1868,49.96363777111988
19,1869,50.59114651963451
19,1870,51.21865526814915
19,1871,51.846164016663785
19,1872,52.47367276517842
19,1873,53.10118151369306
19,1874,53.72869026220769
19,1875,54.35619901072233
19,1876,54.983707759236964
19,1877,55.6112165077516
19,1878,56.238725256266235
19,1879,56.86623400478087
19,1880,57.49374275329551
19,1881,58.12125150181014
19,1882,58.74876025032478
19,1883,59.376268998839414
19,1884,60.00377774735405
19,1885,60.631286495868686
19,1886,61.25879524438332
19,1887,61.88630399289796
19,1888,62.51381274141259
19,1889,63.14132148992723
19,1890,63.768830238441865
19,1891,64.39633898695651
19,1892,65.02384773547115
19,1893,65.6513564839858
19,1894,66.27886523250044
19,1895,66.90637398101508
19,1896,67.53388272952972
19,1897,68.16139147804437
19,1898,68.78890022655901
19,1899,69.41640897507365
19,1900,70.0439177235883
19,1901,70.67142647210294
19,1902,71.29893522061758
19,1903,71.92644396913222
19,1904,72.55395271764687
19,1905,73.18146146616151
19,1906,73.80897021467615
19,1907,74.4364789631908
19,1908,75.06398771170544
19,1909,75.69149646022008
19,1910,76.31900520873472
19,1911,76.94651395724937
19,1912,77.57402270576401
19,1913,78.20153145427865
19,1914,78.8290402027933
19,1915,79.45654895130794
19,1916,80.08405769982258
20,1917,80.71156644833722
20,1918,81.33907519685187
20,1919,81.96658394536651
20,1920,82.59409269388115
20,1921,83.2216014423958
20,1922,83.84911019091044
20,1923,84.47661893942508
20,1924,85.10412768793972
20,1925,85.73163643645437
20,1926,86.35914518496901
20,1927,86.98665393348365
20,1928,87.6141626819983
20,1929,88.24167143051294
20,1930,88.86918017902758
20,1931,89.49668892754222
20,1932,90.12419767605687
20,1933,90.75170642457151
20,1934,91.37921517308615
20,1935,92.0067239216008
20,1936,92.63423267011544
20,1937,93.26174141863008
20,1938,93.88925016714472
20,1939,94.51675891565937
20,1940,95.14426766417401
20,1941,95.77177641268865
20,1942,96.3992851612033
20,1943,97.02679390971794
20,1944,97.65430265823258
20,1945,98.28181140674722
20,1946,98.90932015526187
20,1947,99.53682890377651
20,1948,100.16433765229115
20,1949,100.7918464008058
20,1950,100.19801014932044
20,1951,99.60417389783508
20,1952,99.01033764634973
20,1953,98.41650139486437
20,1954,97.82266514337901
20,1955,97.22882889189366
20,1956,96.6349926404083
20,1957,96.04115638892294
20,1958,95.44732013743759
20,1959,94.85348388595223
20,1960,94.25964763446687
20,1961,93.66581138298152
20,1962,93.07197513149616
20,1963,92.4781388800108
20,1964,91.88430262852545
20,1965,91.29046637704009
20,1966,90.69663012555473
20,1967,90.10279387406938
20,1968,89.69956399537598
20,1969,89.29633411668259
20,1970,88.89310423798919
20,1971,88.4898743592958
20,1972,88.0866444806024
20,1973,87.683414601909
20,1974,87.28018472321561
20,1975,86.87695484452222
20,1976,86.47372496582882
20,1977,86.07049508713543
20,1978,85.66726520844203
20,1979,85.26403532974864
20,1980,84.86080545105524
20,1981,84.45757557236185
20,1982,84.05434569366845
20,1983,83.65111581497506
20,1984,83.24788593628166
20,1985,82.84465605758827
20,1986,82.44142617889487
20,1987,82.03819630020148
20,1988,81.63496642150808
20,1989,81.23173654281469
20,1990,80.82850666412129
20,1991,80.4252767854279
20,1992,80.0220469067345
20,1993,79.61881702804111
20,1994,79.21558714934771
20,1995,78.81235727065432
20,1996,78.40912739196092
20,1997,78.00589751326753
20,1998,77.60266763457413
20,1999,77.19943775588074
20,2000,76.79620787718734
20,2001,76.39297799849395
20,2002,75.98974811980055
20,2003,75.58651824110716
20,2004,75.18328836241376
20,2005,74.78005848372037
20,2006,74.37682860502697
20,2007,73.97359872633358
20,2008,73.57036884764018
20,2009,73.16713896894679
20,2010,72.76390909025339
20,2011,72.36067921156
20,2012,71.9574493328666
20,2013,71.55421945417321
20,2014,71.15098957547981
20,2015,70.74775969678642
20,2016,70.34452981809302
20,2017,69.94129993939963
21,2018,69.53807006070623
21,2019,69.13484018201284
21,2020,68.73161030331944
21,2021,68.32838042462605
21,2022,67.92515054593265
21,2023,67.52192066723926
21,2024,67.11869078854586
21,2025,66.71546090985247
21,2026,66.31223103115907
21,2027,65.90900115246568
21,2028,65.50577127377228
21,2029,65.10254139507889
21,2030,64.69931151638549
21,2031,64.2960816376921
21,2032,63.8928517589987
21,2033,63.48962188030531
21,2034,63.08639200161191
21,2035,62.68316212291852
21,2036,62.27993224422512
21,2037,61.87670236553173
21,2038,61.47347248683833
21,2039,61.07024260814494
21,2040,60.66701272945154
21,2041,60.26378285075815
21,2042,59.86055297206475
21,2043,59.45732309337136
21,2044,59.05409321467796
21,2045,58.65086333598457
21,2046,58.24763345729117
21,2047,57.84440357859778
21,2048,57.44117369990438
21,2049,57.03794382121099
21,2050,56.63471394251759
21,2051,56.2314840638242
21,2052,55.8282541851308
21,2053,55.42502430643741
21,2054,55.02179442774401
21,2055,54.61856454905062
21,2056,54.21533467035722
21,2057,53.81210479166383
21,2058,53.40887491297043
21,2059,53.00564503427704
21,2060,52.60241515558364
21,2061,52.19918527689025
21,2062,51.79595539819685
21,2063,51.39272551950346
21,2064,50.98949564081006
21,2065,50.58626576211667
21,2066,50.18303588342327
21,2067,49.77980600472988
21,2068,49.37657612603648
21,2069,49.16811837847029
21,2070,48.9596606309041
21,2071,48.7512028833379
21,2072,48.54274513577171
21,2073,48.33428738820552
21,2074,48.125829640639324
21,2075,47.91737189307313
21,2076,47.70891414550694
21,2077,47.500456397940745
21,2078,47.29199865037455
21,2079,47.08354090280836
21,2080,46.875083155242166
21,2081,46.66662540767597
21,2082,46.45816766010978
21,2083,46.24970991254359
21,2084,46.041252164977394
21,2085,45.8327944174112
21,2086,45.62433666984501
21,2087,45.415878922278814
21,2088,45.20742117471262
21,2089,44.99896342714643
21,2090,44.790505679580235
21,2091,44.58204793201404
21,2092,44.37359018444785
21,2093,44.165132436881656
21,2094,43.95667468931546
21,2095,43.74821694174927
21,2096,43.53975919418308
21,2097,43.331301446616884
21,2098,43.12284369905069
21,2099,42.9143859514845
21,2100,42.705928203918305
21,2101,42.49747045635211
21,2102,42.28901270878592
21,2103,42.080554961219725
21,2104,41.87209721365353
21,2105,41.66363946608734
21,2106,41.455181718521146
21,2107,41.24672397095495
21,2108,41.03826622338876
21,2109,40.82980847582257
21,2110,40.621350728256374
21,2111,40.41289298069018
21,2112,40.20443523312399
21,2113,39.995977485557795
21,2114,39.7875197379916
21,2115,39.57906199042541
21,2116,39.370604242859216
21,2117,39.16214649529302
21,2118,38.95368874772683
22,2119,38.745231000160636
22,2120,38.53677325259444
22,2121,38.32831550502825
22,2122,38.11985775746206
22,2123,37.911400009895864
22,2124,37.70294226232967
22,2125,37.49448451476348
22,2126,37.286026767197285
22,2127,37.07756901963109
22,2128,36.8691112720649
22,2129,36.660653524498706
22,2130,36.45219577693251
22,2131,36.24373802936632
22,2132,36.03528028180013
22,2133,35.82682253423393
22,2134,35.61836478666774
22,2135,35.40990703910155
22,2136,35.201449291535354
22,2137,34.99299154396916
22,2138,34.78453379640297
22,2139,34.576076048836775
22,2140,34.36761830127058
22,2141,34.15916055370439
22,2142,33.950702806138196
22,2143,33.742245058572
22,2144,33.53378731100581
22,2145,33.32532956343962
22,2146,33.116871815873424
22,2147,32.90841406830723
22,2148,32.69995632074104
22,2149,32.491498573174844
22,2150,32.28304082560865
22,2151,32.07458307804246
22,2152,31.866125330476265
22,2153,31.657667582910072
22,2154,31.44920983534388
22,2155,31.240752087777686
22,2156,31.032294340211493
22,2157,30.8238365926453
22,2158,30.615378845079107
22,2159,30.406921097512914
22,2160,30.19846334994672
22,2161,29.990005602380528
22,2162,29.781547854814335
22,2163,29.57309010724814
22,2164,29.36463235968195
22,2165,29.156174612115755
22,2166,28.947716864549562
22,2167,28.73925911698337
22,2168,28.530801369417176
22,2169,28.322343621850983
22,2170,28.312187959792272
22,2171,28.30203229773356
22,2172,28.29187663567485
22,2173,28.28172097361614
22,2174,28.271565311557428
22,2175,28.261409649498717
22,2176,28.251253987440005
22,2177,28.241098325381294
22,2178,28.230942663322583
22,2179,28.220787001263872
22,2180,28.21063133920516
22,2181,28.20047567714645
22,2182,28.19032001508774
22,2183,28.180164353029028
22,2184,28.170008690970317
22,2185,28.159853028911606
22,2186,28.149697366852894
22,2187,28.139541704794183
22,2188,28.129386042735472
22,2189,28.11923038067676
22,2190,28.10907471861805
22,2191,28.09891905655934
22,2192,28.088763394500628
22,2193,28.078607732441917
22,2194,28.068452070383206
22,2195,28.058296408324495
22,2196,28.048140746265783
22,2197,28.037985084207072
22,2198,28.02782942214836
22,2199,28.01767376008965
22,2200,28.00751809803094
22,2201,27.997362435972228
22,2202,27.987206773913517
22,2203,27.977051111854806
22,2204,27.966895449796095
22,2205,27.956739787737384
22,2206,27.946584125678672
22,2207,27.93642846361996
22,2208,27.92627280156125
22,2209,27.91611713950254
22,2210,27.905961477443828
22,2211,27.895805815385117
22,2212,27.885650153326406
22,2213,27.875494491267695
22,2214,27.865338829208984
22,2215,27.855183167150273
22,2216,27.84502750509156
22,2217,27.83487184303285
22,2218,27.82471618097414
22,2219,27.814560518915428
23,2220,27.804404856856717
23,2221,27.794249194798006
23,2222,27.784093532739295
23,2223,27.773937870680584
23,2224,27.763782208621873
23,2225,27.75362654656316
23,2226,27.74347088450445
23,2227,27.73331522244574
23,2228,27.723159560387028
23,2229,27.713003898328317
23,2230,27.702848236269606
23,2231,27.692692574210895
23,2232,27.682536912152184
23,2233,27.672381250093473
23,2234,27.66222558803476
23,2235,27.65206992597605
23,2236,27.64191426391734
23,2237,27.63175860185863
23,2238,27.621602939799917
23,2239,27.611447277741206
23,2240,27.601291615682495
23,2241,27.591135953623784
23,2242,27.580980291565073
23,2243,27.57082462950636
23,2244,27.56066896744765
23,2245,27.55051330538894
23,2246,27.54035764333023
23,2247,27.530201981271517
23,2248,27.520046319212806
23,2249,27.509890657154095
23,2250,27.499734995095384
23,2251,27.489579333036673
23,2252,27.479423670977962
23,2253,27.46926800891925
23,2254,27.45911234686054
23,2255,27.44895668480183
23,2256,27.438801022743117
23,2257,27.428645360684406
23,2258,27.418489698625695
23,2259,27.408334036566984
23,2260,27.398178374508273
23,2261,27.388022712449562
23,2262,27.37786705039085
23,2263,27.36771138833214
23,2264,27.35755572627343
23,2265,27.347400064214717
23,2266,27.337244402156006
23,2267,27.327088740097295
23,2268,27.316933078038584
23,2269,27.306777415979873
23,2270,27.296621753921162
23,2271,27.48768397502967
23,2272,27.67874619613818
23,2273,27.86980841724669
23,2274,28.0608706383552
23,2275,28.25193285946371
23,2276,28.44299508057222
23,2277,28.63405730168073
23,2278,28.82511952278924
23,2279,29.01618174389775
23,2280,29.20724396500626
23,2281,29.39830618611477
23,2282,29.58936840722328
23,2283,29.78043062833179
23,2284,29.9714928494403
23,2285,30.16255507054881
23,2286,30.35361729165732
23,2287,30.54467951276583
23,2288,30.735741733874338
23,2289,30.926803954982848
23,2290,31.117866176091358
23,2291,31.308928397199868
23,2292,31.499990618308377
23,2293,31.691052839416887
23,2294,31.882115060525397
23,2295,32.07317728163391
23,2296,32.26423950274242
23,2297,32.45530172385093
23,2298,32.64636394495944
23,2299,32.83742616606795
23,2300,33.02848838717646
23,2301,33.21955060828497
23,2302,33.41061282939348
23,2303,33.60167505050199
23,2304,33.7927372716105
23,2305,33.98379949271901
23,2306,34.17486171382752
23,2307,34.36592393493603
23,2308,34.55698615604454
23,2309,34.74804837715305
23,2310,34.93911059826156
23,2311,35.13017281937007
23,2312,35.32123504047858
23,2313,35.512297261587086
23,2314,35.703359482695596
23,2315,35.894421703804106
23,2316,36.085483924912616
23,2317,36.276546146021126
23,2318,36.467608367129635
23,2319,36.658670588238145
23,2320,36.849732809346655
24,2321,37.040795030455165
24,2322,37.231857251563675
24,2323,37.422919472672184
24,2324,37.613981693780694
24,2325,37.805043914889204
24,2326,37.996106135997714
24,2327,38.18716835710622
24,2328,38.37823057821473
24,2329,38.56929279932324
24,2330,38.76035502043175
24,2331,38.95141724154026
24,2332,39.14247946264877
24,2333,39.33354168375728
24,2334,39.52460390486579
24,2335,39.7156661259743
24,2336,39.90672834708281
24,2337,40.09779056819132
24,2338,40.28885278929983
24,2339,40.47991501040834
24,2340,40.67097723151685
24,2341,40.86203945262536
24,2342,41.05310167373387
24,2343,41.24416389484238
24,2344,41.43522611595089
24,2345,41.6262883370594
24,2346,41.81735055816791
24,2347,42.00841277927642
24,2348,42.19947500038493
24,2349,42.39053722149344
24,2350,42.58159944260195
24,2351,42.77266166371046
24,2352,42.96372388481897
24,2353,43.15478610592748
24,2354,43.34584832703599
24,2355,43.5369105481445
24,2356,43.72797276925301
24,2357,43.91903499036152
24,2358,44.11009721147003
24,2359,44.30115943257854
24,2360,44.49222165368705
24,2361,44.683283874795556
24,2362,44.874346095904066
24,2363,45.065408317012576
24,2364,45.256470538121086
24,2365,45.447532759229595
24,2366,45.638594980338105
24,2367,45.829657201446615
24,2368,46.020719422555125
24,2369,46.211781643663635
24,2370,46.402843864772144
24,2371,46.797448574990405
24,2372,47.192053285208665
24,2373,47.586657995426926
24,2374,47.981262705645186
24,2375,48.375867415863446
24,2376,48.77047212608171
24,2377,49.16507683629997
24,2378,49.55968154651823
24,2379,49.95428625673649
24,2380,50.34889096695475
24,2381,50.74349567717301
24,2382,51.13810038739127
24,2383,51.53270509760953
24,2384,51.92730980782779
24,2385,52.32191451804605
24,2386,52.71651922826431
24,2387,53.11112393848257
24,2388,53.50572864870083
24,2389,53.90033335891909
24,2390,54.29493806913735
24,2391,54.68954277935561
24,2392,55.08414748957387
24,2393,55.47875219979213
24,2394,55.87335691001039
24,2395,56.267961620228654
24,2396,56.662566330446914
24,2397,57.057171040665175
24,2398,57.451775750883435
24,2399,57.846380461101695
24,2400,58.240985171319956
24,2401,58.635589881538216
24,2402,59.03019459175648
24,2403,59.42479930197474
24,2404,59.819404012193
24,2405,60.21400872241126
24,2406,60.60861343262952
24,2407,61.00321814284778
24,2408,61.39782285306604
24,2409,61.7924275632843
24,2410,62.18703227350256
24,2411,62.58163698372082
24,2412,62.97624169393908
24,2413,63.37084640415734
24,2414,63.7654511143756
24,2415,64.16005582459387
24,2416,64.55466053481213
24,2417,64.94926524503039
24,2418,65.34386995524865
24,2419,65.73847466546691
24,2420,66.13307937568517
25,2421,66.52768408590343
25,2422,66.92228879612169
25,2423,67.31689350633995
25,2424,67.71149821655821
25,2425,68.10610292677647
25,2426,68.50070763699473
25,2427,68.895312347213
25,2428,69.28991705743125
25,2429,69.68452176764951
25,2430,70.07912647786777
25,2431,70.47373118808603
25,2432,70.8683358983043
25,2433,71.26294060852256
25,2434,71.65754531874082
25,2435,72.05215002895908
25,2436,72.44675473917734
25,2437,72.8413594493956
25,2438,73.23596415961386
25,2439,73.63056886983212
25,2440,74.02517358005038
25,2441,74.41977829026864
25,2442,74.8143830004869
25,2443,75.20898771070516
25,2444,75.60359242092342
25,2445,75.99819713114168
25,2446,76.39280184135994
25,2447,76.7874065515782
25,2448,77.18201126179646
25,2449,77.57661597201472
25,2450,77.97122068223298
25,2451,78.36582539245124
25,2452,78.7604301026695
25,2453,79.15503481288776
25,2454,79.54963952310602
25,2455,79.94424423332428
25,2456,80.33884894354254
25,2457,80.7334536537608
25,2458,81.12805836397906
25,2459,81.52266307419733
25,2460,81.91726778441559
25,2461,82.31187249463385
25,2462,82.7064772048521
25,2463,83.10108191507037
25,2464,83.49568662528863
25,2465,83.89029133550689
25,2466,84.28489604572515
25,2467,84.67950075594341
25,2468,85.07410546616167
25,2469,85.46871017637993
25,2470,85.86331488659819
25,2471,86.25791959681645
25,2472,86.85782790204753
25,2473,87.45773620727861
25,2474,88.0576445125097
25,2475,88.65755281774078
25,2476,89.25746112297186
25,2477,89.85736942820294
25,2478,90.45727773343403
25,2479,91.05718603866511
25,2480,91.65709434389619
25,2481,92.25700264912727
25,2482,92.85691095435836
25,2483,93.45681925958944
25,2484,94.05672756482052
25,2485,94.6566358700516
25,2486,95.25654417528268
25,2487,95.85645248051377
25,2488,96.45636078574485
25,2489,97.05626909097593
25,2490,97.65617739620701
25,2491,98.2560857014381
25,2492,98.85599400666918
25,2493,99.45590231190026
25,2494,100.05581061713134
25,2495,99.43437392236243
25,2496,98.81293722759351
25,2497,98.19150053282459
25,2498,97.57006383805567
25,2499,96.94862714328676
25,2500,96.32719044851784
25,2501,95.70575375374892
25,2502,95.08431705898
25,2503,94.46288036421109
25,2504,93.84144366944217
25,2505,93.22000697467325
25,2506,92.59857027990434
25,2507,91.97713358513542
25,2508,91.3556968903665
25,2509,90.73426019559759
25,2510,90.11282350082867
25,2511,89.49138680605975
25,2512,88.86995011129083
25,2513,88.24851341652192
25,2514,87.627076721753
25,2515,87.00564002698408
25,2516,86.38420333221517
25,2517,85.76276663744625
25,2518,85.14132994267733
25,2519,84.51989324790841
25,2520,83.8984565531395
25,2521,83.27701985837058
26,2522,82.65558316360166
26,2523,82.03414646883274
26,2524,81.41270977406383
26,2525,80.79127307929491
26,2526,80.169836384526
26,2527,79.54839968975708
26,2528,78.92696299498816
26,2529,78.30552630021924
26,2530,77.68408960545032
26,2531,77.06265291068141
26,2532,76.44121621591249
26,2533,75.81977952114357
26,2534,75.19834282637466
26,2535,74.57690613160574
26,2536,73.95546943683682
26,2537,73.3340327420679
26,2538,72.71259604729899
26,2539,72.09115935253007
26,2540,71.46972265776115
26,2541,70.84828596299224
26,2542,70.22684926822332
26,2543,69.6054125734544
26,2544,68.98397587868548
26,2545,68.36253918391657
26,2546,67.74110248914765
26,2547,67.11966579437873
26,2548,66.49822909960982
26,2549,65.8767924048409
26,2550,65.25535571007198
26,2551,64.63391901530306
26,2552,64.01248232053415
26,2553,63.39104562576524
26,2554,62.76960893099633
26,2555,62.14817223622742
26,2556,61.52673554145851
26,2557,60.9052988466896
26,2558,60.28386215192069
26,2559,59.66242545715178
26,2560,59.04098876238287
26,2561,58.41955206761396
26,2562,57.79811537284505
26,2563,57.17667867807614
26,2564,56.555241983307226
26,2565,55.933805288538316
26,2566,55.312368593769406
26,2567,54.690931899000496
26,2568,54.069495204231586
26,2569,53.448058509462676
26,2570,52.826621814693766
26,2571,52.205185119924856
26,2572,51.583748425155946
26,2573,51.168848575674936
26,2574,50.753948726193926
26,2575,50.339048876712916
26,2576,49.924149027231906
26,2577,49.509249177750895
26,2578,49.094349328269885
26,2579,48.679449478788875
26,2580,48.264549629307865
26,2581,47.849649779826855
26,2582,47.434749930345845
26,2583,47.019850080864835
26,2584,46.604950231383825
26,2585,46.190050381902815
26,2586,45.775150532421804
26,2587,45.360250682940794
26,2588,44.945350833459784
26,2589,44.530450983978774
26,2590,44.115551134497764
26,2591,43.700651285016754
26,2592,43.285751435535744
26,2593,42.870851586054734
26,2594,42.455951736573724
26,2595,42.04105188709271
26,2596,41.6261520376117
26,2597,41.21125218813069
26,2598,40.79635233864968
26,2599,40.38145248916867
26,2600,39.96655263968766
26,2601,39.55165279020665
26,2602,39.13675294072564
26,2603,38.72185309124463
26,2604,38.30695324176362
26,2605,37.89205339228261
26,2606,37.4771535428016
26,2607,37.06225369332059
26,2608,36.64735384383958
26,2609,36.23245399435857
26,2610,35.81755414487756
26,2611,35.40265429539655
26,2612,34.98775444591554
26,2613,34.57285459643453
26,2614,34.15795474695352
26,2615,33.74305489747251
26,2616,33.3281550479915
26,2617,32.91325519851049
26,2618,32.49835534902948
26,2619,32.08345549954847
26,2620,31.668555650067464
26,2621,31.253655800586458
26,2622,30.83875595110545
27,2623,30.423856101624445
27,2624,30.008956252143438
27,2625,29.59405640266243
27,2626,29.179156553181425
27,2627,28.76425670370042
27,2628,28.349356854219412
27,2629,27.934457004738405
27,2630,27.5195571552574
27,2631,27.104657305776392
27,2632,26.689757456295386
27,2633,26.27485760681438
27,2634,25.859957757333373
27,2635,25.445057907852366
27,2636,25.03015805837136
27,2637,24.615258208890353
27,2638,24.200358359409346
27,2639,23.78545850992834
27,2640,23.370558660447333
27,2641,22.955658810966327
27,2642,22.54075896148532
27,2643,22.125859112004314
27,2644,21.710959262523307
27,2645,21.2960594130423
27,2646,20.881159563561294
27,2647,20.466259714080287
27,2648,20.05135986459928
27,2649,19.636460015118274
27,2650,19.221560165637268
27,2651,18.80666031615626
27,2652,18.391760466675255
27,2653,17.976860617194248
27,2654,17.56196076771324
27,2655,17.147060918232235
27,2656,16.73216106875123
27,2657,16.31726121927022
27,2658,15.902361369789213
27,2659,15.487461520308205
27,2660,15.072561670827197
27,2661,14.657661821346188
27,2662,14.24276197186518
27,2663,13.827862122384172
27,2664,13.412962272903163
27,2665,12.998062423422155
27,2666,12.583162573941147
27,2667,12.168262724460138
27,2668,11.75336287497913
27,2669,11.338463025498122
27,2670,10.923563176017113
27,2671,10.508663326536105
27,2672,10.093763477055097
27,2673,9.678863627574088
27,2674,9.471249153088797
27,2675,9.263634678603506
27,2676,9.056020204118214
27,2677,8.848405729632923
27,2678,8.640791255147631
27,2679,8.43317678066234
27,2680,8.225562306177048
27,2681,8.017947831691757
27,2682,7.810333357206465
27,2683,7.602718882721174
27,2684,7.395104408235882
27,2685,7.187489933750591
27,2686,6.979875459265299
27,2687,6.772260984780008
27,2688,6.5646465102947165
27,2689,6.357032035809425
27,2690,6.1494175613241335
27,2691,5.941803086838842
27,2692,5.734188612353551
27,2693,5.526574137868259
27,2694,5.318959663382968
27,2695,5.111345188897676
27,2696,4.903730714412385
27,2697,4.696116239927093
27,2698,4.488501765441802
27,2699,4.28088729095651
27,2700,4.073272816471219
27,2701,3.8656583419859274
27,2702,3.658043867500636
27,2703,3.4504293930153445
27,2704,3.242814918530053
27,2705,3.0352004440447615
27,2706,2.82758596955947
27,2707,2.6199714950741786
27,2708,2.412357020588887
27,2709,2.2047425461035957
27,2710,1.9971280716183044
27,2711,1.7895135971330132
27,2712,1.581899122647722
27,2713,1.3742846481624307
27,2714,1.1666701736771394
27,2715,0.9590556991918481
27,2716,0.7514412247065567
27,2717,0.5438267502212654
27,2718,0.336212275735974
27,2719,0.12859780125068268
27,2720,-0.07901667323460865
27,2721,-0.28663114771989995
27,2722,-0.4942456222051913
27,2723,-0.7018600966904827
28,2724,-0.909474571175774
28,2725,-1.1170890456610654
28,2726,-1.3247035201463566
28,2727,-1.5323179946316479
28,2728,-1.739932469116939
28,2729,-1.9475469436022304
28,2730,-2.1551614180875216
28,2731,-2.362775892572813
28,2732,-2.5703903670581045
28,2733,-2.778004841543396
28,2734,-2.9856193160286875
28,2735,-3.193233790513979
28,2736,-3.4008482649992704
28,2737,-3.608462739484562
28,2738,-3.8160772139698533
28,2739,-4.023691688455145
28,2740,-4.231306162940436
28,2741,-4.438920637425728
28,2742,-4.646535111911019
28,2743,-4.854149586396311
28,2744,-5.061764060881602
28,2745,-5.269378535366894
28,2746,-5.476993009852185
28,2747,-5.6846074843374765
28,2748,-5.892221958822768
28,2749,-6.0998364333080595
28,2750,-6.307450907793351
28,2751,-6.515065382278642
28,2752,-6.722679856763934
28,2753,-6.930294331249225
28,2754,-7.137908805734517
28,2755,-7.345523280219808
28,2756,-7.5531377547051
28,2757,-7.760752229190391
28,2758,-7.968366703675683
28,2759,-8.175981178160974
28,2760,-8.383595652646266
28,2761,-8.591210127131557
28,2762,-8.798824601616849
28,2763,-9.00643907610214
28,2764,-9.214053550587431
28,2765,-9.421668025072723
28,2766,-9.629282499558014
28,2767,-9.836896974043306
28,2768,-10.044511448528597
28,2769,-10.252125923013889
28,2770,-10.45974039749918
28,2771,-10.667354871984472
28,2772,-10.874969346469763
28,2773,-11.082583820955055
28,2774,-11.290198295440346
28,2775,-11.497812769925638
28,2776,-11.495584803168114
28,2777,-11.493356836410591
28,2778,-11.491128869653068
28,2779,-11.488900902895544
28,2780,-11.48667293613802
28,2781,-11.484444969380498
28,2782,-11.482217002622974
28,2783,-11.47998903586545
28,2784,-11.477761069107927
28,2785,-11.475533102350404
28,2786,-11.47330513559288
28,2787,-11.471077168835357
28,2788,-11.468849202077834
28,2789,-11.46662123532031
28,2790,-11.464393268562787
28,2791,-11.462165301805264
28,2792,-11.45993733504774
28,2793,-11.457709368290217
28,2794,-11.455481401532694
28,2795,-11.45325343477517
28,2796,-11.451025468017647
28,2797,-11.448797501260124
28,2798,-11.4465695345026
28,2799,-11.444341567745077
28,2800,-11.442113600987554
28,2801,-11.43988563423003
28,2802,-11.437657667472507
28,2803,-11.435429700714984
28,2804,-11.43320173395746
28,2805,-11.430973767199937
28,2806,-11.428745800442414
28,2807,-11.42651783368489
28,2808,-11.424289866927367
28,2809,-11.422061900169844
28,2810,-11.41983393341232
28,2811,-11.417605966654797
28,2812,-11.415377999897274
28,2813,-11.41315003313975
28,2814,-11.410922066382227
28,2815,-11.408694099624704
28,2816,-11.40646613286718
28,2817,-11.404238166109657
28,2818,-11.402010199352134
28,2819,-11.39978223259461
28,2820,-11.397554265837087
28,2821,-11.395326299079564
28,2822,-11.39309833232204
28,2823,-11.390870365564517
28,2824,-11.388642398806994
28,2825,-11.38641443204947
29,2826,-11.384186465291947
29,2827,-11.381958498534424
29,2828,-11.3797305317769
29,2829,-11.377502565019377
29,2830,-11.375274598261853
29,2831,-11.37304663150433
29,2832,-11.370818664746807
29,2833,-11.368590697989283
29,2834,-11.36636273123176
29,2835,-11.364134764474237
29,2836,-11.361906797716713
29,2837,-11.35967883095919
29,2838,-11.357450864201667
29,2839,-11.355222897444143
29,2840,-11.35299493068662
29,2841,-11.350766963929097
29,2842,-11.348538997171573
29,2843,-11.34631103041405
29,2844,-11.344083063656527
29,2845,-11.341855096899003
29,2846,-11.33962713014148
29,2847,-11.337399163383957
29,2848,-11.335171196626433
29,2849,-11.33294322986891
29,2850,-11.330715263111387
29,2851,-11.328487296353863
29,2852,-11.32625932959634
29,2853,-11.324031362838817
29,2854,-11.321803396081293
29,2855,-11.31957542932377
29,2856,-11.317347462566246
29,2857,-11.315119495808723
29,2858,-11.3128915290512
29,2859,-11.310663562293676
29,2860,-11.308435595536153
29,2861,-11.30620762877863
29,2862,-11.303979662021106
29,2863,-11.301751695263583
29,2864,-11.29952372850606
29,2865,-11.297295761748536
29,2866,-11.295067794991013
29,2867,-11.29283982823349
29,2868,-11.290611861475966
29,2869,-11.288383894718443
29,2870,-11.28615592796092
29,2871,-11.283927961203396
29,2872,-11.281699994445873
29,2873,-11.27947202768835
29,2874,-11.277244060930826
29,2875,-11.275016094173303
29,2876,-11.06740161968801
29,2877,-10.859787145202716
29,2878,-10.652172670717423
29,2879,-10.44455819623213
29,2880,-10.236943721746837
29,2881,-10.029329247261543
29,2882,-9.82171477277625
29,2883,-9.614100298290957
29,2884,-9.406485823805664
29,2885,-9.19887134932037
29,2886,-8.991256874835077
29,2887,-8.783642400349784
29,2888,-8.57602792586449
29,2889,-8.368413451379197
29,2890,-8.160798976893904
29,2891,-7.95318450240861
29,2892,-7.745570027923316
29,2893,-7.537955553438022
29,2894,-7.330341078952728
29,2895,-7.1227266044674336
29,2896,-6.915112129982139
29,2897,-6.707497655496845
29,2898,-6.499883181011551
29,2899,-6.292268706526257
29,2900,-6.084654232040963
29,2901,-5.877039757555669
29,2902,-5.669425283070375
29,2903,-5.4618108085850805
29,2904,-5.254196334099786
29,2905,-5.046581859614492
29,2906,-4.838967385129198
29,2907,-4.631352910643904
29,2908,-4.42373843615861
29,2909,-4.216123961673316
29,2910,-4.008509487188022
29,2911,-3.8008950127027274
29,2912,-3.5932805382174333
29,2913,-3.385666063732139
29,2914,-3.178051589246845
29,2915,-2.970437114761551
29,2916,-2.762822640276257
29,2917,-2.5552081657909627
29,2918,-2.3475936913056685
29,2919,-2.1399792168203744
29,2920,-1.9323647423350803
29,2921,-1.7247502678497861
29,2922,-1.517135793364492
29,2923,-1.3095213188791979
29,2924,-1.1019068443939037
29,2925,-0.8942923699086096
30,2926,-0.6866778954233155
30,2927,-0.4790634209380214
30,2928,-0.2714489464527273
30,2929,-0.06383447196743325
30,2930,0.14378000251786083
30,2931,0.3513944770031549
30,2932,0.559008951488449
30,2933,0.766623425973743
30,2934,0.9742379004590371
30,2935,1.1818523749443313
30,2936,1.3894668494296254
30,2937,1.5970813239149195
30,2938,1.8046957984002137
30,2939,2.012310272885508
30,2940,2.219924747370802
30,2941,2.427539221856096
30,2942,2.63515369634139
30,2943,2.8427681708266843
30,2944,3.0503826453119784
30,2945,3.2579971197972726
30,2946,3.4656115942825667
30,2947,3.673226068767861
30,2948,3.880840543253155
30,2949,4.088455017738449
30,2950,4.296069492223743
30,2951,4.503683966709037
30,2952,4.711298441194331
30,2953,4.918912915679625
30,2954,5.126527390164919
30,2955,5.3341418646502134
30,2956,5.541756339135508
30,2957,5.749370813620802
30,2958,5.956985288106096
30,2959,6.16459976259139
30,2960,6.372214237076684
30,2961,6.579828711561978
30,2962,6.787443186047272
30,2963,6.9950576605325665
30,2964,7.202672135017861
30,2965,7.410286609503155
30,2966,7.617901083988449
30,2967,7.825515558473743
30,2968,8.033130032959036
30,2969,8.24074450744433
30,2970,8.448358981929623
30,2971,8.655973456414916
30,2972,8.86358793090021
30,2973,9.071202405385502
30,2974,9.278816879870796
30,2975,9.486431354356089
30,2976,9.694045828841382
30,2977,10.108945678322392
30,2978,10.523845527803402
30,2979,10.938745377284413
30,2980,11.353645226765423
30,2981,11.768545076246433
30,2982,12.183444925727443
30,2983,12.598344775208453
30,2984,13.013244624689463
30,2985,13.428144474170473
30,2986,13.843044323651483
30,2987,14.257944173132493
30,2988,14.672844022613504
30,2989,15.087743872094514
30,2990,15.502643721575524
30,2991,15.917543571056534
30,2992,16.332443420537544
30,2993,16.747343270018554
30,2994,17.162243119499564
30,2995,17.577142968980574
30,2996,17.992042818461584
30,2997,18.406942667942594
30,2998,18.821842517423605
30,2999,19.236742366904615
30,3000,19.651642216385625
30,3001,20.066542065866635
30,3002,20.481441915347645
30,3003,20.896341764828655
30,3004,21.311241614309665
30,3005,21.726141463790675
30,3006,22.141041313271685
30,3007,22.555941162752696
30,3008,22.970841012233706
30,3009,23.385740861714716
30,3010,23.800640711195726
30,3011,24.215540560676736
30,3012,24.630440410157746
30,3013,25.045340259638756
30,3014,25.460240109119766
30,3015,25.875139958600776
30,3016,26.290039808081787
30,3017,26.704939657562797
30,3018,27.119839507043807
30,3019,27.534739356524817
30,3020,27.949639206005827
30,3021,28.364539055486837
30,3022,28.779438904967847
30,3023,29.194338754448857
30,3024,29.609238603929867
30,3025,30.024138453410878
30,3026,30.439038302891888
31,3027,30.853938152372898
31,3028,31.268838001853908
31,3029,31.683737851334918
31,3030,32.09863770081593
31,3031,32.51353755029694
31,3032,32.92843739977795
31,3033,33.34333724925896
31,3034,33.75823709873997
31,3035,34.17313694822098
31,3036,34.58803679770199
31,3037,35.002936647183
31,3038,35.41783649666401
31,3039,35.83273634614502
31,3040,36.24763619562603
31,3041,36.66253604510704
31,3042,37.07743589458805
31,3043,37.49233574406906
31,3044,37.90723559355007
31,3045,38.32213544303108
31,3046,38.73703529251209
31,3047,39.1519351419931
31,3048,39.56683499147411
31,3049,39.98173484095512
31,3050,40.39663469043613
31,3051,40.81153453991714
31,3052,41.22643438939815
31,3053,41.64133423887916
31,3054,42.05623408836017
31,3055,42.47113393784118
31,3056,42.88603378732219
31,3057,43.3009336368032
31,3058,43.71583348628421
31,3059,44.13073333576522
31,3060,44.54563318524623
31,3061,44.96053303472724
31,3062,45.37543288420825
31,3063,45.79033273368926
31,3064,46.20523258317027
31,3065,46.62013243265128
31,3066,47.03503228213229
31,3067,47.4499321316133
31,3068,47.86483198109431
31,3069,48.27973183057532
31,3070,48.69463168005633
31,3071,49.10953152953734
31,3072,49.52443137901835
31,3073,49.93933122849936
31,3074,50.35423107798037
31,3075,50.76913092746138
31,3076,51.18403077694239
31,3077,51.5989306264234
31,3078,52.22036732119231
31,3079,52.84180401596123
31,3080,53.46324071073015
31,3081,54.084677405499065
31,3082,54.70611410026798
31,3083,55.3275507950369
31,3084,55.948987489805816
31,3085,56.57042418457473
31,3086,57.19186087934365
31,3087,57.81329757411257
31,3088,58.434734268881485
31,3089,59.0561709636504
31,3090,59.67760765841932
31,3091,60.299044353188236
31,3092,60.92048104795715
31,3093,61.54191774272607
31,3094,62.16335443749499
31,3095,62.784791132263905
31,3096,63.40622782703282
31,3097,64.02766452180174
31,3098,64.64910121657066
31,3099,65.27053791133957
31,3100,65.89197460610849
31,3101,66.51341130087741
31,3102,67.13484799564633
31,3103,67.75628469041524
31,3104,68.37772138518416
31,3105,68.99915807995308
31,3106,69.620594774722
31,3107,70.24203146949091
31,3108,70.86346816425983
31,3109,71.48490485902875
31,3110,72.10634155379766
31,3111,72.72777824856658
31,3112,73.3492149433355
31,3113,73.97065163810441
31,3114,74.59208833287333
31,3115,75.21352502764225
31,3116,75.83496172241117
31,3117,76.45639841718008
31,3118,77.077835111949
31,3119,77.69927180671792
31,3120,78.32070850148683
31,3121,78.94214519625575
31,3122,79.56358189102467
31,3123,80.18501858579359
31,3124,80.8064552805625
31,3125,81.42789197533142
31,3126,82.04932867010034
31,3127,82.67076536486925
32,3128,83.29220205963817
32,3129,83.91363875440709
32,3130,84.535075449176
32,3131,85.15651214394492
32,3132,85.77794883871384
32,3133,86.39938553348276
32,3134,87.02082222825167
32,3135,87.64225892302059
32,3136,88.26369561778951
32,3137,88.88513231255843
32,3138,89.50656900732734
32,3139,90.12800570209626
32,3140,90.74944239686518
32,3141,91.3708790916341
32,3142,91.99231578640301
32,3143,92.61375248117193
32,3144,93.23518917594085
32,3145,93.85662587070976
32,3146,94.47806256547868
32,3147,95.0994992602476
32,3148,95.72093595501651
32,3149,96.34237264978543
32,3150,96.96380934455435
32,3151,97.58524603932327
32,3152,98.20668273409218
32,3153,98.8281194288611
32,3154,99.44955612363002
32,3155,98.84964781839894
32,3156,98.24973951316785
32,3157,97.64983120793677
32,3158,97.04992290270569
32,3159,96.4500145974746
32,3160,95.85010629224352
32,3161,95.25019798701244
32,3162,94.65028968178136
32,3163,94.05038137655028
32,3164,93.4504730713192
32,3165,92.85056476608811
32,3166,92.25065646085703
32,3167,91.65074815562595
32,3168,91.05083985039487
32,3169,90.45093154516378
32,3170,89.8510232399327
32,3171,89.25111493470162
32,3172,88.65120662947054
32,3173,88.05129832423945
32,3174,87.45139001900837
32,3175,86.85148171377729
32,3176,86.25157340854621
32,3177,85.65166510331512
32,3178,85.05175679808404
32,3179,84.65715208786578
32,3180,84.26254737764752
32,3181,83.86794266742926
32,3182,83.473337957211
32,3183,83.07873324699274
32,3184,82.68412853677448
32,3185,82.28952382655622
32,3186,81.89491911633796
32,3187,81.5003144061197
32,3188,81.10570969590144
32,3189,80.71110498568318
32,3190,80.31650027546492
32,3191,79.92189556524666
32,3192,79.5272908550284
32,3193,79.13268614481014
32,3194,78.73808143459188
32,3195,78.34347672437362
32,3196,77.94887201415536
32,3197,77.5542673039371
32,3198,77.15966259371883
32,3199,76.76505788350057
32,3200,76.37045317328231
32,3201,75.97584846306405
32,3202,75.5812437528458
32,3203,75.18663904262753
32,3204,74.79203433240927
32,3205,74.39742962219101
32,3206,74.00282491197275
32,3207,73.60822020175449
32,3208,73.21361549153623
32,3209,72.81901078131797
32,3210,72.42440607109971
32,3211,72.02980136088145
32,3212,71.63519665066319
32,3213,71.24059194044493
32,3214,70.84598723022667
32,3215,70.45138252000841
32,3216,70.05677780979015
32,3217,69.66217309957189
32,3218,69.26756838935363
32,3219,68.87296367913537
32,3220,68.4783589689171
32,3221,68.08375425869885
32,3222,67.68914954848059
32,3223,67.29454483826233
32,3224,66.89994012804407
32,3225,66.5053354178258
32,3226,66.11073070760754
32,3227,65.71612599738928
32,3228,65.32152128717102
33,3229,64.92691657695276
33,3230,64.5323118667345
33,3231,64.13770715651624
33,3232,63.74310244629798
33,3233,63.34849773607972
33,3234,62.95389302586146
33,3235,62.5592883156432
33,3236,62.16468360542494
33,3237,61.77007889520668
33,3238,61.37547418498842
33,3239,60.98086947477016
33,3240,60.5862647645519
33,3241,60.19166005433364
33,3242,59.79705534411538
33,3243,59.40245063389712
33,3244,59.00784592367886
33,3245,58.6132412134606
33,3246,58.21863650324234
33,3247,57.824031793024076
33,3248,57.429427082805816
33,3249,57.034822372587556
33,3250,56.640217662369295
33,3251,56.245612952151035
33,3252,55.851008241932774
33,3253,55.456403531714514
33,3254,55.061798821496254
33,3255,54.66719411127799
33,3256,54.27258940105973
33,3257,53.87798469084147
33,3258,53.48337998062321
33,3259,53.08877527040495
33,3260,52.69417056018669
33,3261,52.29956584996843
33,3262,51.90496113975017
33,3263,51.51035642953191
33,3264,51.11575171931365
33,3265,50.72114700909539
33,3266,50.32654229887713
33,3267,49.93193758865887
33,3268,49.53733287844061
33,3269,49.14272816822235
33,3270,48.74812345800409
33,3271,48.35351874778583
33,3272,47.95891403756757
33,3273,47.56430932734931
33,3274,47.169704617131046
33,3275,46.775099906912786
33,3276,46.380495196694525
33,3277,45.985890486476265
33,3278,45.591285776258005
33,3279,45.196681066039744
33,3280,45.005618844931234
33,3281,44.814556623822725
33,3282,44.623494402714215
33,3283,44.432432181605705
33,3284,44.241369960497195
33,3285,44.050307739388685
33,3286,43.859245518280176
33,3287,43.668183297171666
33,3288,43.477121076063156
33,3289,43.286058854954646
33,3290,43.09499663384614
33,3291,42.90393441273763
33,3292,42.71287219162912
33,3293,42.52180997052061
33,3294,42.3307477494121
33,3295,42.13968552830359
33,3296,41.94862330719508
33,3297,41.75756108608657
33,3298,41.56649886497806
33,3299,41.37543664386955
33,3300,41.18437442276104
33,3301,40.99331220165253
33,3302,40.80224998054402
33,3303,40.61118775943551
33,3304,40.420125538327
33,3305,40.22906331721849
33,3306,40.03800109610998
33,3307,39.84693887500147
33,3308,39.65587665389296
33,3309,39.46481443278445
33,3310,39.27375221167594
33,3311,39.08268999056743
33,3312,38.89162776945892
33,3313,38.70056554835041
33,3314,38.5095033272419
33,3315,38.31844110613339
33,3316,38.12737888502488
33,3317,37.93631666391637
33,3318,37.74525444280786
33,3319,37.55419222169935
33,3320,37.36313000059084
33,3321,37.17206777948233
33,3322,36.98100555837382
33,3323,36.78994333726531
33,3324,36.598881116156804
33,3325,36.407818895048294
33,3326,36.216756673939784
33,3327,36.025694452831274
33,3328,35.834632231722765
34,3329,35.643570010614255
34,3330,35.452507789505745
34,3331,35.261445568397235
34,3332,35.070383347288725
34,3333,34.879321126180216
34,3334,34.688258905071706
34,3335,34.497196683963196
34,3336,34.306134462854686
34,3337,34.11507224174618
34,3338,33.92401002063767
34,3339,33.73294779952916
34,3340,33.54188557842065
34,3341,33.35082335731214
34,3342,33.15976113620363
34,3343,32.96869891509512
34,3344,32.77763669398661
34,3345,32.5865744728781
34,3346,32.39551225176959
34,3347,32.20445003066108
34,3348,32.01338780955257
34,3349,31.82232558844406
34,3350,31.63126336733555
34,3351,31.44020114622704
34,3352,31.24913892511853
34,3353,31.05807670401002
34,3354,30.86701448290151
34,3355,30.675952261793
34,3356,30.48489004068449
34,3357,30.29382781957598
34,3358,30.10276559846747
34,3359,29.91170337735896
34,3360,29.72064115625045
34,3361,29.52957893514194
34,3362,29.33851671403343
34,3363,29.147454492924922
34,3364,28.956392271816412
34,3365,28.765330050707902
34,3366,28.574267829599393
34,3367,28.383205608490883
34,3368,28.192143387382373
34,3369,28.001081166273863
34,3370,27.810018945165353
34,3371,27.618956724056844
34,3372,27.427894502948334
34,3373,27.236832281839824
34,3374,27.045770060731314
34,3375,26.854707839622804
34,3376,26.663645618514295
34,3377,26.472583397405785
34,3378,26.281521176297275
34,3379,26.090458955188765
34,3380,26.10061461724748
34,3381,26.110770279306195
34,3382,26.12092594136491
34,3383,26.131081603423624
34,3384,26.14123726548234
34,3385,26.151392927541053
34,3386,26.161548589599768
34,3387,26.171704251658483
34,3388,26.181859913717197
34,3389,26.192015575775912
34,3390,26.202171237834627
34,3391,26.21232689989334
34,3392,26.222482561952056
34,3393,26.23263822401077
34,3394,26.242793886069485
34,3395,26.2529495481282
34,3396,26.263105210186914
34,3397,26.27326087224563
34,3398,26.283416534304344
34,3399,26.29357219636306
34,3400,26.303727858421773
34,3401,26.313883520480488
34,3402,26.324039182539202
34,3403,26.334194844597917
34,3404,26.34435050665663
34,3405,26.354506168715346
34,3406,26.36466183077406
34,3407,26.374817492832776
34,3408,26.38497315489149
34,3409,26.395128816950205
34,3410,26.40528447900892
34,3411,26.415440141067634
34,3412,26.42559580312635
34,3413,26.435751465185064
34,3414,26.44590712724378
34,3415,26.456062789302493
34,3416,26.466218451361208
34,3417,26.476374113419922
34,3418,26.486529775478637
34,3419,26.49668543753735
34,3420,26.506841099596066
34,3421,26.51699676165478
34,3422,26.527152423713495
34,3423,26.53730808577221
34,3424,26.547463747830925
34,3425,26.55761940988964
34,3426,26.567775071948354
34,3427,26.57793073400707
34,3428,26.588086396065783
34,3429,26.598242058124498
35,3430,26.608397720183213
35,3431,26.618553382241927
35,3432,26.628709044300642
35,3433,26.638864706359357
35,3434,26.64902036841807
35,3435,26.659176030476786
35,3436,26.6693316925355
35,3437,26.679487354594215
35,3438,26.68964301665293
35,3439,26.699798678711645
35,3440,26.70995434077036
35,3441,26.720110002829074
35,3442,26.73026566488779
35,3443,26.740421326946503
35,3444,26.750576989005218
35,3445,26.760732651063933
35,3446,26.770888313122647
35,3447,26.781043975181362
35,3448,26.791199637240076
35,3449,26.80135529929879
35,3450,26.811510961357506
35,3451,26.82166662341622
35,3452,26.831822285474935
35,3453,26.84197794753365
35,3454,26.852133609592364
35,3455,26.86228927165108
35,3456,26.872444933709794
35,3457,26.88260059576851
35,3458,26.892756257827223
35,3459,26.902911919885938
35,3460,26.913067581944652
35,3461,26.923223244003367
35,3462,26.93337890606208
35,3463,26.943534568120796
35,3464,26.95369023017951
35,3465,26.963845892238226
35,3466,26.97400155429694
35,3467,26.984157216355655
35,3468,26.99431287841437
35,3469,27.004468540473084
35,3470,27.0146242025318
35,3471,27.024779864590514
35,3472,27.034935526649228
35,3473,27.045091188707943
35,3474,27.055246850766657
35,3475,27.065402512825372
35,3476,27.075558174884087
35,3477,27.0857138369428
35,3478,27.095869499001516
35,3479,27.10602516106023
35,3480,27.116180823118945
35,3481,27.324638570685142
35,3482,27.53309631825134
35,3483,27.741554065817535
35,3484,27.950011813383732
35,3485,28.15846956094993
35,3486,28.366927308516125
35,3487,28.57538505608232
35,3488,28.78384280364852
35,3489,28.992300551214715
35,3490,29.20075829878091
35,3491,29.409216046347108
35,3492,29.617673793913305
35,3493,29.8261315414795
35,3494,30.034589289045698
35,3495,30.243047036611895
35,3496,30.45150478417809
35,3497,30.659962531744288
35,3498,30.868420279310484
35,3499,31.07687802687668
35,3500,31.285335774442878
35,3501,31.493793522009074
35,3502,31.70225126957527
35,3503,31.910709017141468
35,3504,32.119166764707664
35,3505,32.32762451227386
35,3506,32.53608225984005
35,3507,32.74454000740624
35,3508,32.952997754972436
35,3509,33.16145550253863
35,3510,33.36991325010482
35,3511,33.578370997671016
35,3512,33.78682874523721
35,3513,33.9952864928034
35,3514,34.203744240369595
35,3515,34.41220198793579
35,3516,34.62065973550198
35,3517,34.829117483068174
35,3518,35.03757523063437
35,3519,35.24603297820056
35,3520,35.45449072576675
35,3521,35.662948473332946
35,3522,35.87140622089914
35,3523,36.07986396846533
35,3524,36.288321716031525
35,3525,36.49677946359772
35,3526,36.70523721116391
35,3527,36.913694958730105
35,3528,37.1221527062963
35,3529,37.33061045386249
35,3530,37.539068201428684
36,3531,37.74752594899488
36,3532,37.95598369656107
36,3533,38.16444144412726
36,3534,38.372899191693456
36,3535,38.58135693925965
36,3536,38.78981468682584
36,3537,38.998272434392035
36,3538,39.20673018195823
36,3539,39.41518792952442
36,3540,39.623645677090614
36,3541,39.83210342465681
36,3542,40.040561172223
36,3543,40.249018919789194
36,3544,40.45747666735539
36,3545,40.66593441492158
36,3546,40.87439216248777
36,3547,41.082849910053966
36,3548,41.29130765762016
36,3549,41.49976540518635
36,3550,41.708223152752545
36,3551,41.91668090031874
36,3552,42.12513864788493
36,3553,42.333596395451124
36,3554,42.54205414301732
36,3555,42.75051189058351
36,3556,42.9589696381497
36,3557,43.1674273857159
36,3558,43.37588513328209
36,3559,43.58434288084828
36,3560,43.792800628414476
36,3561,44.00125837598067
36,3562,44.20971612354686
36,3563,44.418173871113055
36,3564,44.62663161867925
36,3565,44.83508936624544
36,3566,45.043547113811634
36,3567,45.25200486137783
36,3568,45.46046260894402
36,3569,45.66892035651021
36,3570,45.877378104076406
36,3571,46.0858358516426
36,3572,46.29429359920879
36,3573,46.502751346774986
36,3574,46.71120909434118
36,3575,46.91966684190737
36,3576,47.128124589473565
36,3577,47.33658233703976
36,3578,47.54504008460595
36,3579,47.753497832172144
36,3580,47.96195557973834
36,3581,48.17041332730453
36,3582,48.573643205997925
36,3583,48.97687308469132
36,3584,49.380102963384715
36,3585,49.78333284207811
36,3586,50.186562720771505
36,3587,50.5897925994649
36,3588,50.993022478158295
36,3589,51.39625235685169
36,3590,51.799482235545085
36,3591,52.20271211423848
36,3592,52.605941992931875
36,3593,53.00917187162527
36,3594,53.412401750318665
36,3595,53.81563162901206
36,3596,54.218861507705455
36,3597,54.62209138639885
36,3598,55.025321265092245
36,3599,55.42855114378564
36,3600,55.831781022479035
36,3601,56.23501090117243
36,3602,56.638240779865825
36,3603,57.04147065855922
36,3604,57.444700537252615
36,3605,57.84793041594601
36,3606,58.251160294639405
36,3607,58.6543901733328
36,3608,59.057620052026195
36,3609,59.46084993071959
36,3610,59.864079809412985
36,3611,60.26730968810638
36,3612,60.670539566799775
36,3613,61.07376944549317
36,3614,61.476999324186565
36,3615,61.88022920287996
36,3616,62.283459081573355
36,3617,62.68668896026675
36,3618,63.089918838960145
36,3619,63.49314871765354
36,3620,63.896378596346935
36,3621,64.29960847504033
36,3622,64.70283835373372
36,3623,65.10606823242712
36,3624,65.50929811112051
36,3625,65.91252798981391
36,3626,66.3157578685073
36,3627,66.7189877472007
36,3628,67.1222176258941
36,3629,67.52544750458749
36,3630,67.92867738328088
36,3631,68.33190726197428
37,3632,68.73513714066767
37,3633,69.13836701936107
37,3634,69.54159689805446
37,3635,69.94482677674786
37,3636,70.34805665544125
37,3637,70.75128653413465
37,3638,71.15451641282804
37,3639,71.55774629152144
37,3640,71.96097617021483
37,3641,72.36420604890823
37,3642,72.76743592760162
37,3643,73.17066580629502
37,3644,73.57389568498841
37,3645,73.97712556368181
37,3646,74.3803554423752
37,3647,74.7835853210686
37,3648,75.186815199762
37,3649,75.59004507845539
37,3650,75.99327495714878
37,3651,76.39650483584218
37,3652,76.79973471453557
37,3653,77.20296459322897
37,3654,77.60619447192236
37,3655,78.00942435061576
37,3656,78.41265422930915
37,3657,78.81588410800255
37,3658,79.21911398669594
37,3659,79.62234386538934
37,3660,80.02557374408273
37,3661,80.42880362277613
37,3662,80.83203350146952
37,3663,81.23526338016292
37,3664,81.63849325885631
37,3665,82.04172313754971
37,3666,82.4449530162431
37,3667,82.8481828949365
37,3668,83.2514127736299
37,3669,83.65464265232329
37,3670,84.05787253101668
37,3671,84.46110240971008
37,3672,84.86433228840347
37,3673,85.26756216709687
37,3674,85.67079204579026
37,3675,86.07402192448366
37,3676,86.47725180317705
37,3677,86.88048168187045
37,3678,87.28371156056384
37,3679,87.68694143925724
37,3680,88.09017131795063
37,3681,88.49340119664403
37,3682,88.89663107533742
37,3683,89.4904673268228
37,3684,90.08430357830817
37,3685,90.67813982979354
37,3686,91.27197608127891
37,3687,91.86581233276428
37,3688,92.45964858424965
37,3689,93.05348483573502
37,3690,93.64732108722039
37,3691,94.24115733870576
37,3692,94.83499359019113
37,3693,95.4288298416765
37,3694,96.02266609316187
37,3695,96.61650234464724
37,3696,97.21033859613262
37,3697,97.80417484761799
37,3698,98.39801109910336
37,3699,98.99184735058873
37,3700,98.36433860207408
37,3701,97.73682985355944
37,3702,97.1093211050448
37,3703,96.48181235653016
37,3704,95.85430360801551
37,3705,95.22679485950087
37,3706,94.59928611098623
37,3707,93.97177736247158
37,3708,93.34426861395694
37,3709,92.7167598654423
37,3710,92.08925111692766
37,3711,91.46174236841301
37,3712,90.83423361989837
37,3713,90.20672487138373
37,3714,89.57921612286908
37,3715,88.95170737435444
37,3716,88.3241986258398
37,3717,87.69668987732516
37,3718,87.06918112881051
37,3719,86.44167238029587
37,3720,85.81416363178123
37,3721,85.18665488326658
37,3722,84.55914613475194
37,3723,83.9316373862373
37,3724,83.30412863772266
37,3725,82.67661988920801
37,3726,82.04911114069337
37,3727,81.42160239217873
37,3728,80.79409364366408
37,3729,80.16658489514944
37,3730,79.5390761466348
37,3731,78.91156739812016
37,3732,78.28405864960551
38,3733,77.65654990109087
38,3734,77.02904115257623
38,3735,76.40153240406158
38,3736,75.77402365554694
38,3737,75.1465149070323
38,3738,74.51900615851766
38,3739,73.89149741000301
38,3740,73.26398866148837
38,3741,72.63647991297373
38,3742,72.00897116445908
38,3743,71.38146241594444
38,3744,70.7539536674298
38,3745,70.12644491891515
38,3746,69.49893617040051
38,3747,68.87142742188587
38,3748,68.24391867337123
38,3749,67.61640992485658
38,3750,66.98890117634194
38,3751,66.3613924278273
38,3752,65.73388367931265
38,3753,65.10637493079801
38,3754,64.47886618228337
38,3755,63.85135743376873
38,3756,63.2238486852541
38,3757,62.59633993673946
38,3758,61.968831188224826
38,3759,61.34132243971019
38,3760,60.713813691195554
38,3761,60.08630494268092
38,3762,59.45879619416628
38,3763,58.83128744565165
38,3764,58.20377869713701
38,3765,57.576269948622375
38,3766,56.94876120010774
38,3767,56.321252451593104
38,3768,55.69374370307847
38,3769,55.06623495456383
38,3770,54.438726206049196
38,3771,53.81121745753456
38,3772,53.183708709019925
38,3773,52.55619996050529
38,3774,51.92869121199065
38,3775,51.30118246347602
38,3776,50.67367371496138
38,3777,50.046164966446746
38,3778,49.41865621793211
38,3779,48.791147469417474
38,3780,48.16363872090284
38,3781,47.5361299723882
38,3782,46.90862122387357
38,3783,46.28111247535893
38,3784,45.83939184606388
38,3785,45.397671216768835
38,3786,44.95595058747379
38,3787,44.51422995817874
38,3788,44.07250932888369
38,3789,43.63078869958864
38,3790,43.189068070293594
38,3791,42.747347440998546
38,3792,42.3056268117035
38,3793,41.86390618240845
38,3794,41.4221855531134
38,3795,40.98046492381835
38,3796,40.538744294523305
38,3797,40.09702366522826
38,3798,39.65530303593321
38,3799,39.21358240663816
38,3800,38.77186177734311
38,3801,38.330141148048064
38,3802,37.888420518753016
38,3803,37.44669988945797
38,3804,37.00497926016292
38,3805,36.56325863086787
38,3806,36.12153800157282
38,3807,35.679817372277775
38,3808,35.23809674298273
38,3809,34.79637611368768
38,3810,34.35465548439263
38,3811,33.91293485509758
38,3812,33.471214225802534
38,3813,33.029493596507486
38,3814,32.58777296721244
38,3815,32.14605233791739
38,3816,31.704331708622345
38,3817,31.2626110793273
38,3818,30.820890450032255
38,3819,30.37916982073721
38,3820,29.937449191442166
38,3821,29.49572856214712
38,3822,29.054007932852077
38,3823,28.612287303557032
38,3824,28.170566674261988
38,3825,27.728846044966943
38,3826,27.2871254156719
38,3827,26.845404786376854
38,3828,26.40368415708181
38,3829,25.961963527786764
38,3830,25.52024289849172
38,3831,25.078522269196675
38,3832,24.63680163990163
38,3833,24.195081010606586
39,3834,23.75336038131154
39,3835,23.311639752016497
39,3836,22.869919122721452
39,3837,22.428198493426407
39,3838,21.986477864131363
39,3839,21.544757234836318
39,3840,21.103036605541273
39,3841,20.66131597624623
39,3842,20.219595346951184
39,3843,19.77787471765614
39,3844,19.336154088361095
39,3845,18.89443345906605
39,3846,18.452712829771006
39,3847,18.01099220047596
39,3848,17.569271571180916
39,3849,17.127550941885872
39,3850,16.685830312590827
39,3851,16.244109683295783
39,3852,15.802389054000738
39,3853,15.360668424705693
39,3854,14.918947795410649
39,3855,14.477227166115604
39,3856,14.03550653682056
39,3857,13.593785907525515
39,3858,13.15206527823047
39,3859,12.710344648935425
39,3860,12.26862401964038
39,3861,11.826903390345336
39,3862,11.385182761050292
39,3863,10.943462131755247
39,3864,10.501741502460202
39,3865,10.060020873165158
39,3866,9.618300243870113
39,3867,9.176579614575068
39,3868,8.734858985280024
39,3869,8.29313835598498
39,3870,7.851417726689934
39,3871,7.409697097394888
39,3872,6.967976468099843
39,3873,6.526255838804797
39,3874,6.084535209509752
39,3875,5.642814580214706
39,3876,5.2010939509196605
39,3877,4.759373321624615
39,3878,4.3176526923295695
39,3879,3.8759320630345244
39,3880,3.4342114337394793
39,3881,2.9924908044444343
39,3882,2.550770175149389
39,3883,2.109049545854344
39,3884,1.6673289165592988
39,3885,1.4059120343767433
39,3886,1.1444951521941877
39,3887,0.8830782700116322
39,3888,0.6216613878290767
39,3889,0.36024450564652105
39,3890,0.09882762346396545
39,3891,-0.16258925871859015
39,3892,-0.42400614090114574
39,3893,-0.6854230230837013
39,3894,-0.9468399052662568
39,3895,-1.2082567874488124
39,3896,-1.469673669631368
39,3897,-1.7310905518139235
39,3898,-1.992507433996479
39,3899,-2.2539243161790345
39,3900,-2.51534119836159
39,3901,-2.7767580805441456
39,3902,-3.038174962726701
39,3903,-3.2995918449092567
39,3904,-3.5610087270918123
39,3905,-3.822425609274368
39,3906,-4.083842491456924
39,3907,-4.34525937363948
39,3908,-4.606676255822036
39,3909,-4.868093138004592
39,3910,-5.129510020187148
39,3911,-5.390926902369704
39,3912,-5.65234378455226
39,3913,-5.913760666734816
39,3914,-6.175177548917372
39,3915,-6.436594431099928
39,3916,-6.698011313282484
39,3917,-6.95942819546504
39,3918,-7.220845077647596
39,3919,-7.482261959830152
39,3920,-7.743678842012708
39,3921,-8.005095724195263
39,3922,-8.266512606377818
39,3923,-8.527929488560373
39,3924,-8.789346370742928
39,3925,-9.050763252925483
39,3926,-9.312180135108038
39,3927,-9.573597017290593
39,3928,-9.835013899473148
39,3929,-10.096430781655704
39,3930,-10.357847663838259
39,3931,-10.619264546020814
39,3932,-10.880681428203369
39,3933,-11.142098310385924
39,3934,-11.403515192568479
40,3935,-11.664932074751034
40,3936,-11.92634895693359
40,3937,-12.187765839116144
40,3938,-12.4491827212987
40,3939,-12.710599603481255
40,3940,-12.97201648566381
40,3941,-13.233433367846365
40,3942,-13.49485025002892
40,3943,-13.756267132211475
40,3944,-14.01768401439403
40,3945,-14.279100896576585
40,3946,-14.54051777875914
40,3947,-14.801934660941695
40,3948,-15.06335154312425
40,3949,-15.324768425306805
40,3950,-15.58618530748936
40,3951,-15.847602189671916
40,3952,-16.109019071854473
40,3953,-16.370435954037028
40,3954,-16.631852836219583
40,3955,-16.893269718402138
40,3956,-17.154686600584693
40,3957,-17.416103482767248
40,3958,-17.677520364949803
40,3959,-17.93893724713236
40,3960,-18.200354129314913
40,3961,-18.46177101149747
40,3962,-18.723187893680024
40,3963,-18.98460477586258
40,3964,-19.246021658045134
40,3965,-19.50743854022769
40,3966,-19.768855422410244
40,3967,-20.0302723045928
40,3968,-20.291689186775354
40,3969,-20.55310606895791
40,3970,-20.814522951140464
40,3971,-21.07593983332302
40,3972,-21.337356715505575
40,3973,-21.59877359768813
40,3974,-21.860190479870685
40,3975,-22.12160736205324
40,3976,-22.383024244235795
40,3977,-22.64444112641835
40,3978,-22.905858008600905
40,3979,-23.16727489078346
40,3980,-23.428691772966015
40,3981,-23.69010865514857
40,3982,-23.951525537331126
40,3983,-24.21294241951368
40,3984,-24.474359301696236
40,3985,-24.73577618387879
40,3986,-24.82305098212606
40,3987,-24.910325780373327
40,3988,-24.997600578620595
40,3989,-25.084875376867863
40,3990,-25.17215017511513
40,3991,-25.2594249733624
40,3992,-25.346699771609668
40,3993,-25.433974569856936
40,3994,-25.521249368104204
40,3995,-25.608524166351472
40,3996,-25.69579896459874
40,3997,-25.78307376284601
40,3998,-25.870348561093277
40,3999,-25.957623359340545
40,4000,-26.044898157587813
40,4001,-26.13217295583508
40,4002,-26.21944775408235
40,4003,-26.306722552329617
40,4004,-26.393997350576885
40,4005,-26.481272148824154
40,4006,-26.56854694707142
40,4007,-26.65582174531869
40,4008,-26.743096543565958
40,4009,-26.830371341813226
40,4010,-26.917646140060494
40,4011,-27.004920938307762
40,4012,-27.09219573655503
40,4013,-27.1794705348023
40,4014,-27.266745333049567
40,4015,-27.354020131296835
40,4016,-27.441294929544103
40,4017,-27.52856972779137
40,4018,-27.61584452603864
40,4019,-27.703119324285908
40,4020,-27.790394122533176
40,4021,-27.877668920780444
40,4022,-27.964943719027712
40,4023,-28.05221851727498
40,4024,-28.139493315522248
40,4025,-28.226768113769516
40,4026,-28.314042912016784
40,4027,-28.401317710264053
40,4028,-28.48859250851132
40,4029,-28.57586730675859
40,4030,-28.663142105005857
40,4031,-28.750416903253125
40,4032,-28.837691701500393
40,4033,-28.92496649974766
40,4034,-29.01224129799493
40,4035,-29.099516096242198
41,4036,-29.186790894489466
41,4037,-29.274065692736734
41,4038,-29.361340490984002
41,4039,-29.44861528923127
41,4040,-29.53589008747854
41,4041,-29.623164885725807
41,4042,-29.710439683973075
41,4043,-29.797714482220343
41,4044,-29.88498928046761
41,4045,-29.97226407871488
41,4046,-30.059538876962147
41,4047,-30.146813675209415
41,4048,-30.234088473456683
41,4049,-30.32136327170395
41,4050,-30.40863806995122
41,4051,-30.495912868198488
41,4052,-30.583187666445756
41,4053,-30.670462464693024
41,4054,-30.757737262940292
41,4055,-30.84501206118756
41,4056,-30.93228685943483
41,4057,-31.019561657682097
41,4058,-31.106836455929365
41,4059,-31.194111254176633
41,4060,-31.2813860524239
41,4061,-31.36866085067117
41,4062,-31.455935648918437
41,4063,-31.543210447165706
41,4064,-31.630485245412974
41,4065,-31.717760043660242
41,4066,-31.80503484190751
41,4067,-31.892309640154778
41,4068,-31.979584438402046
41,4069,-32.066859236649314
41,4070,-32.154134034896586
41,4071,-32.24140883314386
41,4072,-32.32868363139113
41,4073,-32.4159584296384
41,4074,-32.50323322788567
41,4075,-32.590508026132945
41,4076,-32.677782824380216
41,4077,-32.76505762262749
41,4078,-32.85233242087476
41,4079,-32.93960721912203
41,4080,-33.0268820173693
41,4081,-33.114156815616575
41,4082,-33.201431613863846
41,4083,-33.28870641211112
41,4084,-33.37598121035839
41,4085,-33.46325600860566
41,4086,-33.55053080685293
41,4087,-33.47050938954245
41,4088,-33.390487972231966
41,4089,-33.31046655492148
41,4090,-33.230445137611
41,4091,-33.150423720300516
41,4092,-33.07040230299003
41,4093,-32.99038088567955
41,4094,-32.910359468369066
41,4095,-32.83033805105858
41,4096,-32.7503166337481
41,4097,-32.670295216437616
41,4098,-32.59027379912713
41,4099,-32.51025238181665
41,4100,-32.430230964506165
41,4101,-32.35020954719568
41,4102,-32.2701881298852
41,4103,-32.190166712574715
41,4104,-32.11014529526423
41,4105,-32.03012387795375
41,4106,-31.950102460643265
41,4107,-31.87008104333278
41,4108,-31.7900596260223
41,4109,-31.710038208711815
41,4110,-31.63001679140133
41,4111,-31.549995374090848
41,4112,-31.469973956780365
41,4113,-31.38995253946988
41,4114,-31.309931122159398
41,4115,-31.229909704848914
41,4116,-31.14988828753843
41,4117,-31.069866870227948
41,4118,-30.989845452917464
41,4119,-30.90982403560698
41,4120,-30.829802618296497
41,4121,-30.749781200986014
41,4122,-30.66975978367553
41,4123,-30.589738366365047
41,4124,-30.509716949054564
41,4125,-30.42969553174408
41,4126,-30.349674114433597
41,4127,-30.269652697123114
41,4128,-30.18963127981263
41,4129,-30.109609862502147
41,4130,-30.029588445191663
41,4131,-29.94956702788118
41,4132,-29.869545610570697
41,4133,-29.789524193260213
41,4134,-29.70950277594973
41,4135,-29.629481358639246
41,4136,-29.549459941328763
42,4137,-29.46943852401828
42,4138,-29.389417106707796
42,4139,-29.309395689397313
42,4140,-29.22937427208683
42,4141,-29.149352854776346
42,4142,-29.069331437465863
42,4143,-28.98931002015538
42,4144,-28.909288602844896
42,4145,-28.829267185534412
42,4146,-28.74924576822393
42,4147,-28.669224350913446
42,4148,-28.589202933602962
42,4149,-28.50918151629248
42,4150,-28.429160098981995
42,4151,-28.349138681671512
42,4152,-28.26911726436103
42,4153,-28.189095847050545
42,4154,-28.109074429740062
42,4155,-28.02905301242958
42,4156,-27.949031595119095
42,4157,-27.86901017780861
42,4158,-27.78898876049813
42,4159,-27.708967343187645
42,4160,-27.62894592587716
42,4161,-27.548924508566678
42,4162,-27.468903091256195
42,4163,-27.38888167394571
42,4164,-27.308860256635228
42,4165,-27.228838839324744
42,4166,-27.14881742201426
42,4167,-27.068796004703778
42,4168,-26.988774587393294
42,4169,-26.90875317008281
42,4170,-26.828731752772327
42,4171,-26.748710335461844
42,4172,-26.66868891815136
42,4173,-26.588667500840877
42,4174,-26.508646083530394
42,4175,-26.42862466621991
42,4176,-26.348603248909427
42,4177,-26.268581831598944
42,4178,-26.18856041428846
42,4179,-26.108538996977977
42,4180,-26.028517579667493
42,4181,-25.94849616235701
42,4182,-25.868474745046527
42,4183,-25.788453327736043
42,4184,-25.70843191042556
42,4185,-25.628410493115076
42,4186,-25.548389075804593
42,4187,-25.46836765849411
42,4188,-25.228583064354968
42,4189,-24.988798470215826
42,4190,-24.749013876076685
42,4191,-24.509229281937543
42,4192,-24.2694446877984
42,4193,-24.02966009365926
42,4194,-23.789875499520118
42,4195,-23.550090905380976
42,4196,-23.310306311241835
42,4197,-23.070521717102693
42,4198,-22.83073712296355
42,4199,-22.59095252882441
42,4200,-22.351167934685268
42,4201,-22.111383340546126
42,4202,-21.871598746406985
42,4203,-21.631814152267843
42,4204,-21.3920295581287
42,4205,-21.15224496398956
42,4206,-20.912460369850418
42,4207,-20.672675775711276
42,4208,-20.432891181572135
42,4209,-20.193106587432993
42,4210,-19.95332199329385
42,4211,-19.71353739915471
42,4212,-19.473752805015568
42,4213,-19.233968210876426
42,4214,-18.994183616737285
42,4215,-18.754399022598143
42,4216,-18.514614428459
42,4217,-18.27482983431986
42,4218,-18.035045240180718
42,4219,-17.795260646041577
42,4220,-17.555476051902435
42,4221,-17.315691457763293
42,4222,-17.07590686362415
42,4223,-16.83612226948501
42,4224,-16.59633767534587
42,4225,-16.356553081206727
42,4226,-16.116768487067585
42,4227,-15.876983892928443
42,4228,-15.637199298789302
42,4229,-15.39741470465016
42,4230,-15.157630110511018
42,4231,-14.917845516371877
42,4232,-14.678060922232735
42,4233,-14.438276328093593
42,4234,-14.198491733954452
42,4235,-13.95870713981531
42,4236,-13.718922545676168
42,4237,-13.479137951537027
43,4238,-13.239353357397885
43,4239,-12.999568763258743
43,4240,-12.759784169119602
43,4241,-12.51999957498046
43,4242,-12.280214980841318
43,4243,-12.040430386702177
43,4244,-11.800645792563035
43,4245,-11.560861198423893
43,4246,-11.321076604284752
43,4247,-11.08129201014561
43,4248,-10.841507416006468
43,4249,-10.601722821867327
43,4250,-10.361938227728185
43,4251,-10.122153633589043
43,4252,-9.882369039449902
43,4253,-9.64258444531076
43,4254,-9.402799851171618
43,4255,-9.163015257032477
43,4256,-8.923230662893335
43,4257,-8.683446068754193
43,4258,-8.443661474615052
43,4259,-8.20387688047591
43,4260,-7.9640922863367685
43,4261,-7.724307692197627
43,4262,-7.484523098058485
43,4263,-7.2447385039193435
43,4264,-7.004953909780202
43,4265,-6.76516931564106
43,4266,-6.5253847215019185
43,4267,-6.285600127362777
43,4268,-6.045815533223635
43,4269,-5.8060309390844935
43,4270,-5.566246344945352
43,4271,-5.32646175080621
43,4272,-5.0866771566670685
43,4273,-4.846892562527927
43,4274,-4.607107968388785
43,4275,-4.367323374249644
43,4276,-4.127538780110502
43,4277,-3.88775418597136
43,4278,-3.6479695918322177
43,4279,-3.4081849976930756
43,4280,-3.1684004035539335
43,4281,-2.9286158094147914
43,4282,-2.6888312152756493
43,4283,-2.449046621136507
43,4284,-2.209262026997365
43,4285,-1.9694774328582232
43,4286,-1.7296928387190813
43,4287,-1.4899082445799394
43,4288,-1.098582007419946
43,4289,-0.7072557702599525
43,4290,-0.3159295330999589
43,4291,0.07539670406003462
43,4292,0.46672294122002816
43,4293,0.8580491783800217
43,4294,1.2493754155400152
43,4295,1.6407016527000087
43,4296,2.0320278898600024
43,4297,2.423354127019996
43,4298,2.81468036417999
43,4299,3.2060066013399835
43,4300,3.597332838499977
43,4301,3.988659075659971
43,4302,4.379985312819964
43,4303,4.771311549979957
43,4304,5.162637787139951
43,4305,5.553964024299944
43,4306,5.945290261459937
43,4307,6.3366164986199305
43,4308,6.727942735779924
43,4309,7.119268972939917
43,4310,7.51059521009991
43,4311,7.9019214472599035
43,4312,8.293247684419898
43,4313,8.684573921579892
43,4314,9.075900158739886
43,4315,9.46722639589988
43,4316,9.858552633059874
43,4317,10.249878870219868
43,4318,10.641205107379863
43,4319,11.032531344539857
43,4320,11.42385758169985
43,4321,11.815183818859845
43,4322,12.20651005601984
43,4323,12.597836293179833
43,4324,12.989162530339827
43,4325,13.380488767499822
43,4326,13.771815004659816
43,4327,14.16314124181981
43,4328,14.554467478979804
43,4329,14.945793716139798
43,4330,15.337119953299792
43,4331,15.728446190459787
43,4332,16.11977242761978
43,4333,16.511098664779773
43,4334,16.902424901939767
43,4335,17.29375113909976
43,4336,17.685077376259756
43,4337,18.07640361341975
44,4338,18.467729850579744
44,4339,18.859056087739738
44,4340,19.250382324899732
44,4341,19.641708562059726
44,4342,20.03303479921972
44,4343,20.424361036379715
44,4344,20.81568727353971
44,4345,21.207013510699703
44,4346,21.598339747859697
44,4347,21.98966598501969
44,4348,22.380992222179685
44,4349,22.77231845933968
44,4350,23.163644696499674
44,4351,23.554970933659668
44,4352,23.946297170819662
44,4353,24.337623407979656
44,4354,24.72894964513965
44,4355,25.120275882299644
44,4356,25.51160211945964
44,4357,25.902928356619633
44,4358,26.294254593779627
44,4359,26.68558083093962
44,4360,27.076907068099615
44,4361,27.46823330525961
44,4362,27.859559542419603
44,4363,28.250885779579598
44,4364,28.64221201673959
44,4365,29.033538253899586
44,4366,29.42486449105958
44,4367,29.816190728219574
44,4368,30.20751696537957
44,4369,30.598843202539562
44,4370,30.990169439699557
44,4371,31.38149567685955
44,4372,31.772821914019545
44,4373,32.16414815117954
44,4374,32.55547438833953
44,4375,32.94680062549953
44,4376,33.33812686265952
44,4377,33.729453099819516
44,4378,34.12077933697951
44,4379,34.512105574139504
44,4380,34.9034318112995
44,4381,35.29475804845949
44,4382,35.686084285619486
44,4383,36.07741052277948
44,4384,36.468736759939475
44,4385,36.86006299709947
44,4386,37.25138923425946
44,4387,37.64271547141946
44,4388,38.03404170857945
44,4389,38.567998101941576
44,4390,39.1019544953037
44,4391,39.635910888665826
44,4392,40.16986728202795
44,4393,40.703823675390076
44,4394,41.2377800687522
44,4395,41.771736462114326
44,4396,42.30569285547645
44,4397,42.839649248838576
44,4398,43.3736056422007
44,4399,43.907562035562826
44,4400,44.44151842892495
44,4401,44.975474822287076
44,4402,45.5094312156492
44,4403,46.043387609011326
44,4404,46.57734400237345
44,4405,47.111300395735576
44,4406,47.6452567890977
44,4407,48.179213182459826
44,4408,48.71316957582195
44,4409,49.247125969184076
44,4410,49.7810823625462
44,4411,50.315038755908326
44,4412,50.84899514927045
44,4413,51.382951542632576
44,4414,51.9169079359947
44,4415,52.450864329356826
44,4416,52.98482072271895
44,4417,53.518777116081075
44,4418,54.0527335094432
44,4419,54.586689902805325
44,4420,55.12064629616745
44,4421,55.654602689529575
44,4422,56.1885590828917
44,4423,56.722515476253825
44,4424,57.25647186961595
44,4425,57.790428262978075
44,4426,58.3243846563402
44,4427,58.858341049702325
44,4428,59.39229744306445
44,4429,59.926253836426575
44,4430,60.4602102297887
44,4431,60.994166623150825
44,4432,61.52812301651295
44,4433,62.062079409875075
44,4434,62.5960358032372
44,4435,63.129992196599325
44,4436,63.66394858996145
44,4437,64.19790498332357
44,4438,64.73186137668569
45,4439,65.2658177700478
45,4440,65.79977416340992
45,4441,66.33373055677204
45,4442,66.86768695013416
45,4443,67.40164334349627
45,4444,67.93559973685839
45,4445,68.46955613022051
45,4446,69.00351252358263
45,4447,69.53746891694475
45,4448,70.07142531030686
45,4449,70.60538170366898
45,4450,71.1393380970311
45,4451,71.67329449039322
45,4452,72.20725088375534
45,4453,72.74120727711745
45,4454,73.27516367047957
45,4455,73.80912006384169
45,4456,74.34307645720381
45,4457,74.87703285056593
45,4458,75.41098924392804
45,4459,75.94494563729016
45,4460,76.47890203065228
45,4461,77.0128584240144
45,4462,77.54681481737651
45,4463,78.08077121073863
45,4464,78.61472760410075
45,4465,79.14868399746287
45,4466,79.68264039082499
45,4467,80.2165967841871
45,4468,80.75055317754922
45,4469,81.28450957091134
45,4470,81.81846596427346
45,4471,82.35242235763558
45,4472,82.8863787509977
45,4473,83.42033514435981
45,4474,83.95429153772193
45,4475,84.48824793108405
45,4476,85.02220432444616
45,4477,85.55616071780828
45,4478,86.0901171111704
45,4479,86.62407350453252
45,4480,87.15802989789464
45,4481,87.69198629125675
45,4482,88.22594268461887
45,4483,88.75989907798099
45,4484,89.29385547134311
45,4485,89.82781186470523
45,4486,90.36176825806734
45,4487,90.89572465142946
45,4488,91.42968104479158
45,4489,91.9636374381537
45,4490,92.63037251943295
45,4491,93.29710760071221
45,4492,93.96384268199147
45,4493,94.63057776327072
45,4494,95.29731284454998
45,4495,95.96404792582923
45,4496,96.63078300710849
45,4497,97.29751808838775
45,4498,97.964253169667
45,4499,98.63098825094626
45,4500,99.29772333222552
45,4501,99.96445841350477
45,4502,100.63119349478403
45,4503,101.29792857606328
45,4504,101.96466365734254
45,4505,102.6313987386218
45,4506,103.29813381990105
45,4507,103.96486890118031
45,4508,104.63160398245957
45,4509,105.29833906373882
45,4510,105.96507414501808
45,4511,106.63180922629734
45,4512,107.29854430757659
45,4513,107.96527938885585
45,4514,108.6320144701351
45,4515,109.29874955141436
45,4516,109.96548463269362
45,4517,110.63221971397287
45,4518,111.29895479525213
45,4519,111.96568987653139
45,4520,112.63242495781064
45,4521,113.2991600390899
45,4522,113.96589512036915
45,4523,114.63263020164841
45,4524,115.29936528292767
45,4525,115.96610036420692
45,4526,116.63283544548618
45,4527,117.29957052676544
45,4528,117.96630560804469
45,4529,118.63304068932395
45,4530,119.2997757706032
45,4531,119.96651085188246
45,4532,120.63324593316172
45,4533,121.29998101444097
45,4534,121.96671609572023
45,4535,122.63345117699949
45,4536,123.30018625827874
45,4537,123.966921339558
45,4538,124.63365642083726
45,4539,125.30039150211651
46,4540,125.96712658339577
46,4541,126.63386166467502
46,4542,127.30059674595428
46,4543,127.96733182723354
46,4544,128.6340669085128
46,4545,129.30080198979206
46,4546,129.96753707107132
46,4547,130.63427215235058
46,4548,131.30100723362983
46,4549,131.9677423149091
46,4550,131.41313239618836
46,4551,130.85852247746763
46,4552,130.3039125587469
46,4553,129.74930264002617
46,4554,129.19469272130544
46,4555,128.64008280258471
46,4556,128.08547288386399
46,4557,127.53086296514324
46,4558,126.9762530464225
46,4559,126.42164312770176
46,4560,125.86703320898101
46,4561,125.31242329026027
46,4562,124.75781337153953
46,4563,124.20320345281878
46,4564,123.64859353409804
46,4565,123.0939836153773
46,4566,122.53937369665655
46,4567,121.98476377793581
46,4568,121.43015385921507
46,4569,120.87554394049432
46,4570,120.32093402177358
46,4571,119.76632410305284
46,4572,119.2117141843321
46,4573,118.65710426561135
46,4574,118.10249434689061
46,4575,117.54788442816987
46,4576,116.99327450944912
46,4577,116.43866459072838
46,4578,115.88405467200764
46,4579,115.3294447532869
46,4580,114.77483483456615
46,4581,114.2202249158454
46,4582,113.66561499712466
46,4583,113.11100507840392
46,4584,112.55639515968318
46,4585,112.00178524096243
46,4586,111.44717532224169
46,4587,110.89256540352095
46,4588,110.3379554848002
46,4589,109.78334556607946
46,4590,109.22873564735872
46,4591,108.79607983858453
46,4592,108.36342402981035
46,4593,107.93076822103616
46,4594,107.49811241226197
46,4595,107.06545660348779
46,4596,106.6328007947136
46,4597,106.20014498593942
46,4598,105.76748917716523
46,4599,105.33483336839105
46,4600,104.90217755961686
46,4601,104.46952175084267
46,4602,104.03686594206849
46,4603,103.6042101332943
46,4604,103.17155432452012
46,4605,102.73889851574593
46,4606,102.30624270697174
46,4607,101.87358689819756
46,4608,101.44093108942337
46,4609,101.00827528064919
46,4610,100.575619471875
46,4611,100.14296366310082
46,4612,99.71030785432663
46,4613,99.27765204555244
46,4614,98.84499623677826
46,4615,98.41234042800407
46,4616,97.97968461922989
46,4617,97.5470288104557
46,4618,97.11437300168151
46,4619,96.68171719290733
46,4620,96.24906138413314
46,4621,95.81640557535896
46,4622,95.38374976658477
46,4623,94.95109395781058
46,4624,94.5184381490364
46,4625,94.08578234026221
46,4626,93.65312653148803
46,4627,93.22047072271384
46,4628,92.78781491393966
46,4629,92.35515910516547
46,4630,91.92250329639128
46,4631,91.4898474876171
46,4632,91.05719167884291
46,4633,90.62453587006873
46,4634,90.19188006129454
46,4635,89.75922425252035
46,4636,89.32656844374617
46,4637,88.89391263497198
46,4638,88.4612568261978
46,4639,88.02860101742361
46,4640,87.59594520864943
47,4641,87.16328939987524
47,4642,86.73063359110105
47,4643,86.29797778232687
47,4644,85.86532197355268
47,4645,85.4326661647785
47,4646,85.00001035600431
47,4647,84.56735454723012
47,4648,84.13469873845594
47,4649,83.70204292968175
47,4650,83.26938712090757
47,4651,82.83673131213338
47,4652,82.4040755033592
47,4653,81.97141969458501
47,4654,81.53876388581082
47,4655,81.10610807703664
47,4656,80.67345226826245
47,4657,80.24079645948827
47,4658,79.80814065071408
47,4659,79.3754848419399
47,4660,78.94282903316571
47,4661,78.51017322439152
47,4662,78.07751741561734
47,4663,77.64486160684315
47,4664,77.21220579806896
47,4665,76.77954998929478
47,4666,76.3468941805206
47,4667,75.9142383717464
47,4668,75.48158256297222
47,4669,75.04892675419804
47,4670,74.61627094542385
47,4671,74.18361513664966
47,4672,73.75095932787548
47,4673,73.31830351910129
47,4674,72.8856477103271
47,4675,72.45299190155292
47,4676,72.02033609277873
47,4677,71.58768028400455
47,4678,71.15502447523036
47,4679,70.72236866645618
47,4680,70.28971285768199
47,4681,69.8570570489078
47,4682,69.42440124013362
47,4683,68.99174543135943
47,4684,68.55908962258525
47,4685,68.12643381381106
47,4686,67.69377800503688
47,4687,67.26112219626269
47,4688,66.8284663874885
47,4689,66.39581057871432
47,4690,65.96315476994013
47,4691,65.53049896116595
47,4692,65.20822911290846
47,4693,64.88595926465096
47,4694,64.56368941639347
47,4695,64.24141956813598
47,4696,63.91914971987849
47,4697,63.596879871621
47,4698,63.27461002336351
47,4699,62.952340175106016
47,4700,62.630070326848525
47,4701,62.307800478591034
47,4702,61.98553063033354
47,4703,61.66326078207605
47,4704,61.34099093381856
47,4705,61.01872108556107
47,4706,60.69645123730358
47,4707,60.374181389046086
47,4708,60.051911540788595
47,4709,59.729641692531104
47,4710,59.40737184427361
47,4711,59.08510199601612
47,4712,58.76283214775863
47,4713,58.44056229950114
47,4714,58.11829245124365
47,4715,57.796022602986156
47,4716,57.473752754728665
47,4717,57.15148290647117
47,4718,56.82921305821368
47,4719,56.50694320995619
47,4720,56.1846733616987
47,4721,55.86240351344121
47,4722,55.54013366518372
47,4723,55.217863816926226
47,4724,54.895593968668734
47,4725,54.57332412041124
47,4726,54.25105427215375
47,4727,53.92878442389626
47,4728,53.60651457563877
47,4729,53.28424472738128
47,4730,52.96197487912379
47,4731,52.639705030866295
47,4732,52.317435182608804
47,4733,51.99516533435131
47,4734,51.67289548609382
47,4735,51.35062563783633
47,4736,51.02835578957884
47,4737,50.70608594132135
47,4738,50.38381609306386
47,4739,50.061546244806365
47,4740,49.739276396548874
47,4741,49.41700654829138
48,4742,49.09473670003389
48,4743,48.7724668517764
48,4744,48.45019700351891
48,4745,48.12792715526142
48,4746,47.805657307003926
48,4747,47.483387458746435
48,4748,47.161117610488944
48,4749,46.83884776223145
48,4750,46.51657791397396
48,4751,46.19430806571647
48,4752,45.87203821745898
48,4753,45.54976836920149
48,4754,45.227498520943996
48,4755,44.905228672686505
48,4756,44.582958824429014
48,4757,44.26068897617152
48,4758,43.93841912791403
48,4759,43.61614927965654
48,4760,43.29387943139905
48,4761,42.97160958314156
48,4762,42.649339734884066
48,4763,42.327069886626575
48,4764,42.00480003836908
48,4765,41.68253019011159
48,4766,41.3602603418541
48,4767,41.03799049359661
48,4768,40.71572064533912
48,4769,40.39345079708163
48,4770,40.071180948824136
48,4771,39.748911100566644
48,4772,39.42664125230915
48,4773,39.10437140405166
48,4774,38.78210155579417
48,4775,38.45983170753668
48,4776,38.13756185927919
48,4777,37.8152920110217
48,4778,37.493022162764206
48,4779,37.170752314506714
48,4780,36.84848246624922
48,4781,36.52621261799173
48,4782,36.20394276973424
48,4783,35.88167292147675
48,4784,35.55940307321926
48,4785,35.23713322496177
48,4786,34.914863376704275
48,4787,34.592593528446784
48,4788,34.27032368018929
48,4789,33.9480538319318
48,4790,33.62578398367431
48,4791,33.30351413541682
48,4792,32.98124428715933
48,4793,32.757081068103105
48,4794,32.53291784904688
48,4795,32.30875462999066
48,4796,32.084591410934436
48,4797,31.860428191878214
48,4798,31.63626497282199
48,4799,31.412101753765768
48,4800,31.187938534709545
48,4801,30.963775315653322
48,4802,30.7396120965971
48,4803,30.515448877540877
48,4804,30.291285658484654
48,4805,30.06712243942843
48,4806,29.842959220372208
48,4807,29.618796001315985
48,4808,29.394632782259762
48,4809,29.17046956320354
48,4810,28.946306344147317
48,4811,28.722143125091094
48,4812,28.49797990603487
48,4813,28.27381668697865
48,4814,28.049653467922425
48,4815,27.825490248866203
48,4816,27.60132702980998
48,4817,27.377163810753757
48,4818,27.153000591697534
48,4819,26.92883737264131
48,4820,26.70467415358509
48,4821,26.480510934528866
48,4822,26.256347715472643
48,4823,26.03218449641642
48,4824,25.808021277360197
48,4825,25.583858058303974
48,4826,25.35969483924775
48,4827,25.13553162019153
48,4828,24.911368401135306
48,4829,24.687205182079083
48,4830,24.46304196302286
48,4831,24.238878743966637
48,4832,24.014715524910415
48,4833,23.79055230585419
48,4834,23.56638908679797
48,4835,23.342225867741746
48,4836,23.118062648685523
48,4837,22.8938994296293
48,4838,22.669736210573078
48,4839,22.445572991516855
48,4840,22.221409772460632
48,4841,21.99724655340441
48,4842,21.773083334348186
49,4843,21.548920115291963
49,4844,21.32475689623574
49,4845,21.100593677179518
49,4846,20.876430458123295
49,4847,20.652267239067072
49,4848,20.42810402001085
49,4849,20.203940800954626
49,4850,19.979777581898404
49,4851,19.75561436284218
49,4852,19.531451143785958
49,4853,19.307287924729735
49,4854,19.083124705673512
49,4855,18.85896148661729
49,4856,18.634798267561067
49,4857,18.410635048504844
49,4858,18.18647182944862
49,4859,17.962308610392398
49,4860,17.738145391336175
49,4861,17.513982172279952
49,4862,17.28981895322373
49,4863,17.065655734167507
49,4864,16.841492515111284
49,4865,16.61732929605506
49,4866,16.39316607699884
49,4867,16.169002857942615
49,4868,15.944839638886393
49,4869,15.72067641983017
49,4870,15.496513200773947
49,4871,15.272349981717724
49,4872,15.048186762661501
49,4873,14.824023543605279
49,4874,14.599860324549056
49,4875,14.375697105492833
49,4876,14.15153388643661
49,4877,13.927370667380387
49,4878,13.703207448324164
49,4879,13.479044229267942
49,4880,13.254881010211719
49,4881,13.030717791155496
49,4882,12.806554572099273
49,4883,12.58239135304305
49,4884,12.358228133986827
49,4885,12.134064914930605
49,4886,11.909901695874382
49,4887,11.685738476818159
49,4888,11.461575257761936
49,4889,11.237412038705713
49,4890,11.01324881964949
49,4891,10.789085600593268
49,4892,10.564922381537045
49,4893,10.340759162480822
49,4894,10.201120002726718
49,4895,10.061480842972614
49,4896,9.92184168321851
49,4897,9.782202523464406
49,4898,9.642563363710302
49,4899,9.502924203956198
49,4900,9.363285044202094
49,4901,9.22364588444799
49,4902,9.084006724693886
49,4903,8.944367564939782
49,4904,8.804728405185678
49,4905,8.665089245431574
49,4906,8.52545008567747
49,4907,8.385810925923366
49,4908,8.246171766169262
49,4909,8.106532606415158
49,4910,7.966893446661054
49,4911,7.82725428690695
49,4912,7.687615127152846
49,4913,7.547975967398742
49,4914,7.408336807644638
49,4915,7.268697647890534
49,4916,7.12905848813643
49,4917,6.989419328382326
49,4918,6.849780168628222
49,4919,6.710141008874118
49,4920,6.570501849120014
49,4921,6.4308626893659095
49,4922,6.2912235296118055
49,4923,6.1515843698577015
49,4924,6.0119452101035975
49,4925,5.8723060503494935
49,4926,5.7326668905953895
49,4927,5.5930277308412855
49,4928,5.4533885710871814
49,4929,5.313749411333077
49,4930,5.174110251578973
49,4931,5.034471091824869
49,4932,4.894831932070765
49,4933,4.755192772316661
49,4934,4.615553612562557
49,4935,4.475914452808453
49,4936,4.336275293054349
49,4937,4.196636133300245
49,4938,4.056996973546141
49,4939,3.9173578137920377
49,4940,3.777718654037934
49,4941,3.6380794942838306
49,4942,3.498440334529727
49,4943,3.3588011747756235
50,4944,3.21916201502152
50,4945,3.0795228552674163
50,4946,2.9398836955133127
50,4947,2.800244535759209
50,4948,2.6606053760051056
50,4949,2.520966216251002
50,4950,2.3813270564968985
50,4951,2.241687896742795
50,4952,2.1020487369886913
50,4953,1.9624095772345875
50,4954,1.8227704174804837
50,4955,1.68313125772638
50,4956,1.5434920979722762
50,4957,1.4038529382181724
50,4958,1.2642137784640686
50,4959,1.1245746187099648
50,4960,0.984935458955861
50,4961,0.8452962992017572
50,4962,0.7056571394476534
50,4963,0.5660179796935496
50,4964,0.4263788199394459
50,4965,0.28673966018534214
50,4966,0.1471005004312384
50,4967,0.007461340677134665
50,4968,-0.13217781907696907
50,4969,-0.2718169788310728
50,4970,-0.41145613858517655
50,4971,-0.5510952983392803
50,4972,-0.6907344580933841
50,4973,-0.8303736178474879
50,4974,-0.9700127776015917
50,4975,-1.1096519373556955
50,4976,-1.2492910971097992
50,4977,-1.388930256863903
50,4978,-1.5285694166180068
50,4979,-1.6682085763721106
50,4980,-1.8078477361262144
50,4981,-1.9474868958803182
50,4982,-2.087126055634422
50,4983,-2.2267652153885256
50,4984,-2.366404375142629
50,4985,-2.5060435348967327
50,4986,-2.6456826946508363
50,4987,-2.78532185440494
50,4988,-2.9249610141590434
50,4989,-3.064600173913147
50,4990,-3.2042393336672506
50,4991,-3.343878493421354
50,4992,-3.4835176531754577
50,4993,-3.6231568129295613
50,4994,-3.762795972683665
50,4995,-3.833520697158362
50,4996,-3.9042454216330595
50,4997,-3.974970146107757
50,4998,-4.045694870582454
50,4999,-4.116419595057152
50,5000,-4.187144319531849
50,5001,-4.257869044006546
50,5002,-4.328593768481244
50,5003,-4.399318492955941
50,5004,-4.470043217430638
50,5005,-4.540767941905336
50,5006,-4.611492666380033
50,5007,-4.68221739085473
50,5008,-4.752942115329428
50,5009,-4.823666839804125
50,5010,-4.8943915642788225
50,5011,-4.96511628875352
50,5012,-5.035841013228217
50,5013,-5.1065657377029146
50,5014,-5.177290462177612
50,5015,-5.248015186652309
50,5016,-5.318739911127007
50,5017,-5.389464635601704
50,5018,-5.460189360076401
50,5019,-5.530914084551099
50,5020,-5.601638809025796
50,5021,-5.672363533500493
50,5022,-5.743088257975191
50,5023,-5.813812982449888
50,5024,-5.884537706924585
50,5025,-5.955262431399283
50,5026,-6.02598715587398
50,5027,-6.0967118803486775
50,5028,-6.167436604823375
50,5029,-6.238161329298072
50,5030,-6.30888605377277
50,5031,-6.379610778247467
50,5032,-6.450335502722164
50,5033,-6.521060227196862
50,5034,-6.591784951671559
50,5035,-6.662509676146256
50,5036,-6.733234400620954
50,5037,-6.803959125095651
50,5038,-6.874683849570348
50,5039,-6.945408574045046
50,5040,-7.016133298519743
50,5041,-7.0868580229944405
50,5042,-7.157582747469138
50,5043,-7.228307471943835
50,5044,-7.2990321964185325
51,5045,-7.36975692089323
51,5046,-7.440481645367927
51,5047,-7.511206369842625
51,5048,-7.581931094317322
51,5049,-7.652655818792019
51,5050,-7.723380543266717
51,5051,-7.794105267741414
51,5052,-7.864829992216111
51,5053,-7.935554716690809
51,5054,-8.006279441165505
51,5055,-8.077004165640203
51,5056,-8.1477288901149
51,5057,-8.218453614589597
51,5058,-8.289178339064295
51,5059,-8.359903063538992
51,5060,-8.43062778801369
51,5061,-8.501352512488387
51,5062,-8.572077236963084
51,5063,-8.642801961437781
51,5064,-8.713526685912479
51,5065,-8.784251410387176
51,5066,-8.854976134861873
51,5067,-8.92570085933657
51,5068,-8.996425583811268
51,5069,-9.067150308285965
51,5070,-9.137875032760663
51,5071,-9.20859975723536
51,5072,-9.279324481710058
51,5073,-9.350049206184755
51,5074,-9.420773930659452
51,5075,-9.49149865513415
51,5076,-9.562223379608847
51,5077,-9.632948104083544
51,5078,-9.703672828558242
51,5079,-9.774397553032939
51,5080,-9.845122277507636
51,5081,-9.915847001982334
51,5082,-9.986571726457031
51,5083,-10.057296450931728
51,5084,-10.128021175406426
51,5085,-10.198745899881123
51,5086,-10.26947062435582
51,5087,-10.340195348830518
51,5088,-10.410920073305215
51,5089,-10.481644797779913
51,5090,-10.55236952225461
51,5091,-10.623094246729307
51,5092,-10.693818971204005
51,5093,-10.764543695678702
51,5094,-10.8352684201534
51,5095,-10.905993144628097
51,5096,-10.925078182712971
51,5097,-10.944163220797845
51,5098,-10.96324825888272
51,5099,-10.982333296967594
51,5100,-11.001418335052469
51,5101,-11.020503373137343
51,5102,-11.039588411222217
51,5103,-11.058673449307092
51,5104,-11.077758487391966
51,5105,-11.09684352547684
51,5106,-11.115928563561715
51,5107,-11.13501360164659
51,5108,-11.154098639731464
51,5109,-11.173183677816338
51,5110,-11.192268715901212
51,5111,-11.211353753986087
51,5112,-11.230438792070961
51,5113,-11.249523830155836
51,5114,-11.26860886824071
51,5115,-11.287693906325584
51,5116,-11.306778944410459
51,5117,-11.325863982495333
51,5118,-11.344949020580207
51,5119,-11.364034058665082
51,5120,-11.383119096749956
51,5121,-11.40220413483483
51,5122,-11.421289172919705
51,5123,-11.44037421100458
51,5124,-11.459459249089454
51,5125,-11.478544287174328
51,5126,-11.497629325259203
51,5127,-11.516714363344077
51,5128,-11.535799401428951
51,5129,-11.554884439513826
51,5130,-11.5739694775987
51,5131,-11.593054515683574
51,5132,-11.612139553768449
51,5133,-11.631224591853323
51,5134,-11.650309629938198
51,5135,-11.669394668023072
51,5136,-11.688479706107946
51,5137,-11.70756474419282
51,5138,-11.726649782277695
51,5139,-11.74573482036257
51,5140,-11.764819858447444
51,5141,-11.783904896532318
51,5142,-11.802989934617193
51,5143,-11.822074972702067
51,5144,-11.841160010786941
51,5145,-11.860245048871816
52,5146,-11.87933008695669
52,5147,-11.898415125041565
52,5148,-11.917500163126439
52,5149,-11.936585201211313
52,5150,-11.955670239296188
52,5151,-11.974755277381062
52,5152,-11.993840315465937
52,5153,-12.012925353550811
52,5154,-12.032010391635685
52,5155,-12.05109542972056
52,5156,-12.070180467805434
52,5157,-12.089265505890308
52,5158,-12.108350543975183
52,5159,-12.127435582060057
52,5160,-12.146520620144932
52,5161,-12.165605658229806
52,5162,-12.18469069631468
52,5163,-12.203775734399555
52,5164,-12.22286077248443
52,5165,-12.241945810569304
52,5166,-12.261030848654178
52,5167,-12.280115886739052
52,5168,-12.299200924823927
52,5169,-12.318285962908801
52,5170,-12.337371000993675
52,5171,-12.35645603907855
52,5172,-12.375541077163424
52,5173,-12.394626115248299
52,5174,-12.413711153333173
52,5175,-12.432796191418047
52,5176,-12.451881229502922
52,5177,-12.470966267587796
52,5178,-12.49005130567267
52,5179,-12.509136343757545
52,5180,-12.52822138184242
52,5181,-12.547306419927294
52,5182,-12.566391458012168
52,5183,-12.585476496097042
52,5184,-12.604561534181917
52,5185,-12.623646572266791
52,5186,-12.642731610351666
52,5187,-12.66181664843654
52,5188,-12.680901686521414
52,5189,-12.699986724606289
52,5190,-12.719071762691163
52,5191,-12.738156800776038
52,5192,-12.757241838860912
52,5193,-12.776326876945786
52,5194,-12.79541191503066
52,5195,-12.814496953115535
52,5196,-12.800125050699139
52,5197,-12.785753148282742
52,5198,-12.771381245866346
52,5199,-12.75700934344995
52,5200,-12.742637441033553
52,5201,-12.728265538617157
52,5202,-12.71389363620076
52,5203,-12.699521733784364
52,5204,-12.685149831367967
52,5205,-12.670777928951571
52,5206,-12.656406026535175
52,5207,-12.642034124118778
52,5208,-12.627662221702382
52,5209,-12.613290319285985
52,5210,-12.598918416869589
52,5211,-12.584546514453193
52,5212,-12.570174612036796
52,5213,-12.5558027096204
52,5214,-12.541430807204003
52,5215,-12.527058904787607
52,5216,-12.51268700237121
52,5217,-12.498315099954814
52,5218,-12.483943197538418
52,5219,-12.469571295122021
52,5220,-12.455199392705625
52,5221,-12.440827490289228
52,5222,-12.426455587872832
52,5223,-12.412083685456436
52,5224,-12.39771178304004
52,5225,-12.383339880623643
52,5226,-12.368967978207246
52,5227,-12.35459607579085
52,5228,-12.340224173374454
52,5229,-12.325852270958057
52,5230,-12.31148036854166
52,5231,-12.297108466125264
52,5232,-12.282736563708868
52,5233,-12.268364661292471
52,5234,-12.253992758876075
52,5235,-12.239620856459679
52,5236,-12.225248954043282
52,5237,-12.210877051626886
52,5238,-12.19650514921049
52,5239,-12.182133246794093
52,5240,-12.167761344377697
52,5241,-12.1533894419613
52,5242,-12.139017539544904
52,5243,-12.124645637128507
52,5244,-12.110273734712111
52,5245,-12.095901832295715
53,5246,-12.081529929879318
53,5247,-12.067158027462922
53,5248,-12.052786125046525
53,5249,-12.038414222630129
53,5250,-12.024042320213733
53,5251,-12.009670417797336
53,5252,-11.99529851538094
53,5253,-11.980926612964543
53,5254,-11.966554710548147
53,5255,-11.95218280813175
53,5256,-11.937810905715354
53,5257,-11.923439003298958
53,5258,-11.909067100882561
53,5259,-11.894695198466165
53,5260,-11.880323296049768
53,5261,-11.865951393633372
53,5262,-11.851579491216976
53,5263,-11.83720758880058
53,5264,-11.822835686384183
53,5265,-11.808463783967786
53,5266,-11.79409188155139
53,5267,-11.779719979134994
53,5268,-11.765348076718597
53,5269,-11.7509761743022
53,5270,-11.736604271885804
53,5271,-11.722232369469408
53,5272,-11.707860467053012
53,5273,-11.693488564636615
53,5274,-11.679116662220219
53,5275,-11.664744759803822
53,5276,-11.650372857387426
53,5277,-11.63600095497103
53,5278,-11.621629052554633
53,5279,-11.607257150138237
53,5280,-11.59288524772184
53,5281,-11.578513345305444
53,5282,-11.564141442889047
53,5283,-11.549769540472651
53,5284,-11.535397638056255
53,5285,-11.521025735639858
53,5286,-11.506653833223462
53,5287,-11.492281930807065
53,5288,-11.477910028390669
53,5289,-11.463538125974273
53,5290,-11.449166223557876
53,5291,-11.43479432114148
53,5292,-11.420422418725083
53,5293,-11.406050516308687
53,5294,-11.39167861389229
53,5295,-11.377306711475894
53,5296,-11.362934809059498
53,5297,-11.333252479142466
53,5298,-11.303570149225434
53,5299,-11.273887819308403
53,5300,-11.244205489391371
53,5301,-11.21452315947434
53,5302,-11.184840829557308
53,5303,-11.155158499640276
53,5304,-11.125476169723244
53,5305,-11.095793839806213
53,5306,-11.066111509889181
53,5307,-11.03642917997215
53,5308,-11.006746850055118
53,5309,-10.977064520138086
53,5310,-10.947382190221054
53,5311,-10.917699860304023
53,5312,-10.88801753038699
53,5313,-10.85833520046996
53,5314,-10.828652870552927
53,5315,-10.798970540635896
53,5316,-10.769288210718864
53,5317,-10.739605880801832
53,5318,-10.7099235508848
53,5319,-10.680241220967769
53,5320,-10.650558891050737
53,5321,-10.620876561133706
53,5322,-10.591194231216674
53,5323,-10.561511901299642
53,5324,-10.53182957138261
53,5325,-10.502147241465579
53,5326,-10.472464911548547
53,5327,-10.442782581631516
53,5328,-10.413100251714484
53,5329,-10.383417921797452
53,5330,-10.35373559188042
53,5331,-10.324053261963389
53,5332,-10.294370932046357
53,5333,-10.264688602129326
53,5334,-10.235006272212294
53,5335,-10.205323942295262
53,5336,-10.17564161237823
53,5337,-10.145959282461199
53,5338,-10.116276952544167
53,5339,-10.086594622627135
53,5340,-10.056912292710104
53,5341,-10.027229962793072
53,5342,-9.99754763287604
53,5343,-9.967865302959009
53,5344,-9.938182973041977
53,5345,-9.908500643124945
53,5346,-9.878818313207914
54,5347,-9.849135983290882
54,5348,-9.81945365337385
54,5349,-9.789771323456819
54,5350,-9.760088993539787
54,5351,-9.730406663622755
54,5352,-9.700724333705724
54,5353,-9.671042003788692
54,5354,-9.64135967387166
54,5355,-9.611677343954629
54,5356,-9.581995014037597
54,5357,-9.552312684120565
54,5358,-9.522630354203534
54,5359,-9.492948024286502
54,5360,-9.46326569436947
54,5361,-9.433583364452439
54,5362,-9.403901034535407
54,5363,-9.374218704618375
54,5364,-9.344536374701343
54,5365,-9.314854044784312
54,5366,-9.28517171486728
54,5367,-9.255489384950248
54,5368,-9.225807055033217
54,5369,-9.196124725116185
54,5370,-9.166442395199153
54,5371,-9.136760065282122
54,5372,-9.10707773536509
54,5373,-9.077395405448058
54,5374,-9.047713075531027
54,5375,-9.018030745613995
54,5376,-8.988348415696963
54,5377,-8.958666085779932
54,5378,-8.9289837558629
54,5379,-8.899301425945868
54,5380,-8.869619096028837
54,5381,-8.839936766111805
54,5382,-8.810254436194773
54,5383,-8.780572106277742
54,5384,-8.75088977636071
54,5385,-8.721207446443678
54,5386,-8.691525116526646
54,5387,-8.661842786609615
54,5388,-8.632160456692583
54,5389,-8.602478126775551
54,5390,-8.57279579685852
54,5391,-8.543113466941488
54,5392,-8.513431137024456
54,5393,-8.483748807107425
54,5394,-8.454066477190393
54,5395,-8.424384147273361
54,5396,-8.39470181735633
54,5397,-8.365019487439298
54,5398,-8.335992915958185
54,5399,-8.306966344477072
54,5400,-8.277939772995959
54,5401,-8.248913201514846
54,5402,-8.219886630033733
54,5403,-8.19086005855262
54,5404,-8.161833487071506
54,5405,-8.132806915590393
54,5406,-8.10378034410928
54,5407,-8.074753772628167
54,5408,-8.045727201147054
54,5409,-8.01670062966594
54,5410,-7.987674058184829
54,5411,-7.9586474867037165
54,5412,-7.929620915222604
54,5413,-7.900594343741492
54,5414,-7.87156777226038
54,5415,-7.842541200779268
54,5416,-7.813514629298155
54,5417,-7.784488057817043
54,5418,-7.755461486335931
54,5419,-7.726434914854819
54,5420,-7.697408343373707
54,5421,-7.668381771892594
54,5422,-7.639355200411482
54,5423,-7.61032862893037
54,5424,-7.581302057449258
54,5425,-7.552275485968146
54,5426,-7.523248914487033
54,5427,-7.494222343005921
54,5428,-7.465195771524809
54,5429,-7.436169200043697
54,5430,-7.4071426285625845
54,5431,-7.378116057081472
54,5432,-7.34908948560036
54,5433,-7.320062914119248
54,5434,-7.291036342638136
54,5435,-7.2620097711570235
54,5436,-7.232983199675911
54,5437,-7.203956628194799
54,5438,-7.174930056713687
54,5439,-7.145903485232575
54,5440,-7.1168769137514625
54,5441,-7.08785034227035
54,5442,-7.058823770789238
54,5443,-7.029797199308126
54,5444,-7.000770627827014
54,5445,-6.971744056345901
54,5446,-6.942717484864789
54,5447,-6.913690913383677
55,5448,-6.884664341902565
55,5449,-6.855637770421453
55,5450,-6.82661119894034
55,5451,-6.797584627459228
55,5452,-6.768558055978116
55,5453,-6.739531484497004
55,5454,-6.710504913015892
55,5455,-6.681478341534779
55,5456,-6.652451770053667
55,5457,-6.623425198572555
55,5458,-6.594398627091443
55,5459,-6.5653720556103305
55,5460,-6.536345484129218
55,5461,-6.507318912648106
55,5462,-6.478292341166994
55,5463,-6.449265769685882
55,5464,-6.4202391982047695
55,5465,-6.391212626723657
55,5466,-6.362186055242545
55,5467,-6.333159483761433
55,5468,-6.304132912280321
55,5469,-6.2751063407992085
55,5470,-6.246079769318096
55,5471,-6.217053197836984
55,5472,-6.188026626355872
55,5473,-6.15900005487476
55,5474,-6.1299734833936474
55,5475,-6.100946911912535
55,5476,-6.071920340431423
55,5477,-6.042893768950311
55,5478,-6.013867197469199
55,5479,-5.984840625988086
55,5480,-5.955814054506974
55,5481,-5.926787483025862
55,5482,-5.89776091154475
55,5483,-5.868734340063638
55,5484,-5.839707768582525
55,5485,-5.810681197101413
55,5486,-5.781654625620301
55,5487,-5.752628054139189
55,5488,-5.7236014826580766
55,5489,-5.694574911176964
55,5490,-5.665548339695852
55,5491,-5.63652176821474
55,5492,-5.607495196733628
55,5493,-5.5784686252525155
55,5494,-5.549442053771403
55,5495,-5.520415482290291
55,5496,-5.491388910809179
55,5497,-5.462362339328067
55,5498,-5.4333357678469545
55,5499,-5.415667619637858
55,5500,-5.397999471428762
55,5501,-5.380331323219666
55,5502,-5.36266317501057
55,5503,-5.344995026801474
55,5504,-5.327326878592378
55,5505,-5.309658730383282
55,5506,-5.2919905821741855
55,5507,-5.274322433965089
55,5508,-5.256654285755993
55,5509,-5.238986137546897
55,5510,-5.221317989337801
55,5511,-5.203649841128705
55,5512,-5.185981692919609
55,5513,-5.168313544710513
55,5514,-5.1506453965014165
55,5515,-5.13297724829232
55,5516,-5.115309100083224
55,5517,-5.097640951874128
55,5518,-5.079972803665032
55,5519,-5.062304655455936
55,5520,-5.04463650724684
55,5521,-5.026968359037744
55,5522,-5.0093002108286475
55,5523,-4.991632062619551
55,5524,-4.973963914410455
55,5525,-4.956295766201359
55,5526,-4.938627617992263
55,5527,-4.920959469783167
55,5528,-4.903291321574071
55,5529,-4.885623173364975
55,5530,-4.8679550251558785
55,5531,-4.850286876946782
55,5532,-4.832618728737686
55,5533,-4.81495058052859
55,5534,-4.797282432319494
55,5535,-4.779614284110398
55,5536,-4.761946135901302
55,5537,-4.744277987692206
55,5538,-4.7266098394831095
55,5539,-4.708941691274013
55,5540,-4.691273543064917
55,5541,-4.673605394855821
55,5542,-4.655937246646725
55,5543,-4.638269098437629
55,5544,-4.620600950228533
55,5545,-4.602932802019437
55,5546,-4.5852646538103405
55,5547,-4.567596505601244
55,5548,-4.549928357392148
56,5549,-4.532260209183052
56,5550,-4.514592060973956
56,5551,-4.49692391276486
56,5552,-4.479255764555764
56,5553,-4.461587616346668
56,5554,-4.4439194681375715
56,5555,-4.426251319928475
56,5556,-4.408583171719379
56,5557,-4.390915023510283
56,5558,-4.373246875301187
56,5559,-4.355578727092091
56,5560,-4.337910578882995
56,5561,-4.320242430673899
56,5562,-4.302574282464803
56,5563,-4.284906134255706
56,5564,-4.26723798604661
56,5565,-4.249569837837514
56,5566,-4.231901689628418
56,5567,-4.214233541419322
56,5568,-4.196565393210226
56,5569,-4.17889724500113
56,5570,-4.161229096792034
56,5571,-4.143560948582937
56,5572,-4.125892800373841
56,5573,-4.108224652164745
56,5574,-4.090556503955649
56,5575,-4.072888355746553
56,5576,-4.055220207537457
56,5577,-4.037552059328361
56,5578,-4.019883911119265
56,5579,-4.0022157629101685
56,5580,-3.9845476147010728
56,5581,-3.966879466491977
56,5582,-3.9492113182828814
56,5583,-3.9315431700737857
56,5584,-3.91387502186469
56,5585,-3.8962068736555944
56,5586,-3.8785387254464987
56,5587,-3.860870577237403
56,5588,-3.8432024290283073
56,5589,-3.8255342808192117
56,5590,-3.807866132610116
56,5591,-3.7901979844010203
56,5592,-3.7725298361919246
56,5593,-3.754861687982829
56,5594,-3.7371935397737333
56,5595,-3.7195253915646376
56,5596,-3.701857243355542
56,5597,-3.684189095146446
56,5598,-3.6665209469373505
56,5599,-3.648852798728255
56,5600,-3.6488527987282526
56,5601,-3.6488527987282504
56,5602,-3.648852798728248
56,5603,-3.648852798728246
56,5604,-3.6488527987282438
56,5605,-3.6488527987282415
56,5606,-3.6488527987282393
56,5607,-3.648852798728237
56,5608,-3.648852798728235
56,5609,-3.6488527987282326
56,5610,-3.6488527987282304
56,5611,-3.648852798728228
56,5612,-3.648852798728226
56,5613,-3.6488527987282238
56,5614,-3.6488527987282215
56,5615,-3.6488527987282193
56,5616,-3.648852798728217
56,5617,-3.648852798728215
56,5618,-3.6488527987282127
56,5619,-3.6488527987282104
56,5620,-3.6488527987282082
56,5621,-3.648852798728206
56,5622,-3.648852798728204
56,5623,-3.6488527987282016
56,5624,-3.6488527987281993
56,5625,-3.648852798728197
56,5626,-3.648852798728195
56,5627,-3.6488527987281927
56,5628,-3.6488527987281905
56,5629,-3.6488527987281882
56,5630,-3.648852798728186
56,5631,-3.648852798728184
56,5632,-3.6488527987281816
56,5633,-3.6488527987281794
56,5634,-3.648852798728177
56,5635,-3.648852798728175
56,5636,-3.6488527987281727
56,5637,-3.6488527987281705
56,5638,-3.6488527987281683
56,5639,-3.648852798728166
56,5640,-3.648852798728164
56,5641,-3.6488527987281616
56,5642,-3.6488527987281594
56,5643,-3.648852798728157
56,5644,-3.648852798728155
56,5645,-3.6488527987281527
56,5646,-3.6488527987281505
56,5647,-3.6488527987281483
56,5648,-3.648852798728146
56,5649,-3.648852798728144
