Station,Length,Moment
1,0,0.0
1,1,0.0
1,2,0.0
1,3,0.0
1,4,0.0
1,5,0.0
1,6,0.0
1,7,0.0
1,8,0.0
1,9,0.0
1,10,0.0
1,11,0.0
1,12,0.0
1,13,0.0
1,14,0.0
1,15,0.0
1,16,0.0
1,17,0.0
1,18,0.0
1,19,0.0
1,20,0.0
1,21,0.0
1,22,0.0
1,23,0.0
1,24,0.0
1,25,0.0
1,26,0.0
1,27,0.0
1,28,0.0
1,29,0.0
1,30,0.0
1,31,0.0
1,32,0.0
1,33,0.0
1,34,0.0
1,35,0.0
1,36,0.0
1,37,0.0
1,38,0.0
1,39,0.0
1,40,0.0
1,41,0.0
1,42,0.0
1,43,0.0
1,44,0.0
1,45,0.0
1,46,0.0
1,47,0.0
1,48,0.0
1,49,0.0
1,50,0.0
1,51,-0.0021975878708577604
1,52,-0.004395175741715521
1,53,-0.006592763612573282
1,54,-0.008790351483431042
1,55,-0.010987939354288802
1,56,-0.013185527225146562
1,57,-0.015383115096004322
1,58,-0.017580702966862084
1,59,-0.019778290837719845
1,60,-0.021975878708577607
1,61,-0.02417346657943537
1,62,-0.02637105445029313
1,63,-0.028568642321150892
1,64,-0.030766230192008654
1,65,-0.03296381806286641
1,66,-0.035161405933724174
1,67,-0.037358993804581936
1,68,-0.0395565816754397
1,69,-0.04175416954629746
1,70,-0.04395175741715522
1,71,-0.04614934528801298
1,72,-0.048346933158870745
1,73,-0.050544521029728506
1,74,-0.05274210890058627
1,75,-0.05493969677144403
1,76,-0.05713728464230179
1,77,-0.05933487251315955
1,78,-0.061532460384017315
1,79,-0.06373004825487508
1,80,-0.06592763612573284
1,81,-0.0681252239965906
1,82,-0.07032281186744836
1,83,-0.07252039973830612
1,84,-0.07471798760916389
1,85,-0.07691557548002165
1,86,-0.07911316335087941
1,87,-0.08131075122173717
1,88,-0.08350833909259493
1,89,-0.0857059269634527
1,90,-0.08790351483431046
1,91,-0.09010110270516822
1,92,-0.09229869057602598
1,93,-0.09449627844688374
1,94,-0.0966938663177415
1,95,-0.09889145418859926
1,96,-0.10108904205945703
1,97,-0.10328662993031479
1,98,-0.10548421780117255
1,99,-0.10768180567203031
1,100,-0.10987939354288807
2,101,-0.11207698141374584
2,102,-0.1142745692846036
2,103,-0.11647215715546136
2,104,-0.11866974502631912
2,105,-0.12086733289717688
2,106,-0.12306492076803464
2,107,-0.1252625086388924
2,108,-0.12746009650975015
2,109,-0.1296576843806079
2,110,-0.13185527225146565
2,111,-0.1340528601223234
2,112,-0.13625044799318115
2,113,-0.1384480358640389
2,114,-0.14064562373489664
2,115,-0.1428432116057544
2,116,-0.14504079947661214
2,117,-0.14723838734746988
2,118,-0.14943597521832763
2,119,-0.15163356308918538
2,120,-0.15383115096004313
2,121,-0.15602873883090088
2,122,-0.15822632670175862
2,123,-0.16042391457261637
2,124,-0.16262150244347412
2,125,-0.16481909031433187
2,126,-0.16701667818518962
2,127,-0.16921426605604736
2,128,-0.1714118539269051
2,129,-0.17360944179776286
2,130,-0.1758070296686206
2,131,-0.17800461753947835
2,132,-0.1802022054103361
2,133,-0.18239979328119385
2,134,-0.1845973811520516
2,135,-0.18679496902290935
2,136,-0.1889925568937671
2,137,-0.19119014476462484
2,138,-0.1933877326354826
2,139,-0.19558532050634034
2,140,-0.19778290837719809
2,141,-0.19998049624805583
2,142,-0.20217808411891358
2,143,-0.20437567198977133
2,144,-0.20657325986062908
2,145,-0.20877084773148682
2,146,-0.21096843560234457
2,147,-0.21316602347320232
2,148,-0.21536361134406007
2,149,-0.21756119921491782
2,150,-0.21975878708577556
2,151,-0.2219563749566333
2,152,-0.231384169837358
2,153,-0.24081196471808267
2,154,-0.25023975959880734
2,155,-0.25966755447953205
2,156,-0.26909534936025675
2,157,-0.27852314424098146
2,158,-0.28795093912170616
2,159,-0.29737873400243087
2,160,-0.30680652888315557
2,161,-0.3162343237638803
2,162,-0.325662118644605
2,163,-0.3350899135253297
2,164,-0.3445177084060544
2,165,-0.3539455032867791
2,166,-0.3633732981675038
2,167,-0.3728010930482285
2,168,-0.3822288879289532
2,169,-0.3916566828096779
2,170,-0.4010844776904026
2,171,-0.4105122725711273
2,172,-0.41994006745185203
2,173,-0.42936786233257673
2,174,-0.43879565721330144
2,175,-0.44822345209402614
2,176,-0.45765124697475085
2,177,-0.46707904185547555
2,178,-0.47650683673620026
2,179,-0.48593463161692496
2,180,-0.49536242649764967
2,181,-0.5047902213783744
2,182,-0.514218016259099
2,183,-0.5236458111398237
2,184,-0.5330736060205483
2,185,-0.542501400901273
2,186,-0.5519291957819976
2,187,-0.5613569906627223
2,188,-0.5707847855434469
2,189,-0.5802125804241716
2,190,-0.5896403753048962
2,191,-0.5990681701856209
2,192,-0.6084959650663455
2,193,-0.6179237599470702
2,194,-0.6273515548277948
2,195,-0.6367793497085195
2,196,-0.6462071445892441
2,197,-0.6556349394699688
2,198,-0.6650627343506934
2,199,-0.6744905292314181
2,200,-0.6839183241121427
2,201,-0.6933461189928674
3,202,-0.702773913873592
3,203,-0.7122017087543167
3,204,-0.7216295036350413
3,205,-0.731057298515766
3,206,-0.7404850933964906
3,207,-0.7499128882772153
3,208,-0.7593406831579399
3,209,-0.7687684780386645
3,210,-0.7781962729193892
3,211,-0.7876240678001138
3,212,-0.7970518626808385
3,213,-0.8064796575615631
3,214,-0.8159074524422878
3,215,-0.8253352473230124
3,216,-0.8347630422037371
3,217,-0.8441908370844617
3,218,-0.8536186319651864
3,219,-0.863046426845911
3,220,-0.8724742217266357
3,221,-0.8819020166073603
3,222,-0.891329811488085
3,223,-0.9007576063688096
3,224,-0.9101854012495343
3,225,-0.9196131961302589
3,226,-0.9290409910109836
3,227,-0.9384687858917082
3,228,-0.9478965807724329
3,229,-0.9573243756531575
3,230,-0.9667521705338822
3,231,-0.9761799654146068
3,232,-0.9856077602953315
3,233,-0.9950355551760561
3,234,-1.0044633500567808
3,235,-1.0138911449375054
3,236,-1.02331893981823
3,237,-1.0327467346989547
3,238,-1.0421745295796794
3,239,-1.051602324460404
3,240,-1.0610301193411287
3,241,-1.0704579142218533
3,242,-1.079885709102578
3,243,-1.0893135039833026
3,244,-1.0987412988640273
3,245,-1.108169093744752
3,246,-1.1175968886254766
3,247,-1.1270246835062012
3,248,-1.1364524783869259
3,249,-1.1458802732676505
3,250,-1.1553080681483752
3,251,-1.1647358630290998
3,252,-1.1741636579098245
3,253,-1.188474491257896
3,254,-1.2027853246059674
3,255,-1.217096157954039
3,256,-1.2314069913021104
3,257,-1.2457178246501819
3,258,-1.2600286579982534
3,259,-1.2743394913463248
3,260,-1.2886503246943963
3,261,-1.3029611580424678
3,262,-1.3172719913905393
3,263,-1.3315828247386108
3,264,-1.3458936580866823
3,265,-1.3602044914347537
3,266,-1.3745153247828252
3,267,-1.3888261581308967
3,268,-1.4031369914789682
3,269,-1.4174478248270397
3,270,-1.4317586581751112
3,271,-1.4460694915231826
3,272,-1.4603803248712541
3,273,-1.4746911582193256
3,274,-1.489001991567397
3,275,-1.5033128249154686
3,276,-1.51762365826354
3,277,-1.5319344916116115
3,278,-1.546245324959683
3,279,-1.5605561583077545
3,280,-1.574866991655826
3,281,-1.5891778250038975
3,282,-1.603488658351969
3,283,-1.6177994917000404
3,284,-1.632110325048112
3,285,-1.6464211583961834
3,286,-1.660731991744255
3,287,-1.6750428250923264
3,288,-1.6893536584403979
3,289,-1.7036644917884693
3,290,-1.7179753251365408
3,291,-1.7322861584846123
3,292,-1.7465969918326838
3,293,-1.7609078251807553
3,294,-1.7752186585288268
3,295,-1.7895294918768982
3,296,-1.8038403252249697
3,297,-1.8181511585730412
3,298,-1.8324619919211127
3,299,-1.8467728252691842
3,300,-1.8610836586172557
3,301,-1.8753944919653271
3,302,-1.8897053253133986
4,303,-1.9040161586614701
4,304,-1.9183269920095416
4,305,-1.932637825357613
4,306,-1.9469486587056846
4,307,-1.961259492053756
4,308,-1.9755703254018275
4,309,-1.989881158749899
4,310,-2.0041919920979705
4,311,-2.018502825446042
4,312,-2.0328136587941135
4,313,-2.047124492142185
4,314,-2.0614353254902564
4,315,-2.075746158838328
4,316,-2.0900569921863994
4,317,-2.104367825534471
4,318,-2.1186786588825424
4,319,-2.132989492230614
4,320,-2.1473003255786853
4,321,-2.161611158926757
4,322,-2.1759219922748283
4,323,-2.1902328256229
4,324,-2.2045436589709713
4,325,-2.2188544923190427
4,326,-2.2331653256671142
4,327,-2.2474761590151857
4,328,-2.261786992363257
4,329,-2.2760978257113287
4,330,-2.2904086590594
4,331,-2.3047194924074716
4,332,-2.319030325755543
4,333,-2.3333411591036146
4,334,-2.347651992451686
4,335,-2.3619628257997576
4,336,-2.376273659147829
4,337,-2.3905844924959005
4,338,-2.404895325843972
4,339,-2.4192061591920435
4,340,-2.433516992540115
4,341,-2.4478278258881865
4,342,-2.462138659236258
4,343,-2.4764494925843294
4,344,-2.490760325932401
4,345,-2.5050711592804724
4,346,-2.519381992628544
4,347,-2.5336928259766154
4,348,-2.548003659324687
4,349,-2.5623144926727583
4,350,-2.57662532602083
4,351,-2.5909361593689013
4,352,-2.605246992716973
4,353,-2.6195578260650443
4,354,-2.6307421079881532
4,355,-2.641926389911262
4,356,-2.653110671834371
4,357,-2.66429495375748
4,358,-2.675479235680589
4,359,-2.686663517603698
4,360,-2.697847799526807
4,361,-2.709032081449916
4,362,-2.7202163633730247
4,363,-2.7314006452961337
4,364,-2.7425849272192426
4,365,-2.7537692091423516
4,366,-2.7649534910654605
4,367,-2.7761377729885695
4,368,-2.7873220549116784
4,369,-2.7985063368347873
4,370,-2.8096906187578963
4,371,-2.820874900681005
4,372,-2.832059182604114
4,373,-2.843243464527223
4,374,-2.854427746450332
4,375,-2.865612028373441
4,376,-2.87679631029655
4,377,-2.887980592219659
4,378,-2.899164874142768
4,379,-2.9103491560658767
4,380,-2.9215334379889857
4,381,-2.9327177199120946
4,382,-2.9439020018352036
4,383,-2.9550862837583125
4,384,-2.9662705656814214
4,385,-2.9774548476045304
4,386,-2.9886391295276393
4,387,-2.9998234114507483
4,388,-3.011007693373857
4,389,-3.022191975296966
4,390,-3.033376257220075
4,391,-3.044560539143184
4,392,-3.055744821066293
4,393,-3.066929102989402
4,394,-3.078113384912511
4,395,-3.08929766683562
4,396,-3.1004819487587287
4,397,-3.1116662306818377
4,398,-3.1228505126049466
4,399,-3.1340347945280556
4,400,-3.1452190764511645
4,401,-3.1564033583742734
4,402,-3.1675876402973824
4,403,-3.1787719222204913
5,404,-3.1899562041436003
5,405,-3.201140486066709
5,406,-3.212324767989818
5,407,-3.223509049912927
5,408,-3.234693331836036
5,409,-3.245877613759145
5,410,-3.257061895682254
5,411,-3.268246177605363
5,412,-3.279430459528472
5,413,-3.2906147414515807
5,414,-3.3017990233746897
5,415,-3.3129833052977986
5,416,-3.3241675872209075
5,417,-3.3353518691440165
5,418,-3.3465361510671254
5,419,-3.3577204329902344
5,420,-3.3689047149133433
5,421,-3.3800889968364523
5,422,-3.391273278759561
5,423,-3.40245756068267
5,424,-3.413641842605779
5,425,-3.424826124528888
5,426,-3.436010406451997
5,427,-3.447194688375106
5,428,-3.458378970298215
5,429,-3.469563252221324
5,430,-3.4807475341444327
5,431,-3.4919318160675417
5,432,-3.5031160979906506
5,433,-3.5143003799137595
5,434,-3.5254846618368685
5,435,-3.5366689437599774
5,436,-3.5478532256830864
5,437,-3.5590375076061953
5,438,-3.5702217895293042
5,439,-3.581406071452413
5,440,-3.592590353375522
5,441,-3.603774635298631
5,442,-3.61495891722174
5,443,-3.626143199144849
5,444,-3.637327481067958
5,445,-3.648511762991067
5,446,-3.6596960449141758
5,447,-3.6708803268372847
5,448,-3.6820646087603937
5,449,-3.6932488906835026
5,450,-3.7044331726066115
5,451,-3.7156174545297205
5,452,-3.7268017364528294
5,453,-3.7379860183759384
5,454,-3.7491703002990473
5,455,-3.746641874295921
5,456,-3.7441134482927945
5,457,-3.741585022289668
5,458,-3.7390565962865416
5,459,-3.736528170283415
5,460,-3.733999744280289
5,461,-3.7314713182771624
5,462,-3.728942892274036
5,463,-3.7264144662709096
5,464,-3.723886040267783
5,465,-3.7213576142646567
5,466,-3.7188291882615303
5,467,-3.716300762258404
5,468,-3.7137723362552775
5,469,-3.711243910252151
5,470,-3.7087154842490246
5,471,-3.7061870582458982
5,472,-3.703658632242772
5,473,-3.7011302062396454
5,474,-3.698601780236519
5,475,-3.6960733542333926
5,476,-3.693544928230266
5,477,-3.6910165022271397
5,478,-3.6884880762240133
5,479,-3.685959650220887
5,480,-3.6834312242177605
5,481,-3.680902798214634
5,482,-3.6783743722115076
5,483,-3.6758459462083812
5,484,-3.673317520205255
5,485,-3.6707890942021284
5,486,-3.668260668199002
5,487,-3.6657322421958756
5,488,-3.663203816192749
5,489,-3.6606753901896227
5,490,-3.6581469641864963
5,491,-3.65561853818337
5,492,-3.6530901121802435
5,493,-3.650561686177117
5,494,-3.6480332601739907
5,495,-3.6455048341708642
5,496,-3.642976408167738
5,497,-3.6404479821646114
5,498,-3.637919556161485
5,499,-3.6353911301583586
5,500,-3.632862704155232
5,501,-3.6303342781521057
5,502,-3.6278058521489793
5,503,-3.625277426145853
6,504,-3.6227490001427265
6,505,-3.6202205741396
6,506,-3.6176921481364737
6,507,-3.6151637221333472
6,508,-3.612635296130221
6,509,-3.6101068701270944
6,510,-3.607578444123968
6,511,-3.6050500181208416
6,512,-3.602521592117715
6,513,-3.5999931661145887
6,514,-3.5974647401114623
6,515,-3.594936314108336
6,516,-3.5924078881052095
6,517,-3.589879462102083
6,518,-3.5873510360989567
6,519,-3.5848226100958303
6,520,-3.582294184092704
6,521,-3.5797657580895774
6,522,-3.577237332086451
6,523,-3.5747089060833246
6,524,-3.572180480080198
6,525,-3.5696520540770718
6,526,-3.5671236280739453
6,527,-3.564595202070819
6,528,-3.5620667760676925
6,529,-3.559538350064566
6,530,-3.5570099240614397
6,531,-3.5544814980583133
6,532,-3.551953072055187
6,533,-3.5494246460520604
6,534,-3.546896220048934
6,535,-3.5443677940458076
6,536,-3.541839368042681
6,537,-3.5393109420395548
6,538,-3.5367825160364283
6,539,-3.534254090033302
6,540,-3.5317256640301755
6,541,-3.529197238027049
6,542,-3.5266688120239227
6,543,-3.5241403860207963
6,544,-3.52161196001767
6,545,-3.5190835340145434
6,546,-3.516555108011417
6,547,-3.5140266820082906
6,548,-3.511498256005164
6,549,-3.5089698300020378
6,550,-3.5064414039989114
6,551,-3.503912977995785
6,552,-3.5013845519926585
6,553,-3.498856125989532
6,554,-3.4963276999864057
6,555,-3.469073843603501
6,556,-3.4418199872205966
6,557,-3.414566130837692
6,558,-3.3873122744547874
6,559,-3.360058418071883
6,560,-3.3328045616889783
6,561,-3.3055507053060738
6,562,-3.278296848923169
6,563,-3.2510429925402646
6,564,-3.22378913615736
6,565,-3.1965352797744555
6,566,-3.169281423391551
6,567,-3.1420275670086464
6,568,-3.114773710625742
6,569,-3.0875198542428373
6,570,-3.0602659978599327
6,571,-3.033012141477028
6,572,-3.0057582850941236
6,573,-2.978504428711219
6,574,-2.9512505723283144
6,575,-2.92399671594541
6,576,-2.8967428595625053
6,577,-2.8694890031796008
6,578,-2.842235146796696
6,579,-2.8149812904137916
6,580,-2.787727434030887
6,581,-2.7604735776479825
6,582,-2.733219721265078
6,583,-2.7059658648821734
6,584,-2.678712008499269
6,585,-2.6514581521163643
6,586,-2.6242042957334597
6,587,-2.596950439350555
6,588,-2.5696965829676506
6,589,-2.542442726584746
6,590,-2.5151888702018415
6,591,-2.487935013818937
6,592,-2.4606811574360323
6,593,-2.4334273010531278
6,594,-2.406173444670223
6,595,-2.3789195882873186
6,596,-2.351665731904414
6,597,-2.3244118755215095
6,598,-2.297158019138605
6,599,-2.2699041627557004
6,600,-2.242650306372796
6,601,-2.2153964499898913
6,602,-2.1881425936069867
6,603,-2.160888737224082
6,604,-2.1336348808411776
7,605,-2.106381024458273
7,606,-2.0791271680753685
7,607,-2.051873311692464
7,608,-2.0246194553095593
7,609,-1.9973655989266548
7,610,-1.9701117425437502
7,611,-1.9428578861608456
7,612,-1.915604029777941
7,613,-1.8883501733950365
7,614,-1.861096317012132
7,615,-1.8338424606292274
7,616,-1.8065886042463228
7,617,-1.7793347478634183
7,618,-1.7520808914805137
7,619,-1.7248270350976092
7,620,-1.6975731787147046
7,621,-1.6703193223318
7,622,-1.6430654659488955
7,623,-1.615811609565991
7,624,-1.5885577531830863
7,625,-1.5613038968001818
7,626,-1.5340500404172772
7,627,-1.5067961840343727
7,628,-1.479542327651468
7,629,-1.4522884712685635
7,630,-1.425034614885659
7,631,-1.3977807585027544
7,632,-1.3705269021198498
7,633,-1.3432730457369453
7,634,-1.3160191893540407
7,635,-1.2887653329711362
7,636,-1.2615114765882316
7,637,-1.234257620205327
7,638,-1.2070037638224225
7,639,-1.179749907439518
7,640,-1.1524960510566133
7,641,-1.1252421946737088
7,642,-1.0979883382908042
7,643,-1.0707344819078997
7,644,-1.043480625524995
7,645,-1.0162267691420905
7,646,-0.9889729127591859
7,647,-0.9617190563762812
7,648,-0.9344651999933765
7,649,-0.9072113436104718
7,650,-0.8799574872275672
7,651,-0.8527036308446625
7,652,-0.8254497744617578
7,653,-0.7981959180788532
7,654,-0.7709420616959485
7,655,-0.7436882053130438
7,656,-0.6812201648728193
7,657,-0.6187521244325949
7,658,-0.5562840839923704
7,659,-0.49381604355214587
7,660,-0.43134800311192134
7,661,-0.3688799626716968
7,662,-0.3064119222314723
7,663,-0.24394388179124776
7,664,-0.18147584135102324
7,665,-0.11900780091079871
7,666,-0.05653976047057419
7,667,0.005928279969650327
7,668,0.06839632040987484
7,669,0.13086436085009936
7,670,0.1933324012903239
7,671,0.2558004417305484
7,672,0.3182684821707729
7,673,0.38073652261099744
7,674,0.44320456305122197
7,675,0.5056726034914465
7,676,0.568140643931671
7,677,0.6306086843718954
7,678,0.6930767248121199
7,679,0.7555447652523444
7,680,0.8180128056925688
7,681,0.8804808461327933
7,682,0.9429488865730178
7,683,1.0054169270132423
7,684,1.0678849674534667
7,685,1.1303530078936912
7,686,1.1928210483339157
7,687,1.2552890887741401
7,688,1.3177571292143646
7,689,1.380225169654589
7,690,1.4426932100948135
7,691,1.505161250535038
7,692,1.5676292909752625
7,693,1.630097331415487
7,694,1.6925653718557114
7,695,1.755033412295936
7,696,1.8175014527361604
7,697,1.8799694931763848
7,698,1.9424375336166093
7,699,2.004905574056834
7,700,2.0673736144970585
7,701,2.129841654937283
7,702,2.1923096953775074
7,703,2.254777735817732
7,704,2.3172457762579564
7,705,2.379713816698181
8,706,2.4421818571384053
8,707,2.5046498975786298
8,708,2.5671179380188542
8,709,2.6295859784590787
8,710,2.692054018899303
8,711,2.7545220593395277
8,712,2.816990099779752
8,713,2.8794581402199766
8,714,2.941926180660201
8,715,3.0043942211004255
8,716,3.06686226154065
8,717,3.1293303019808745
8,718,3.191798342421099
8,719,3.2542663828613234
8,720,3.316734423301548
8,721,3.3792024637417724
8,722,3.441670504181997
8,723,3.5041385446222213
8,724,3.5666065850624458
8,725,3.6290746255026702
8,726,3.6915426659428947
8,727,3.754010706383119
8,728,3.8164787468233436
8,729,3.878946787263568
8,730,3.9414148277037926
8,731,4.003882868144017
8,732,4.0663509085842415
8,733,4.128818949024466
8,734,4.1912869894646905
8,735,4.253755029904915
8,736,4.316223070345139
8,737,4.378691110785364
8,738,4.441159151225588
8,739,4.503627191665813
8,740,4.566095232106037
8,741,4.628563272546262
8,742,4.691031312986486
8,743,4.753499353426711
8,744,4.815967393866935
8,745,4.87843543430716
8,746,4.940903474747384
8,747,5.003371515187609
8,748,5.065839555627833
8,749,5.1283075960680575
8,750,5.190775636508282
8,751,5.2532436769485065
8,752,5.315711717388731
8,753,5.378179757828955
8,754,5.44064779826918
8,755,5.503115838709404
8,756,5.565583879149629
8,757,5.67246921993761
8,758,5.779354560725591
8,759,5.886239901513572
8,760,5.993125242301553
8,761,6.100010583089534
8,762,6.206895923877515
8,763,6.313781264665496
8,764,6.420666605453477
8,765,6.527551946241458
8,766,6.6344372870294395
8,767,6.7413226278174205
8,768,6.848207968605402
8,769,6.955093309393383
8,770,7.061978650181364
8,771,7.168863990969345
8,772,7.275749331757326
8,773,7.382634672545307
8,774,7.489520013333288
8,775,7.596405354121269
8,776,7.70329069490925
8,777,7.810176035697231
8,778,7.917061376485212
8,779,8.023946717273194
8,780,8.130832058061175
8,781,8.237717398849156
8,782,8.344602739637137
8,783,8.451488080425118
8,784,8.5583734212131
8,785,8.66525876200108
8,786,8.772144102789062
8,787,8.879029443577043
8,788,8.985914784365024
8,789,9.092800125153005
8,790,9.199685465940986
8,791,9.306570806728967
8,792,9.413456147516948
8,793,9.520341488304929
8,794,9.62722682909291
8,795,9.734112169880891
8,796,9.840997510668872
8,797,9.947882851456853
8,798,10.054768192244834
8,799,10.161653533032815
8,800,10.268538873820797
8,801,10.375424214608778
8,802,10.482309555396759
8,803,10.58919489618474
8,804,10.69608023697272
8,805,10.802965577760702
8,806,10.909850918548683
9,807,11.016736259336664
9,808,11.123621600124645
9,809,11.230506940912626
9,810,11.337392281700607
9,811,11.444277622488588
9,812,11.55116296327657
9,813,11.65804830406455
9,814,11.764933644852531
9,815,11.871818985640513
9,816,11.978704326428494
9,817,12.085589667216475
9,818,12.192475008004456
9,819,12.299360348792437
9,820,12.406245689580418
9,821,12.513131030368399
9,822,12.62001637115638
9,823,12.726901711944361
9,824,12.833787052732342
9,825,12.940672393520323
9,826,13.047557734308304
9,827,13.154443075096285
9,828,13.261328415884266
9,829,13.368213756672247
9,830,13.475099097460228
9,831,13.58198443824821
9,832,13.68886977903619
9,833,13.795755119824172
9,834,13.902640460612153
9,835,14.009525801400134
9,836,14.116411142188115
9,837,14.223296482976096
9,838,14.330181823764077
9,839,14.437067164552058
9,840,14.54395250534004
9,841,14.65083784612802
9,842,14.757723186916001
9,843,14.864608527703982
9,844,14.971493868491963
9,845,15.078379209279944
9,846,15.185264550067926
9,847,15.292149890855907
9,848,15.399035231643888
9,849,15.505920572431869
9,850,15.61280591321985
9,851,15.71969125400783
9,852,15.826576594795812
9,853,15.933461935583793
9,854,16.040347276371776
9,855,16.14723261715976
9,856,16.25411795794774
9,857,16.361003298735724
9,858,16.51985709593302
9,859,16.678710893130315
9,860,16.83756469032761
9,861,16.996418487524906
9,862,17.1552722847222
9,863,17.314126081919497
9,864,17.472979879116792
9,865,17.631833676314088
9,866,17.790687473511383
9,867,17.94954127070868
9,868,18.108395067905974
9,869,18.26724886510327
9,870,18.426102662300565
9,871,18.58495645949786
9,872,18.743810256695156
9,873,18.90266405389245
9,874,19.061517851089747
9,875,19.220371648287042
9,876,19.379225445484337
9,877,19.538079242681633
9,878,19.696933039878928
9,879,19.855786837076224
9,880,20.01464063427352
9,881,20.173494431470814
9,882,20.33234822866811
9,883,20.491202025865405
9,884,20.6500558230627
9,885,20.808909620259996
9,886,20.96776341745729
9,887,21.126617214654587
9,888,21.285471011851882
9,889,21.444324809049178
9,890,21.603178606246473
9,891,21.76203240344377
9,892,21.920886200641064
9,893,22.07973999783836
9,894,22.238593795035655
9,895,22.39744759223295
9,896,22.556301389430246
9,897,22.71515518662754
9,898,22.874008983824837
9,899,23.032862781022132
9,900,23.191716578219427
9,901,23.350570375416723
9,902,23.50942417261402
9,903,23.668277969811314
9,904,23.82713176700861
9,905,23.985985564205905
9,906,24.1448393614032
9,907,24.303693158600495
10,908,24.46254695579779
10,909,24.621400752995086
10,910,24.78025455019238
10,911,24.939108347389677
10,912,25.097962144586972
10,913,25.256815941784268
10,914,25.415669738981563
10,915,25.57452353617886
10,916,25.733377333376154
10,917,25.89223113057345
10,918,26.051084927770745
10,919,26.20993872496804
10,920,26.368792522165336
10,921,26.52764631936263
10,922,26.686500116559927
10,923,26.845353913757222
10,924,27.004207710954518
10,925,27.163061508151813
10,926,27.32191530534911
10,927,27.480769102546404
10,928,27.6396228997437
10,929,27.798476696940995
10,930,27.95733049413829
10,931,28.116184291335585
10,932,28.27503808853288
10,933,28.433891885730176
10,934,28.59274568292747
10,935,28.751599480124767
10,936,28.910453277322063
10,937,29.069307074519358
10,938,29.228160871716653
10,939,29.38701466891395
10,940,29.545868466111244
10,941,29.70472226330854
10,942,29.863576060505835
10,943,30.02242985770313
10,944,30.181283654900426
10,945,30.34013745209772
10,946,30.498991249295017
10,947,30.657845046492312
10,948,30.816698843689608
10,949,30.975552640886903
10,950,31.1344064380842
10,951,31.293260235281494
10,952,31.45211403247879
10,953,31.610967829676085
10,954,31.76982162687338
10,955,31.928675424070676
10,956,32.08752922126797
10,957,32.246383018465266
10,958,32.40523681566256
10,959,32.62267633462411
10,960,32.84011585358566
10,961,33.057555372547206
10,962,33.274994891508754
10,963,33.4924344104703
10,964,33.70987392943185
10,965,33.9273134483934
10,966,34.14475296735495
10,967,34.362192486316495
10,968,34.57963200527804
10,969,34.79707152423959
10,970,35.01451104320114
10,971,35.23195056216269
10,972,35.449390081124236
10,973,35.666829600085784
10,974,35.88426911904733
10,975,36.10170863800888
10,976,36.31914815697043
10,977,36.536587675931976
10,978,36.754027194893524
10,979,36.97146671385507
10,980,37.18890623281662
10,981,37.40634575177817
10,982,37.62378527073972
10,983,37.841224789701265
10,984,38.05866430866281
10,985,38.27610382762436
10,986,38.49354334658591
10,987,38.71098286554746
10,988,38.928422384509005
10,989,39.14586190347055
10,990,39.3633014224321
10,991,39.58074094139365
10,992,39.7981804603552
10,993,40.015619979316746
10,994,40.233059498278294
10,995,40.45049901723984
10,996,40.66793853620139
10,997,40.88537805516294
10,998,41.10281757412449
10,999,41.320257093086035
10,1000,41.53769661204758
10,1001,41.75513613100913
10,1002,41.97257564997068
10,1003,42.19001516893223
10,1004,42.407454687893775
10,1005,42.62489420685532
10,1006,42.84233372581687
10,1007,43.05977324477842
10,1008,43.27721276373997
11,1009,43.494652282701516
11,1010,43.712091801663064
11,1011,43.92953132062461
11,1012,44.14697083958616
11,1013,44.36441035854771
11,1014,44.581849877509256
11,1015,44.799289396470805
11,1016,45.01672891543235
11,1017,45.2341684343939
11,1018,45.45160795335545
11,1019,45.669047472317
11,1020,45.886486991278545
11,1021,46.10392651024009
11,1022,46.32136602920164
11,1023,46.53880554816319
11,1024,46.75624506712474
11,1025,46.973684586086286
11,1026,47.191124105047834
11,1027,47.40856362400938
11,1028,47.62600314297093
11,1029,47.84344266193248
11,1030,48.060882180894026
11,1031,48.278321699855574
11,1032,48.49576121881712
11,1033,48.71320073777867
11,1034,48.93064025674022
11,1035,49.14807977570177
11,1036,49.365519294663315
11,1037,49.58295881362486
11,1038,49.80039833258641
11,1039,50.01783785154796
11,1040,50.23527737050951
11,1041,50.452716889471056
11,1042,50.670156408432604
11,1043,50.88759592739415
11,1044,51.1050354463557
11,1045,51.32247496531725
11,1046,51.539914484278796
11,1047,51.757354003240344
11,1048,51.97479352220189
11,1049,52.19223304116344
11,1050,52.40967256012499
11,1051,52.62711207908654
11,1052,52.844551598048085
11,1053,53.06199111700963
11,1054,53.27943063597118
11,1055,53.49687015493273
11,1056,53.71430967389428
11,1057,53.931749192855825
11,1058,54.149188711817374
11,1059,54.36662823077892
11,1060,54.648923869856176
11,1061,54.93121950893343
11,1062,55.213515148010686
11,1063,55.49581078708794
11,1064,55.778106426165195
11,1065,56.06040206524245
11,1066,56.342697704319704
11,1067,56.62499334339696
11,1068,56.90728898247421
11,1069,57.18958462155147
11,1070,57.47188026062872
11,1071,57.75417589970598
11,1072,58.03647153878323
11,1073,58.31876717786049
11,1074,58.60106281693774
11,1075,58.883358456014996
11,1076,59.16565409509225
11,1077,59.447949734169505
11,1078,59.73024537324676
11,1079,60.012541012324014
11,1080,60.29483665140127
11,1081,60.577132290478524
11,1082,60.85942792955578
11,1083,61.14172356863303
11,1084,61.42401920771029
11,1085,61.70631484678754
11,1086,61.9886104858648
11,1087,62.27090612494205
11,1088,62.553201764019306
11,1089,62.83549740309656
11,1090,63.117793042173815
11,1091,63.40008868125107
11,1092,63.682384320328325
11,1093,63.96467995940558
11,1094,64.24697559848283
11,1095,64.52927123756008
11,1096,64.81156687663733
11,1097,65.09386251571458
11,1098,65.37615815479182
11,1099,65.65845379386907
11,1100,65.94074943294632
11,1101,66.22304507202357
11,1102,66.50534071110081
11,1103,66.78763635017806
11,1104,67.06993198925531
11,1105,67.35222762833256
11,1106,67.6345232674098
11,1107,67.91681890648705
11,1108,68.1991145455643
11,1109,68.48141018464155
12,1110,68.7637058237188
12,1111,69.04600146279604
12,1112,69.32829710187329
12,1113,69.61059274095054
12,1114,69.89288838002778
12,1115,70.17518401910503
12,1116,70.45747965818228
12,1117,70.73977529725953
12,1118,71.02207093633677
12,1119,71.30436657541402
12,1120,71.58666221449127
12,1121,71.86895785356852
12,1122,72.15125349264576
12,1123,72.43354913172301
12,1124,72.71584477080026
12,1125,72.99814040987751
12,1126,73.28043604895475
12,1127,73.562731688032
12,1128,73.84502732710925
12,1129,74.1273229661865
12,1130,74.40961860526374
12,1131,74.69191424434099
12,1132,74.97420988341824
12,1133,75.25650552249549
12,1134,75.53880116157274
12,1135,75.82109680064998
12,1136,76.10339243972723
12,1137,76.38568807880448
12,1138,76.66798371788173
12,1139,76.95027935695897
12,1140,77.23257499603622
12,1141,77.51487063511347
12,1142,77.79716627419072
12,1143,78.07946191326796
12,1144,78.36175755234521
12,1145,78.64405319142246
12,1146,78.9263488304997
12,1147,79.20864446957695
12,1148,79.4909401086542
12,1149,79.77323574773145
12,1150,80.0555313868087
12,1151,80.33782702588594
12,1152,80.62012266496319
12,1153,80.90241830404044
12,1154,81.18471394311769
12,1155,81.46700958219493
12,1156,81.74930522127218
12,1157,82.03160086034943
12,1158,82.31389649942668
12,1159,82.59619213850392
12,1160,82.87848777758117
12,1161,83.23152641936885
12,1162,83.58456506115652
12,1163,83.9376037029442
12,1164,84.29064234473188
12,1165,84.64368098651956
12,1166,84.99671962830723
12,1167,85.34975827009491
12,1168,85.70279691188259
12,1169,86.05583555367026
12,1170,86.40887419545794
12,1171,86.76191283724562
12,1172,87.1149514790333
12,1173,87.46799012082097
12,1174,87.82102876260865
12,1175,88.17406740439633
12,1176,88.527106046184
12,1177,88.88014468797168
12,1178,89.23318332975936
12,1179,89.58622197154703
12,1180,89.93926061333471
12,1181,90.29229925512239
12,1182,90.64533789691006
12,1183,90.99837653869774
12,1184,91.35141518048542
12,1185,91.7044538222731
12,1186,92.05749246406077
12,1187,92.41053110584845
12,1188,92.76356974763613
12,1189,93.1166083894238
12,1190,93.46964703121148
12,1191,93.82268567299916
12,1192,94.17572431478683
12,1193,94.52876295657451
12,1194,94.88180159836219
12,1195,95.23484024014986
12,1196,95.58787888193754
12,1197,95.94091752372522
12,1198,96.2939561655129
12,1199,96.64699480730057
12,1200,97.00003344908825
12,1201,97.35307209087593
12,1202,97.7061107326636
12,1203,98.05914937445128
12,1204,98.41218801623896
12,1205,98.76522665802663
12,1206,99.11826529981431
12,1207,99.47130394160199
12,1208,99.82434258338967
12,1209,100.17738122517734
12,1210,100.53041986696502
13,1211,100.8834585087527
13,1212,101.23649715054037
13,1213,101.58953579232805
13,1214,101.94257443411573
13,1215,102.2956130759034
13,1216,102.64865171769108
13,1217,103.00169035947876
13,1218,103.35472900126643
13,1219,103.70776764305411
13,1220,104.06080628484179
13,1221,104.41384492662947
13,1222,104.76688356841714
13,1223,105.11992221020482
13,1224,105.4729608519925
13,1225,105.82599949378017
13,1226,106.17903813556785
13,1227,106.53207677735553
13,1228,106.8851154191432
13,1229,107.23815406093088
13,1230,107.59119270271856
13,1231,107.94423134450624
13,1232,108.29726998629391
13,1233,108.65030862808159
13,1234,109.00334726986927
13,1235,109.35638591165694
13,1236,109.70942455344462
13,1237,110.0624631952323
13,1238,110.41550183701997
13,1239,110.76854047880765
13,1240,111.12157912059533
13,1241,111.474617762383
13,1242,111.82765640417068
13,1243,112.18069504595836
13,1244,112.53373368774604
13,1245,112.88677232953371
13,1246,113.23981097132139
13,1247,113.59284961310907
13,1248,113.94588825489674
13,1249,114.29892689668442
13,1250,113.92504453847211
13,1251,113.5511621802598
13,1252,113.17727982204748
13,1253,112.80339746383517
13,1254,112.42951510562285
13,1255,112.05563274741054
13,1256,111.68175038919823
13,1257,111.30786803098592
13,1258,110.9339856727736
13,1259,110.56010331456129
13,1260,110.18622095634898
13,1261,109.81233859813666
13,1262,109.5144673286207
13,1263,109.21659605910473
13,1264,108.91872478958877
13,1265,108.6208535200728
13,1266,108.32298225055683
13,1267,108.02511098104087
13,1268,107.7272397115249
13,1269,107.42936844200894
13,1270,107.13149717249297
13,1271,106.833625902977
13,1272,106.53575463346104
13,1273,106.23788336394507
13,1274,105.94001209442911
13,1275,105.64214082491314
13,1276,105.34426955539718
13,1277,105.04639828588121
13,1278,104.74852701636524
13,1279,104.45065574684928
13,1280,104.15278447733331
13,1281,103.85491320781735
13,1282,103.55704193830138
13,1283,103.25917066878542
13,1284,102.96129939926945
13,1285,102.66342812975348
13,1286,102.36555686023752
13,1287,102.06768559072155
13,1288,101.76981432120559
13,1289,101.47194305168962
13,1290,101.17407178217366
13,1291,100.87620051265769
13,1292,100.57832924314172
13,1293,100.28045797362576
13,1294,99.98258670410979
13,1295,99.68471543459383
13,1296,99.38684416507786
13,1297,99.0889728955619
13,1298,98.79110162604593
13,1299,98.49323035652996
13,1300,98.195359087014
13,1301,97.89748781749803
13,1302,97.59961654798207
13,1303,97.3017452784661
13,1304,97.00387400895013
13,1305,96.70600273943417
13,1306,96.4081314699182
13,1307,96.11026020040224
13,1308,95.81238893088627
13,1309,95.5145176613703
13,1310,95.21664639185434
13,1311,94.91877512233837
14,1312,94.62090385282241
14,1313,94.32303258330644
14,1314,94.02516131379048
14,1315,93.72729004427451
14,1316,93.42941877475855
14,1317,93.13154750524258
14,1318,92.83367623572661
14,1319,92.53580496621065
14,1320,92.23793369669468
14,1321,91.94006242717872
14,1322,91.64219115766275
14,1323,91.34431988814679
14,1324,91.04644861863082
14,1325,90.74857734911485
14,1326,90.45070607959889
14,1327,90.15283481008292
14,1328,89.85496354056696
14,1329,89.55709227105099
14,1330,89.25922100153502
14,1331,88.96134973201906
14,1332,88.6634784625031
14,1333,88.36560719298713
14,1334,88.06773592347116
14,1335,87.7698646539552
14,1336,87.47199338443923
14,1337,87.17412211492326
14,1338,86.8762508454073
14,1339,86.57837957589133
14,1340,86.28050830637537
14,1341,85.9826370368594
14,1342,85.68476576734344
14,1343,85.38689449782747
14,1344,85.0890232283115
14,1345,84.79115195879554
14,1346,84.49328068927957
14,1347,84.1954094197636
14,1348,83.89753815024764
14,1349,83.59966688073168
14,1350,83.30179561121571
14,1351,83.00392434169974
14,1352,82.70605307218378
14,1353,82.40818180266781
14,1354,82.11031053315185
14,1355,81.81243926363588
14,1356,81.51456799411991
14,1357,81.21669672460395
14,1358,80.91882545508798
14,1359,80.62095418557202
14,1360,80.32308291605605
14,1361,80.02521164654009
14,1362,79.72734037702412
14,1363,79.51015690150287
14,1364,79.29297342598161
14,1365,79.07578995046036
14,1366,78.85860647493911
14,1367,78.64142299941786
14,1368,78.4242395238966
14,1369,78.20705604837535
14,1370,77.9898725728541
14,1371,77.77268909733284
14,1372,77.55550562181159
14,1373,77.33832214629034
14,1374,77.12113867076908
14,1375,76.90395519524783
14,1376,76.68677171972658
14,1377,76.46958824420533
14,1378,76.25240476868407
14,1379,76.03522129316282
14,1380,75.81803781764157
14,1381,75.60085434212031
14,1382,75.38367086659906
14,1383,75.16648739107781
14,1384,74.94930391555656
14,1385,74.7321204400353
14,1386,74.51493696451405
14,1387,74.2977534889928
14,1388,74.08057001347154
14,1389,73.86338653795029
14,1390,73.64620306242904
14,1391,73.42901958690778
14,1392,73.21183611138653
14,1393,72.99465263586528
14,1394,72.77746916034403
14,1395,72.56028568482277
14,1396,72.34310220930152
14,1397,72.12591873378027
14,1398,71.90873525825901
14,1399,71.69155178273776
14,1400,71.47436830721651
14,1401,71.25718483169526
14,1402,71.040001356174
14,1403,70.82281788065275
14,1404,70.6056344051315
14,1405,70.38845092961024
14,1406,70.17126745408899
14,1407,69.95408397856774
14,1408,69.73690050304648
14,1409,69.51971702752523
14,1410,69.30253355200398
14,1411,69.08535007648273
15,1412,68.86816660096147
15,1413,68.65098312544022
15,1414,68.43379964991897
15,1415,68.21661617439771
15,1416,67.99943269887646
15,1417,67.78224922335521
15,1418,67.56506574783396
15,1419,67.3478822723127
15,1420,67.13069879679145
15,1421,66.9135153212702
15,1422,66.69633184574894
15,1423,66.47914837022769
15,1424,66.26196489470644
15,1425,66.04478141918518
15,1426,65.82759794366393
15,1427,65.61041446814268
15,1428,65.39323099262143
15,1429,65.17604751710017
15,1430,64.95886404157892
15,1431,64.74168056605767
15,1432,64.52449709053641
15,1433,64.30731361501516
15,1434,64.09013013949391
15,1435,63.872946663972655
15,1436,63.6557631884514
15,1437,63.43857971293015
15,1438,63.2213962374089
15,1439,63.00421276188764
15,1440,62.78702928636639
15,1441,62.56984581084514
15,1442,62.352662335323885
15,1443,62.13547885980263
15,1444,61.91829538428138
15,1445,61.701111908760126
15,1446,61.48392843323887
15,1447,61.26674495771762
15,1448,61.04956148219637
15,1449,60.832378006675114
15,1450,60.61519453115386
15,1451,60.39801105563261
15,1452,60.180827580111355
15,1453,59.9636441045901
15,1454,59.74646062906885
15,1455,59.529277153547596
15,1456,59.31209367802634
15,1457,59.09491020250509
15,1458,58.87772672698384
15,1459,58.660543251462585
15,1460,58.44335977594133
15,1461,58.22617630042008
15,1462,58.008992824898826
15,1463,57.87682798090023
15,1464,57.744663136901636
15,1465,57.61249829290304
15,1466,57.480333448904446
15,1467,57.34816860490585
15,1468,57.216003760907256
15,1469,57.08383891690866
15,1470,56.951674072910066
15,1471,56.81950922891147
15,1472,56.687344384912876
15,1473,56.55517954091428
15,1474,56.423014696915686
15,1475,56.29084985291709
15,1476,56.158685008918496
15,1477,56.0265201649199
15,1478,55.894355320921306
15,1479,55.76219047692271
15,1480,55.63002563292412
15,1481,55.49786078892552
15,1482,55.36569594492693
15,1483,55.23353110092833
15,1484,55.10136625692974
15,1485,54.96920141293114
15,1486,54.83703656893255
15,1487,54.70487172493395
15,1488,54.57270688093536
15,1489,54.44054203693676
15,1490,54.30837719293817
15,1491,54.17621234893957
15,1492,54.04404750494098
15,1493,53.91188266094238
15,1494,53.77971781694379
15,1495,53.64755297294519
15,1496,53.5153881289466
15,1497,53.383223284948
15,1498,53.25105844094941
15,1499,53.11889359695081
15,1500,52.98672875295222
15,1501,52.85456390895362
15,1502,52.72239906495503
15,1503,52.59023422095643
15,1504,52.45806937695784
15,1505,52.32590453295924
15,1506,52.19373968896065
15,1507,52.06157484496205
15,1508,51.92941000096346
15,1509,51.79724515696486
15,1510,51.66508031296627
15,1511,51.53291546896767
15,1512,51.40075062496908
16,1513,51.26858578097048
16,1514,51.13642093697189
16,1515,51.00425609297329
16,1516,50.8720912489747
16,1517,50.7399264049761
16,1518,50.60776156097751
16,1519,50.47559671697891
16,1520,50.34343187298032
16,1521,50.21126702898172
16,1522,50.07910218498313
16,1523,49.94693734098453
16,1524,49.81477249698594
16,1525,49.68260765298734
16,1526,49.55044280898875
16,1527,49.41827796499015
16,1528,49.28611312099156
16,1529,49.15394827699296
16,1530,49.02178343299437
16,1531,48.88961858899577
16,1532,48.75745374499718
16,1533,48.625288900998584
16,1534,48.49312405699999
16,1535,48.360959213001394
16,1536,48.2287943690028
16,1537,48.096629525004204
16,1538,47.96446468100561
16,1539,47.832299837007014
16,1540,47.70013499300842
16,1541,47.567970149009824
16,1542,47.43580530501123
16,1543,47.303640461012634
16,1544,47.17147561701404
16,1545,47.039310773015444
16,1546,46.90714592901685
16,1547,46.774981085018254
16,1548,46.64281624101966
16,1549,46.510651397021064
16,1550,46.37848655302247
16,1551,46.246321709023874
16,1552,46.11415686502528
16,1553,45.981992021026684
16,1554,45.84982717702809
16,1555,45.717662333029494
16,1556,45.5854974890309
16,1557,45.453332645032305
16,1558,45.32116780103371
16,1559,45.189002957035115
16,1560,45.05683811303652
16,1561,44.924673269037925
16,1562,44.79250842503933
16,1563,44.660343581040735
16,1564,44.61717764797514
16,1565,44.574011714909545
16,1566,44.53084578184395
16,1567,44.487679848778356
16,1568,44.44451391571276
16,1569,44.40134798264717
16,1570,44.35818204958157
16,1571,44.31501611651598
16,1572,44.27185018345038
16,1573,44.22868425038479
16,1574,44.18551831731919
16,1575,44.1423523842536
16,1576,44.099186451188004
16,1577,44.05602051812241
16,1578,44.012854585056814
16,1579,43.96968865199122
16,1580,43.926522718925625
16,1581,43.88335678586003
16,1582,43.840190852794436
16,1583,43.79702491972884
16,1584,43.753858986663246
16,1585,43.71069305359765
16,1586,43.66752712053206
16,1587,43.62436118746646
16,1588,43.58119525440087
16,1589,43.53802932133527
16,1590,43.49486338826968
16,1591,43.451697455204084
16,1592,43.40853152213849
16,1593,43.365365589072894
16,1594,43.3221996560073
16,1595,43.279033722941705
16,1596,43.23586778987611
16,1597,43.192701856810515
16,1598,43.14953592374492
16,1599,43.106369990679326
16,1600,43.06320405761373
16,1601,43.02003812454814
16,1602,42.97687219148254
16,1603,42.93370625841695
16,1604,42.89054032535135
16,1605,42.84737439228576
16,1606,42.80420845922016
16,1607,42.76104252615457
16,1608,42.717876593088974
16,1609,42.67471066002338
16,1610,42.631544726957785
16,1611,42.58837879389219
16,1612,42.545212860826595
16,1613,42.502046927761
17,1614,42.458880994695406
17,1615,42.41571506162981
17,1616,42.372549128564216
17,1617,42.32938319549862
17,1618,42.28621726243303
17,1619,42.24305132936743
17,1620,42.19988539630184
17,1621,42.15671946323624
17,1622,42.11355353017065
17,1623,42.070387597105054
17,1624,42.02722166403946
17,1625,41.984055730973864
17,1626,41.94088979790827
17,1627,41.897723864842675
17,1628,41.85455793177708
17,1629,41.811391998711485
17,1630,41.76822606564589
17,1631,41.725060132580296
17,1632,41.6818941995147
17,1633,41.63872826644911
17,1634,41.59556233338351
17,1635,41.55239640031792
17,1636,41.50923046725232
17,1637,41.46606453418673
17,1638,41.42289860112113
17,1639,41.37973266805554
17,1640,41.336566734989944
17,1641,41.29340080192435
17,1642,41.250234868858755
17,1643,41.20706893579316
17,1644,41.163903002727565
17,1645,41.12073706966197
17,1646,41.077571136596376
17,1647,41.03440520353078
17,1648,40.99123927046519
17,1649,40.94807333739959
17,1650,40.904907404334
17,1651,40.8617414712684
17,1652,40.81857553820281
17,1653,40.77540960513721
17,1654,40.73224367207162
17,1655,40.689077739006024
17,1656,40.64591180594043
17,1657,40.602745872874834
17,1658,40.55957993980924
17,1659,40.516414006743645
17,1660,40.47324807367805
17,1661,40.430082140612456
17,1662,40.38691620754686
17,1663,40.343750274481266
17,1664,40.30058434141567
17,1665,40.35004224612242
17,1666,40.39950015082917
17,1667,40.44895805553592
17,1668,40.49841596024267
17,1669,40.547873864949416
17,1670,40.597331769656165
17,1671,40.646789674362914
17,1672,40.69624757906966
17,1673,40.74570548377641
17,1674,40.79516338848316
17,1675,40.84462129318991
17,1676,40.89407919789666
17,1677,40.94353710260341
17,1678,40.99299500731016
17,1679,41.042452912016905
17,1680,41.091910816723654
17,1681,41.1413687214304
17,1682,41.19082662613715
17,1683,41.2402845308439
17,1684,41.28974243555065
17,1685,41.3392003402574
17,1686,41.38865824496415
17,1687,41.4381161496709
17,1688,41.487574054377646
17,1689,41.537031959084395
17,1690,41.586489863791144
17,1691,41.63594776849789
17,1692,41.68540567320464
17,1693,41.73486357791139
17,1694,41.78432148261814
17,1695,41.83377938732489
17,1696,41.88323729203164
17,1697,41.932695196738386
17,1698,41.982153101445135
17,1699,42.031611006151884
17,1700,42.08106891085863
17,1701,42.13052681556538
17,1702,42.17998472027213
17,1703,42.22944262497888
17,1704,42.27890052968563
17,1705,42.32835843439238
17,1706,42.37781633909913
17,1707,42.427274243805876
17,1708,42.476732148512625
17,1709,42.52619005321937
17,1710,42.57564795792612
17,1711,42.62510586263287
17,1712,42.67456376733962
17,1713,42.72402167204637
17,1714,42.77347957675312
18,1715,42.82293748145987
18,1716,42.872395386166616
18,1717,42.921853290873365
18,1718,42.971311195580114
18,1719,43.02076910028686
18,1720,43.07022700499361
18,1721,43.11968490970036
18,1722,43.16914281440711
18,1723,43.21860071911386
18,1724,43.26805862382061
18,1725,43.31751652852736
18,1726,43.366974433234105
18,1727,43.416432337940854
18,1728,43.4658902426476
18,1729,43.51534814735435
18,1730,43.5648060520611
18,1731,43.61426395676785
18,1732,43.6637218614746
18,1733,43.71317976618135
18,1734,43.7626376708881
18,1735,43.812095575594846
18,1736,43.861553480301595
18,1737,43.911011385008344
18,1738,43.96046928971509
18,1739,44.00992719442184
18,1740,44.05938509912859
18,1741,44.10884300383534
18,1742,44.15830090854209
18,1743,44.20775881324884
18,1744,44.257216717955586
18,1745,44.306674622662335
18,1746,44.356132527369084
18,1747,44.40559043207583
18,1748,44.45504833678258
18,1749,44.50450624148933
18,1750,44.55396414619608
18,1751,44.60342205090283
18,1752,44.65287995560958
18,1753,44.70233786031633
18,1754,44.751795765023076
18,1755,44.801253669729824
18,1756,44.85071157443657
18,1757,44.90016947914332
18,1758,44.94962738385007
18,1759,44.99908528855682
18,1760,45.04854319326357
18,1761,45.09800109797032
18,1762,45.14745900267707
18,1763,45.196916907383816
18,1764,45.246374812090565
18,1765,45.295832716797314
18,1766,45.44118146925268
18,1767,45.58653022170805
18,1768,45.73187897416342
18,1769,45.87722772661879
18,1770,46.02257647907416
18,1771,46.16792523152953
18,1772,46.3132739839849
18,1773,46.45862273644027
18,1774,46.60397148889564
18,1775,46.74932024135101
18,1776,46.89466899380638
18,1777,47.040017746261746
18,1778,47.185366498717116
18,1779,47.330715251172485
18,1780,47.476064003627855
18,1781,47.621412756083224
18,1782,47.76676150853859
18,1783,47.91211026099396
18,1784,48.05745901344933
18,1785,48.2028077659047
18,1786,48.34815651836007
18,1787,48.49350527081544
18,1788,48.63885402327081
18,1789,48.78420277572618
18,1790,48.92955152818155
18,1791,49.07490028063692
18,1792,49.22024903309229
18,1793,49.365597785547656
18,1794,49.510946538003026
18,1795,49.656295290458395
18,1796,49.801644042913765
18,1797,49.946992795369134
18,1798,50.0923415478245
18,1799,50.23769030027987
18,1800,50.38303905273524
18,1801,50.52838780519061
18,1802,50.67373655764598
18,1803,50.81908531010135
18,1804,50.96443406255672
18,1805,51.10978281501209
18,1806,51.25513156746746
18,1807,51.40048031992283
18,1808,51.5458290723782
18,1809,51.69117782483357
18,1810,51.836526577288936
18,1811,51.981875329744305
18,1812,52.127224082199675
18,1813,52.272572834655044
18,1814,52.41792158711041
18,1815,52.56327033956578
19,1816,52.70861909202115
19,1817,52.85396784447652
19,1818,52.99931659693189
19,1819,53.14466534938726
19,1820,53.29001410184263
19,1821,53.435362854298
19,1822,53.58071160675337
19,1823,53.72606035920874
19,1824,53.87140911166411
19,1825,54.01675786411948
19,1826,54.162106616574846
19,1827,54.307455369030215
19,1828,54.452804121485585
19,1829,54.598152873940954
19,1830,54.74350162639632
19,1831,54.88885037885169
19,1832,55.03419913130706
19,1833,55.17954788376243
19,1834,55.3248966362178
19,1835,55.47024538867317
19,1836,55.61559414112854
19,1837,55.76094289358391
19,1838,55.90629164603928
19,1839,56.05164039849465
19,1840,56.19698915095002
19,1841,56.34233790340539
19,1842,56.487686655860756
19,1843,56.633035408316125
19,1844,56.778384160771495
19,1845,56.923732913226864
19,1846,57.06908166568223
19,1847,57.2144304181376
19,1848,57.35977917059297
19,1849,57.50512792304834
19,1850,57.65047667550371
19,1851,57.79582542795908
19,1852,57.94117418041445
19,1853,58.08652293286982
19,1854,58.23187168532519
19,1855,58.37722043778056
19,1856,58.52256919023593
19,1857,58.6679179426913
19,1858,58.813266695146666
19,1859,58.958615447602035
19,1860,59.103964200057405
19,1861,59.249312952512774
19,1862,59.394661704968144
19,1863,59.54001045742351
19,1864,59.68535920987888
19,1865,59.83070796233425
19,1866,59.97605671478962
19,1867,60.22020413275788
19,1868,60.464351550726136
19,1869,60.70849896869439
19,1870,60.95264638666265
19,1871,61.19679380463091
19,1872,61.440941222599164
19,1873,61.68508864056742
19,1874,61.92923605853568
19,1875,62.173383476503936
19,1876,62.41753089447219
19,1877,62.66167831244045
19,1878,62.90582573040871
19,1879,63.149973148376965
19,1880,63.39412056634522
19,1881,63.63826798431348
19,1882,63.88241540228174
19,1883,64.12656282024999
19,1884,64.37071023821824
19,1885,64.61485765618649
19,1886,64.85900507415474
19,1887,65.10315249212299
19,1888,65.34729991009124
19,1889,65.59144732805949
19,1890,65.83559474602774
19,1891,66.07974216399599
19,1892,66.32388958196424
19,1893,66.56803699993249
19,1894,66.81218441790074
19,1895,67.05633183586899
19,1896,67.30047925383724
19,1897,67.54462667180549
19,1898,67.78877408977374
19,1899,68.03292150774199
19,1900,68.27706892571024
19,1901,68.52121634367849
19,1902,68.76536376164674
19,1903,69.00951117961499
19,1904,69.25365859758324
19,1905,69.49780601555149
19,1906,69.74195343351974
19,1907,69.98610085148799
19,1908,70.23024826945624
19,1909,70.47439568742449
19,1910,70.71854310539274
19,1911,70.96269052336099
19,1912,71.20683794132924
19,1913,71.45098535929749
19,1914,71.69513277726574
19,1915,71.93928019523399
19,1916,72.18342761320224
20,1917,72.42757503117049
20,1918,72.67172244913874
20,1919,72.91586986710699
20,1920,73.16001728507524
20,1921,73.40416470304349
20,1922,73.64831212101174
20,1923,73.89245953897999
20,1924,74.13660695694824
20,1925,74.38075437491649
20,1926,74.62490179288474
20,1927,74.86904921085299
20,1928,75.11319662882124
20,1929,75.35734404678949
20,1930,75.60149146475774
20,1931,75.84563888272599
20,1932,76.08978630069424
20,1933,76.3339337186625
20,1934,76.57808113663074
20,1935,76.822228554599
20,1936,77.06637597256724
20,1937,77.3105233905355
20,1938,77.55467080850374
20,1939,77.798818226472
20,1940,78.04296564444024
20,1941,78.2871130624085
20,1942,78.53126048037674
20,1943,78.775407898345
20,1944,79.01955531631324
20,1945,79.2637027342815
20,1946,79.50785015224974
20,1947,79.751997570218
20,1948,79.99614498818624
20,1949,80.2402924061545
20,1950,80.48443982412275
20,1951,80.728587242091
20,1952,80.97273466005925
20,1953,81.2168820780275
20,1954,81.46102949599575
20,1955,81.705176913964
20,1956,81.94932433193225
20,1957,82.1934717499005
20,1958,82.43761916786875
20,1959,82.681766585837
20,1960,82.92591400380525
20,1961,83.1700614217735
20,1962,83.41420883974175
20,1963,83.65835625771
20,1964,83.90250367567825
20,1965,84.1466510936465
20,1966,84.39079851161475
20,1967,84.634945929583
20,1968,84.98044381198463
20,1969,85.32594169438626
20,1970,85.67143957678789
20,1971,86.01693745918952
20,1972,86.36243534159115
20,1973,86.70793322399278
20,1974,87.05343110639441
20,1975,87.39892898879604
20,1976,87.74442687119767
20,1977,88.0899247535993
20,1978,88.43542263600094
20,1979,88.78092051840257
20,1980,89.1264184008042
20,1981,89.47191628320583
20,1982,89.81741416560746
20,1983,90.16291204800909
20,1984,90.50840993041072
20,1985,90.85390781281235
20,1986,91.19940569521398
20,1987,91.54490357761561
20,1988,91.89040146001724
20,1989,92.23589934241888
20,1990,92.5813972248205
20,1991,92.92689510722214
20,1992,93.27239298962377
20,1993,93.6178908720254
20,1994,93.96338875442703
20,1995,94.30888663682866
20,1996,94.65438451923029
20,1997,94.99988240163192
20,1998,95.34538028403355
20,1999,95.69087816643518
20,2000,96.03637604883681
20,2001,96.38187393123845
20,2002,96.72737181364008
20,2003,97.0728696960417
20,2004,97.41836757844334
20,2005,97.76386546084497
20,2006,98.1093633432466
20,2007,98.45486122564823
20,2008,98.80035910804986
20,2009,99.14585699045149
20,2010,99.49135487285312
20,2011,99.83685275525475
20,2012,100.18235063765638
20,2013,100.52784852005801
20,2014,100.87334640245965
20,2015,101.21884428486128
20,2016,101.56434216726291
20,2017,101.90984004966454
21,2018,102.25533793206617
21,2019,102.6008358144678
21,2020,102.94633369686943
21,2021,103.29183157927106
21,2022,103.63732946167269
21,2023,103.98282734407432
21,2024,104.32832522647595
21,2025,104.67382310887758
21,2026,105.01932099127922
21,2027,105.36481887368085
21,2028,105.71031675608248
21,2029,106.05581463848411
21,2030,106.40131252088574
21,2031,106.74681040328737
21,2032,107.092308285689
21,2033,107.43780616809063
21,2034,107.78330405049226
21,2035,108.1288019328939
21,2036,108.47429981529552
21,2037,108.81979769769715
21,2038,109.16529558009879
21,2039,109.51079346250042
21,2040,109.85629134490205
21,2041,110.20178922730368
21,2042,110.54728710970531
21,2043,110.89278499210694
21,2044,111.23828287450857
21,2045,111.5837807569102
21,2046,111.92927863931183
21,2047,112.27477652171346
21,2048,112.6202744041151
21,2049,112.96577228651672
21,2050,113.31127016891836
21,2051,113.65676805131999
21,2052,114.00226593372162
21,2053,114.34776381612325
21,2054,114.69326169852488
21,2055,115.03875958092651
21,2056,115.38425746332814
21,2057,115.72975534572977
21,2058,116.0752532281314
21,2059,116.42075111053303
21,2060,116.76624899293466
21,2061,117.1117468753363
21,2062,117.45724475773793
21,2063,117.80274264013956
21,2064,118.14824052254119
21,2065,118.49373840494282
21,2066,118.83923628734445
21,2067,119.18473416974608
21,2068,119.53023205214771
21,2069,119.97928234746875
21,2070,120.4283326427898
21,2071,120.87738293811084
21,2072,121.32643323343189
21,2073,121.77548352875293
21,2074,122.22453382407397
21,2075,122.67358411939502
21,2076,123.12263441471606
21,2077,123.5716847100371
21,2078,124.02073500535815
21,2079,124.46978530067919
21,2080,124.91883559600024
21,2081,125.36788589132128
21,2082,125.81693618664232
21,2083,126.26598648196337
21,2084,126.71503677728441
21,2085,127.16408707260545
21,2086,127.6131373679265
21,2087,128.06218766324753
21,2088,128.51123795856856
21,2089,128.9602882538896
21,2090,129.40933854921062
21,2091,129.85838884453165
21,2092,130.30743913985268
21,2093,130.7564894351737
21,2094,131.20553973049473
21,2095,131.65459002581576
21,2096,132.1036403211368
21,2097,132.55269061645782
21,2098,133.00174091177885
21,2099,133.45079120709988
21,2100,133.8998415024209
21,2101,134.34889179774194
21,2102,134.79794209306297
21,2103,135.246992388384
21,2104,135.69604268370503
21,2105,136.14509297902606
21,2106,136.5941432743471
21,2107,137.04319356966812
21,2108,137.49224386498915
21,2109,137.94129416031018
21,2110,138.3903444556312
21,2111,138.83939475095224
21,2112,139.28844504627327
21,2113,139.7374953415943
21,2114,140.18654563691533
21,2115,140.63559593223636
21,2116,141.08464622755739
21,2117,141.53369652287842
21,2118,141.98274681819944
22,2119,142.43179711352047
22,2120,142.8808474088415
22,2121,143.32989770416253
22,2122,143.77894799948356
22,2123,144.2279982948046
22,2124,144.67704859012562
22,2125,145.12609888544665
22,2126,145.57514918076768
22,2127,146.0241994760887
22,2128,146.47324977140974
22,2129,146.92230006673077
22,2130,147.3713503620518
22,2131,147.82040065737283
22,2132,148.26945095269386
22,2133,148.7185012480149
22,2134,149.16755154333592
22,2135,149.61660183865695
22,2136,150.06565213397798
22,2137,150.514702429299
22,2138,150.96375272462004
22,2139,151.41280301994107
22,2140,151.8618533152621
22,2141,152.31090361058313
22,2142,152.75995390590415
22,2143,153.20900420122518
22,2144,153.6580544965462
22,2145,154.10710479186724
22,2146,154.55615508718827
22,2147,155.0052053825093
22,2148,155.45425567783033
22,2149,155.90330597315136
22,2150,156.3523562684724
22,2151,156.80140656379342
22,2152,157.25045685911445
22,2153,157.69950715443548
22,2154,158.1485574497565
22,2155,158.59760774507754
22,2156,159.04665804039857
22,2157,159.4957083357196
22,2158,159.94475863104063
22,2159,160.39380892636166
22,2160,160.8428592216827
22,2161,161.29190951700372
22,2162,161.74095981232475
22,2163,162.19001010764578
22,2164,162.6390604029668
22,2165,163.08811069828784
22,2166,163.53716099360886
22,2167,163.9862112889299
22,2168,164.43526158425092
22,2169,164.88431187957195
22,2170,165.43877378580564
22,2171,165.99323569203932
22,2172,166.547697598273
22,2173,167.1021595045067
22,2174,167.65662141074037
22,2175,168.21108331697405
22,2176,168.76554522320774
22,2177,169.32000712944142
22,2178,169.8744690356751
22,2179,170.4289309419088
22,2180,170.98339284814247
22,2181,171.53785475437616
22,2182,172.09231666060984
22,2183,172.64677856684352
22,2184,173.2012404730772
22,2185,173.7557023793109
22,2186,174.31016428554457
22,2187,174.86462619177826
22,2188,175.41908809801194
22,2189,175.97355000424562
22,2190,176.5280119104793
22,2191,177.082473816713
22,2192,177.63693572294667
22,2193,178.19139762918036
22,2194,178.74585953541404
22,2195,179.30032144164772
22,2196,179.8547833478814
22,2197,180.4092452541151
22,2198,180.96370716034878
22,2199,181.51816906658246
22,2200,182.07263097281614
22,2201,182.62709287904983
22,2202,183.1815547852835
22,2203,183.7360166915172
22,2204,184.29047859775088
22,2205,184.84494050398456
22,2206,185.39940241021824
22,2207,185.95386431645193
22,2208,186.5083262226856
22,2209,187.0627881289193
22,2210,187.61725003515298
22,2211,188.17171194138666
22,2212,188.72617384762034
22,2213,189.28063575385403
22,2214,189.8350976600877
22,2215,190.3895595663214
22,2216,190.94402147255508
22,2217,191.49848337878876
22,2218,192.05294528502245
22,2219,192.60740719125613
23,2220,193.1618690974898
23,2221,193.7163310037235
23,2222,194.27079290995718
23,2223,194.82525481619086
23,2224,195.37971672242455
23,2225,195.93417862865823
23,2226,196.4886405348919
23,2227,197.0431024411256
23,2228,197.59756434735928
23,2229,198.15202625359296
23,2230,198.70648815982665
23,2231,199.26095006606033
23,2232,199.81541197229402
23,2233,200.3698738785277
23,2234,200.92433578476138
23,2235,201.47879769099507
23,2236,202.03325959722875
23,2237,202.58772150346243
23,2238,203.14218340969612
23,2239,203.6966453159298
23,2240,204.25110722216348
23,2241,204.80556912839717
23,2242,205.36003103463085
23,2243,205.91449294086453
23,2244,206.46895484709822
23,2245,207.0234167533319
23,2246,207.57787865956558
23,2247,208.13234056579927
23,2248,208.68680247203295
23,2249,209.24126437826664
23,2250,209.79572628450032
23,2251,210.350188190734
23,2252,210.90465009696769
23,2253,211.45911200320137
23,2254,212.01357390943505
23,2255,212.56803581566874
23,2256,213.12249772190242
23,2257,213.6769596281361
23,2258,214.2314215343698
23,2259,214.78588344060347
23,2260,215.34034534683715
23,2261,215.89480725307084
23,2262,216.44926915930452
23,2263,217.0037310655382
23,2264,217.5581929717719
23,2265,218.11265487800557
23,2266,218.66711678423925
23,2267,219.22157869047294
23,2268,219.77604059670662
23,2269,220.3305025029403
23,2270,220.884964409174
23,2271,221.54636607903734
23,2272,222.2077677489007
23,2273,222.86916941876405
23,2274,223.5305710886274
23,2275,224.19197275849075
23,2276,224.8533744283541
23,2277,225.51477609821745
23,2278,226.1761777680808
23,2279,226.83757943794416
23,2280,227.4989811078075
23,2281,228.16038277767086
23,2282,228.8217844475342
23,2283,229.48318611739757
23,2284,230.14458778726092
23,2285,230.80598945712427
23,2286,231.46739112698762
23,2287,232.12879279685097
23,2288,232.79019446671433
23,2289,233.45159613657768
23,2290,234.11299780644103
23,2291,234.77439947630438
23,2292,235.43580114616773
23,2293,236.09720281603109
23,2294,236.75860448589444
23,2295,237.4200061557578
23,2296,238.08140782562114
23,2297,238.7428094954845
23,2298,239.40421116534785
23,2299,240.0656128352112
23,2300,240.72701450507455
23,2301,241.3884161749379
23,2302,242.04981784480125
23,2303,242.7112195146646
23,2304,243.37262118452796
23,2305,244.0340228543913
23,2306,244.69542452425466
23,2307,245.356826194118
23,2308,246.01822786398137
23,2309,246.67962953384472
23,2310,247.34103120370807
23,2311,248.00243287357142
23,2312,248.66383454343477
23,2313,249.32523621329813
23,2314,249.98663788316148
23,2315,250.64803955302483
23,2316,251.30944122288818
23,2317,251.97084289275153
23,2318,252.6322445626149
23,2319,253.29364623247824
23,2320,253.9550479023416
24,2321,254.61644957220494
24,2322,255.2778512420683
24,2323,255.93925291193165
24,2324,256.60065458179497
24,2325,257.2620562516583
24,2326,257.9234579215216
24,2327,258.58485959138494
24,2328,259.24626126124826
24,2329,259.9076629311116
24,2330,260.5690646009749
24,2331,261.23046627083824
24,2332,261.89186794070156
24,2333,262.5532696105649
24,2334,263.2146712804282
24,2335,263.87607295029153
24,2336,264.53747462015485
24,2337,265.1988762900182
24,2338,265.8602779598815
24,2339,266.5216796297448
24,2340,267.18308129960815
24,2341,267.84448296947147
24,2342,268.5058846393348
24,2343,269.1672863091981
24,2344,269.82868797906144
24,2345,270.49008964892477
24,2346,271.1514913187881
24,2347,271.8128929886514
24,2348,272.47429465851474
24,2349,273.13569632837806
24,2350,272.4580329982414
24,2351,271.7803696681047
24,2352,271.102706337968
24,2353,270.42504300783133
24,2354,269.74737967769465
24,2355,269.06971634755797
24,2356,268.3920530174213
24,2357,267.7143896872846
24,2358,267.0367263571479
24,2359,266.35906302701125
24,2360,265.68139969687456
24,2361,265.0037363667379
24,2362,264.3260730366012
24,2363,263.6484097064645
24,2364,262.97074637632784
24,2365,262.29308304619116
24,2366,261.6154197160545
24,2367,260.9377563859178
24,2368,260.2600930557811
24,2369,259.58242972564443
24,2370,258.90476639550775
24,2371,258.3352518472896
24,2372,257.7657372990715
24,2373,257.19622275085334
24,2374,256.6267082026352
24,2375,256.05719365441706
24,2376,255.48767910619895
24,2377,254.91816455798084
24,2378,254.34865000976274
24,2379,253.77913546154463
24,2380,253.20962091332652
24,2381,252.6401063651084
24,2382,252.0705918168903
24,2383,251.5010772686722
24,2384,250.93156272045408
24,2385,250.36204817223597
24,2386,249.79253362401786
24,2387,249.22301907579975
24,2388,248.65350452758165
24,2389,248.08398997936354
24,2390,247.51447543114543
24,2391,246.94496088292732
24,2392,246.3754463347092
24,2393,245.8059317864911
24,2394,245.236417238273
24,2395,244.66690269005488
24,2396,244.09738814183677
24,2397,243.52787359361866
24,2398,242.95835904540056
24,2399,242.38884449718245
24,2400,241.81932994896434
24,2401,241.24981540074623
24,2402,240.68030085252812
24,2403,240.11078630431
24,2404,239.5412717560919
24,2405,238.9717572078738
24,2406,238.40224265965568
24,2407,237.83272811143758
24,2408,237.26321356321947
24,2409,236.69369901500136
24,2410,236.12418446678325
24,2411,235.55466991856514
24,2412,234.98515537034703
24,2413,234.41564082212892
24,2414,233.8461262739108
24,2415,233.2766117256927
24,2416,232.7070971774746
24,2417,232.13758262925649
24,2418,231.56806808103838
24,2419,230.99855353282027
24,2420,230.42903898460216
25,2421,229.85952443638405
25,2422,229.29000988816594
25,2423,228.72049533994783
25,2424,228.15098079172972
25,2425,227.5814662435116
25,2426,227.0119516952935
25,2427,226.4424371470754
25,2428,225.8729225988573
25,2429,225.30340805063918
25,2430,224.73389350242107
25,2431,224.16437895420296
25,2432,223.59486440598485
25,2433,223.02534985776674
25,2434,222.45583530954863
25,2435,221.88632076133052
25,2436,221.31680621311241
25,2437,220.7472916648943
25,2438,220.1777771166762
25,2439,219.6082625684581
25,2440,219.03874802023998
25,2441,218.46923347202187
25,2442,217.89971892380376
25,2443,217.33020437558565
25,2444,216.76068982736754
25,2445,216.19117527914943
25,2446,215.62166073093132
25,2447,215.05214618271322
25,2448,214.4826316344951
25,2449,213.913117086277
25,2450,213.3436025380589
25,2451,212.77408798984078
25,2452,212.20457344162267
25,2453,211.63505889340456
25,2454,211.06554434518645
25,2455,210.49602979696834
25,2456,209.92651524875023
25,2457,209.35700070053213
25,2458,208.78748615231402
25,2459,208.2179716040959
25,2460,207.6484570558778
25,2461,207.0789425076597
25,2462,206.50942795944158
25,2463,205.93991341122347
25,2464,205.37039886300536
25,2465,204.80088431478725
25,2466,204.23136976656914
25,2467,203.66185521835104
25,2468,203.09234067013293
25,2469,202.52282612191482
25,2470,201.9533115736967
25,2471,201.3837970254786
25,2472,200.9233349073853
25,2473,200.46287278929202
25,2474,200.00241067119873
25,2475,199.54194855310544
25,2476,199.08148643501215
25,2477,198.62102431691886
25,2478,198.16056219882557
25,2479,197.70010008073228
25,2480,197.239637962639
25,2481,196.7791758445457
25,2482,196.31871372645242
25,2483,195.85825160835913
25,2484,195.39778949026584
25,2485,194.93732737217255
25,2486,194.47686525407926
25,2487,194.01640313598597
25,2488,193.55594101789268
25,2489,193.0954788997994
25,2490,192.6350167817061
25,2491,192.1745546636128
25,2492,191.71409254551952
25,2493,191.25363042742623
25,2494,190.79316830933294
25,2495,190.33270619123965
25,2496,189.87224407314636
25,2497,189.41178195505307
25,2498,188.95131983695978
25,2499,188.4908577188665
25,2500,188.0303956007732
25,2501,187.56993348267991
25,2502,187.10947136458662
25,2503,186.64900924649334
25,2504,186.18854712840005
25,2505,185.72808501030676
25,2506,185.26762289221347
25,2507,184.80716077412018
25,2508,184.3466986560269
25,2509,183.8862365379336
25,2510,183.4257744198403
25,2511,182.96531230174702
25,2512,182.50485018365373
25,2513,182.04438806556044
25,2514,181.58392594746715
25,2515,181.12346382937386
25,2516,180.66300171128057
25,2517,180.20253959318728
25,2518,179.742077475094
25,2519,179.2816153570007
25,2520,178.8211532389074
25,2521,178.36069112081412
26,2522,177.90022900272083
26,2523,177.43976688462755
26,2524,176.97930476653426
26,2525,176.51884264844097
26,2526,176.05838053034768
26,2527,175.5979184122544
26,2528,175.1374562941611
26,2529,174.6769941760678
26,2530,174.21653205797452
26,2531,173.75606993988123
26,2532,173.29560782178794
26,2533,172.83514570369465
26,2534,172.37468358560136
26,2535,171.91422146750807
26,2536,171.45375934941478
26,2537,170.9932972313215
26,2538,170.5328351132282
26,2539,170.0723729951349
26,2540,169.61191087704162
26,2541,169.15144875894833
26,2542,168.69098664085504
26,2543,168.23052452276175
26,2544,167.77006240466847
26,2545,167.30960028657518
26,2546,166.8491381684819
26,2547,166.3886760503886
26,2548,165.9282139322953
26,2549,165.46775181420202
26,2550,165.00728969610873
26,2551,164.54682757801544
26,2552,164.08636545992215
26,2553,163.62590334182886
26,2554,163.16544122373557
26,2555,162.70497910564228
26,2556,162.244516987549
26,2557,161.7840548694557
26,2558,161.3235927513624
26,2559,160.86313063326912
26,2560,160.40266851517583
26,2561,159.94220639708254
26,2562,159.48174427898925
26,2563,159.02128216089596
26,2564,158.56082004280267
26,2565,158.10035792470939
26,2566,157.6398958066161
26,2567,157.1794336885228
26,2568,156.71897157042952
26,2569,156.25850945233623
26,2570,155.79804733424294
26,2571,155.33758521614965
26,2572,154.87712309805636
26,2573,154.5263321283458
26,2574,154.17554115863527
26,2575,153.82475018892472
26,2576,153.47395921921418
26,2577,153.12316824950364
26,2578,152.7723772797931
26,2579,152.42158631008255
26,2580,152.070795340372
26,2581,151.72000437066146
26,2582,151.3692134009509
26,2583,151.01842243124037
26,2584,150.66763146152982
26,2585,150.31684049181928
26,2586,149.96604952210873
26,2587,149.6152585523982
26,2588,149.26446758268764
26,2589,148.9136766129771
26,2590,148.56288564326655
26,2591,148.212094673556
26,2592,147.86130370384546
26,2593,147.51051273413492
26,2594,147.15972176442438
26,2595,146.80893079471383
26,2596,146.4581398250033
26,2597,146.10734885529274
26,2598,145.7565578855822
26,2599,145.40576691587165
26,2600,145.0549759461611
26,2601,144.70418497645056
26,2602,144.35339400674002
26,2603,144.00260303702947
26,2604,143.65181206731893
26,2605,143.30102109760838
26,2606,142.95023012789784
26,2607,142.5994391581873
26,2608,142.24864818847675
26,2609,141.8978572187662
26,2610,141.54706624905566
26,2611,141.19627527934512
26,2612,140.84548430963457
26,2613,140.49469333992403
26,2614,140.14390237021348
26,2615,139.79311140050294
26,2616,139.4423204307924
26,2617,139.09152946108185
26,2618,138.7407384913713
26,2619,138.38994752166076
26,2620,138.0391565519502
26,2621,137.68836558223967
26,2622,137.33757461252912
27,2623,136.98678364281858
27,2624,136.63599267310803
27,2625,136.2852017033975
27,2626,135.93441073368695
27,2627,135.5836197639764
27,2628,135.23282879426586
27,2629,134.8820378245553
27,2630,134.53124685484477
27,2631,134.18045588513422
27,2632,133.82966491542368
27,2633,133.47887394571313
27,2634,133.1280829760026
27,2635,132.77729200629204
27,2636,132.4265010365815
27,2637,132.07571006687095
27,2638,131.7249190971604
27,2639,131.37412812744986
27,2640,131.02333715773932
27,2641,130.67254618802878
27,2642,130.32175521831823
27,2643,129.9709642486077
27,2644,129.62017327889714
27,2645,129.2693823091866
27,2646,128.91859133947605
27,2647,128.5678003697655
27,2648,128.21700940005496
27,2649,127.86621843034443
27,2650,127.5154274606339
27,2651,127.16463649092337
27,2652,126.81384552121284
27,2653,126.46305455150231
27,2654,126.11226358179178
27,2655,125.76147261208125
27,2656,125.41068164237072
27,2657,125.05989067266019
27,2658,124.70909970294966
27,2659,124.35830873323913
27,2660,124.0075177635286
27,2661,123.65672679381807
27,2662,123.30593582410754
27,2663,122.955144854397
27,2664,122.60435388468647
27,2665,122.25356291497594
27,2666,121.90277194526541
27,2667,121.55198097555488
27,2668,121.20119000584435
27,2669,120.85039903613382
27,2670,120.49960806642329
27,2671,120.14881709671276
27,2672,119.79802612700223
27,2673,119.4472351572917
27,2674,119.20647225616135
27,2675,118.965709355031
27,2676,118.72494645390064
27,2677,118.48418355277029
27,2678,118.24342065163994
27,2679,118.00265775050958
27,2680,117.76189484937923
27,2681,117.52113194824888
27,2682,117.28036904711853
27,2683,117.03960614598817
27,2684,116.79884324485782
27,2685,116.55808034372747
27,2686,116.31731744259712
27,2687,116.07655454146676
27,2688,115.83579164033641
27,2689,115.59502873920606
27,2690,115.3542658380757
27,2691,115.11350293694535
27,2692,114.872740035815
27,2693,114.63197713468465
27,2694,114.3912142335543
27,2695,114.15045133242394
27,2696,113.90968843129359
27,2697,113.66892553016324
27,2698,113.42816262903288
27,2699,113.18739972790253
27,2700,112.94663682677218
27,2701,112.70587392564182
27,2702,112.46511102451147
27,2703,112.22434812338112
27,2704,111.98358522225077
27,2705,111.74282232112041
27,2706,111.50205941999006
27,2707,111.26129651885971
27,2708,111.02053361772936
27,2709,110.779770716599
27,2710,110.53900781546865
27,2711,110.2982449143383
27,2712,110.05748201320795
27,2713,109.81671911207759
27,2714,109.57595621094724
27,2715,109.33519330981689
27,2716,109.09443040868653
27,2717,108.85366750755618
27,2718,108.61290460642583
27,2719,108.37214170529548
27,2720,108.13137880416512
27,2721,107.89061590303477
27,2722,107.64985300190442
27,2723,107.40909010077407
28,2724,107.16832719964371
28,2725,106.92756429851336
28,2726,106.68680139738301
28,2727,106.44603849625265
28,2728,106.2052755951223
28,2729,105.96451269399195
28,2730,105.7237497928616
28,2731,105.48298689173124
28,2732,105.24222399060089
28,2733,105.00146108947054
28,2734,104.76069818834019
28,2735,104.51993528720983
28,2736,104.27917238607948
28,2737,104.03840948494913
28,2738,103.79764658381877
28,2739,103.55688368268842
28,2740,103.31612078155807
28,2741,103.07535788042772
28,2742,102.83459497929736
28,2743,102.59383207816701
28,2744,102.35306917703666
28,2745,102.1123062759063
28,2746,101.87154337477595
28,2747,101.6307804736456
28,2748,101.39001757251525
28,2749,101.1492546713849
28,2750,100.90849177025454
28,2751,100.66772886912419
28,2752,100.42696596799384
28,2753,100.18620306686348
28,2754,99.94544016573313
28,2755,99.70467726460278
28,2756,99.46391436347243
28,2757,99.22315146234207
28,2758,98.98238856121172
28,2759,98.74162566008137
28,2760,98.50086275895102
28,2761,98.26009985782066
28,2762,98.01933695669031
28,2763,97.77857405555996
28,2764,97.5378111544296
28,2765,97.29704825329925
28,2766,97.0562853521689
28,2767,96.81552245103855
28,2768,96.5747595499082
28,2769,96.33399664877784
28,2770,96.09323374764749
28,2771,95.85247084651714
28,2772,95.61170794538678
28,2773,95.37094504425643
28,2774,95.13018214312608
28,2775,94.88941924199572
28,2776,94.75990627449595
28,2777,94.63039330699617
28,2778,94.50088033949639
28,2779,94.37136737199661
28,2780,94.24185440449683
28,2781,94.11234143699706
28,2782,93.98282846949728
28,2783,93.8533155019975
28,2784,93.72380253449772
28,2785,93.59428956699794
28,2786,93.46477659949817
28,2787,93.33526363199839
28,2788,93.20575066449861
28,2789,93.07623769699883
28,2790,92.94672472949905
28,2791,92.81721176199927
28,2792,92.6876987944995
28,2793,92.55818582699972
28,2794,92.42867285949994
28,2795,92.29915989200016
28,2796,92.16964692450038
28,2797,92.0401339570006
28,2798,91.91062098950083
28,2799,91.78110802200105
28,2800,91.65159505450127
28,2801,91.5220820870015
28,2802,91.39256911950172
28,2803,91.26305615200194
28,2804,91.13354318450216
28,2805,91.00403021700238
28,2806,90.8745172495026
28,2807,90.74500428200282
28,2808,90.61549131450305
28,2809,90.48597834700327
28,2810,90.35646537950349
28,2811,90.22695241200371
28,2812,90.09743944450393
28,2813,89.96792647700416
28,2814,89.83841350950438
28,2815,89.7089005420046
28,2816,89.57938757450482
28,2817,89.44987460700504
28,2818,89.32036163950526
28,2819,89.19084867200549
28,2820,89.06133570450571
28,2821,88.93182273700593
28,2822,88.80230976950615
28,2823,88.67279680200637
28,2824,88.5432838345066
28,2825,88.41377086700682
29,2826,88.28425789950704
29,2827,88.15474493200726
29,2828,88.02523196450748
29,2829,87.8957189970077
29,2830,87.76620602950793
29,2831,87.63669306200815
29,2832,87.50718009450837
29,2833,87.37766712700859
29,2834,87.24815415950881
29,2835,87.11864119200904
29,2836,86.98912822450926
29,2837,86.85961525700948
29,2838,86.7301022895097
29,2839,86.60058932200992
29,2840,86.47107635451015
29,2841,86.34156338701037
29,2842,86.21205041951059
29,2843,86.08253745201081
29,2844,85.95302448451103
29,2845,85.82351151701126
29,2846,85.69399854951148
29,2847,85.5644855820117
29,2848,85.43497261451192
29,2849,85.30545964701214
29,2850,85.17594667951236
29,2851,85.04643371201259
29,2852,84.91692074451281
29,2853,84.78740777701303
29,2854,84.65789480951325
29,2855,84.52838184201347
29,2856,84.3988688745137
29,2857,84.26935590701392
29,2858,84.13984293951414
29,2859,84.01032997201436
29,2860,83.88081700451458
29,2861,83.7513040370148
29,2862,83.62179106951503
29,2863,83.49227810201525
29,2864,83.36276513451547
29,2865,83.23325216701569
29,2866,83.10373919951591
29,2867,82.97422623201614
29,2868,82.84471326451636
29,2869,82.71520029701658
29,2870,82.5856873295168
29,2871,82.45617436201702
29,2872,82.32666139451725
29,2873,82.19714842701747
29,2874,82.06763545951769
29,2875,81.93812249201791
29,2876,81.91762927536372
29,2877,81.89713605870953
29,2878,81.87664284205535
29,2879,81.85614962540116
29,2880,81.83565640874697
29,2881,81.81516319209278
29,2882,81.7946699754386
29,2883,81.7741767587844
29,2884,81.75368354213022
29,2885,81.73319032547603
29,2886,81.71269710882184
29,2887,81.69220389216765
29,2888,81.67171067551347
29,2889,81.65121745885928
29,2890,81.63072424220509
29,2891,81.6102310255509
29,2892,81.58973780889671
29,2893,81.56924459224253
29,2894,81.54875137558834
29,2895,81.52825815893415
29,2896,81.50776494227996
29,2897,81.48727172562577
29,2898,81.46677850897159
29,2899,81.4462852923174
29,2900,81.42579207566321
29,2901,81.40529885900902
29,2902,81.38480564235483
29,2903,81.36431242570065
29,2904,81.34381920904646
29,2905,81.32332599239227
29,2906,81.30283277573808
29,2907,81.2823395590839
29,2908,81.2618463424297
29,2909,81.24135312577552
29,2910,81.22085990912133
29,2911,81.20036669246714
29,2912,81.17987347581295
29,2913,81.15938025915877
29,2914,81.13888704250458
29,2915,81.11839382585039
29,2916,81.0979006091962
29,2917,81.07740739254201
29,2918,81.05691417588783
29,2919,81.03642095923364
29,2920,81.01592774257945
29,2921,80.99543452592526
29,2922,80.97494130927107
29,2923,80.95444809261689
29,2924,80.9339548759627
29,2925,80.91346165930851
30,2926,80.89296844265432
30,2927,80.87247522600013
30,2928,80.85198200934595
30,2929,80.83148879269176
30,2930,80.81099557603757
30,2931,80.79050235938338
30,2932,80.7700091427292
30,2933,80.749515926075
30,2934,80.72902270942082
30,2935,80.70852949276663
30,2936,80.68803627611244
30,2937,80.66754305945825
30,2938,80.64704984280407
30,2939,80.62655662614988
30,2940,80.60606340949569
30,2941,80.5855701928415
30,2942,80.56507697618731
30,2943,80.54458375953313
30,2944,80.52409054287894
30,2945,80.50359732622475
30,2946,80.48310410957056
30,2947,80.46261089291637
30,2948,80.44211767626219
30,2949,80.421624459608
30,2950,80.40113124295381
30,2951,80.38063802629962
30,2952,80.36014480964543
30,2953,80.33965159299125
30,2954,80.31915837633706
30,2955,80.29866515968287
30,2956,80.27817194302868
30,2957,80.2576787263745
30,2958,80.2371855097203
30,2959,80.21669229306612
30,2960,80.19619907641193
30,2961,80.17570585975774
30,2962,80.15521264310355
30,2963,80.13471942644937
30,2964,80.11422620979518
30,2965,80.09373299314099
30,2966,80.0732397764868
30,2967,80.05274655983261
30,2968,80.03225334317843
30,2969,80.01176012652424
30,2970,79.99126690987005
30,2971,79.97077369321586
30,2972,79.95028047656167
30,2973,79.92978725990749
30,2974,79.9092940432533
30,2975,79.88880082659911
30,2976,79.86830760994492
30,2977,79.95770170798973
30,2978,80.04709580603453
30,2979,80.13648990407934
30,2980,80.22588400212415
30,2981,80.31527810016895
30,2982,80.40467219821376
30,2983,80.49406629625857
30,2984,80.58346039430337
30,2985,80.67285449234818
30,2986,80.76224859039299
30,2987,80.85164268843779
30,2988,80.9410367864826
30,2989,81.0304308845274
30,2990,81.11982498257221
30,2991,81.20921908061702
30,2992,81.29861317866182
30,2993,81.38800727670663
30,2994,81.47740137475144
30,2995,81.56679547279624
30,2996,81.65618957084105
30,2997,81.74558366888586
30,2998,81.83497776693066
30,2999,81.92437186497547
30,3000,82.01376596302028
30,3001,82.10316006106508
30,3002,82.19255415910989
30,3003,82.2819482571547
30,3004,82.3713423551995
30,3005,82.46073645324431
30,3006,82.55013055128912
30,3007,82.63952464933392
30,3008,82.72891874737873
30,3009,82.81831284542353
30,3010,82.90770694346834
30,3011,82.99710104151315
30,3012,83.08649513955795
30,3013,83.17588923760276
30,3014,83.26528333564757
30,3015,83.35467743369237
30,3016,83.44407153173718
30,3017,83.53346562978199
30,3018,83.62285972782679
30,3019,83.7122538258716
30,3020,83.8016479239164
30,3021,83.89104202196121
30,3022,83.98043612000602
30,3023,84.06983021805083
30,3024,84.15922431609563
30,3025,84.24861841414044
30,3026,84.33801251218524
31,3027,84.42740661023005
31,3028,84.51680070827486
31,3029,84.60619480631966
31,3030,84.69558890436447
31,3031,84.78498300240928
31,3032,84.87437710045408
31,3033,84.96377119849889
31,3034,85.0531652965437
31,3035,85.1425593945885
31,3036,85.23195349263331
31,3037,85.32134759067812
31,3038,85.41074168872292
31,3039,85.50013578676773
31,3040,85.58952988481253
31,3041,85.67892398285734
31,3042,85.76831808090215
31,3043,85.85771217894695
31,3044,85.94710627699176
31,3045,86.03650037503657
31,3046,86.12589447308137
31,3047,86.21528857112618
31,3048,86.30468266917099
31,3049,86.3940767672158
31,3050,86.4834708652606
31,3051,86.5728649633054
31,3052,86.66225906135021
31,3053,86.75165315939502
31,3054,86.84104725743983
31,3055,86.93044135548463
31,3056,87.01983545352944
31,3057,87.10922955157424
31,3058,87.19862364961905
31,3059,87.28801774766386
31,3060,87.37741184570866
31,3061,87.46680594375347
31,3062,87.55620004179828
31,3063,87.64559413984308
31,3064,87.73498823788789
31,3065,87.8243823359327
31,3066,87.9137764339775
31,3067,88.00317053202231
31,3068,88.09256463006712
31,3069,88.18195872811192
31,3070,88.27135282615673
31,3071,88.36074692420154
31,3072,88.45014102224634
31,3073,88.53953512029115
31,3074,88.62892921833595
31,3075,88.71832331638076
31,3076,88.80771741442557
31,3077,88.89711151247037
31,3078,89.09594288754366
31,3079,89.29477426261694
31,3080,89.49360563769022
31,3081,89.6924370127635
31,3082,89.89126838783679
31,3083,90.09009976291007
31,3084,90.28893113798335
31,3085,90.48776251305664
31,3086,90.68659388812992
31,3087,90.8854252632032
31,3088,91.08425663827649
31,3089,91.28308801334977
31,3090,91.48191938842305
31,3091,91.68075076349633
31,3092,91.87958213856962
31,3093,92.0784135136429
31,3094,92.27724488871618
31,3095,92.47607626378947
31,3096,92.67490763886275
31,3097,92.87373901393603
31,3098,93.07257038900931
31,3099,93.2714017640826
31,3100,93.47023313915588
31,3101,93.66906451422916
31,3102,93.86789588930245
31,3103,94.06672726437573
31,3104,94.26555863944901
31,3105,94.4643900145223
31,3106,94.66322138959558
31,3107,94.86205276466886
31,3108,95.06088413974214
31,3109,95.25971551481543
31,3110,95.45854688988871
31,3111,95.65737826496199
31,3112,95.85620964003527
31,3113,96.05504101510856
31,3114,96.25387239018184
31,3115,96.45270376525512
31,3116,96.6515351403284
31,3117,96.85036651540169
31,3118,97.04919789047497
31,3119,97.24802926554825
31,3120,97.44686064062154
31,3121,97.64569201569482
31,3122,97.8445233907681
31,3123,98.04335476584139
31,3124,98.24218614091467
31,3125,98.44101751598795
31,3126,98.63984889106123
31,3127,98.83868026613452
32,3128,99.0375116412078
32,3129,99.23634301628108
32,3130,99.43517439135437
32,3131,99.63400576642765
32,3132,99.83283714150093
32,3133,100.03166851657421
32,3134,100.2304998916475
32,3135,100.42933126672078
32,3136,100.62816264179406
32,3137,100.82699401686735
32,3138,101.02582539194063
32,3139,101.22465676701391
32,3140,101.4234881420872
32,3141,101.62231951716048
32,3142,101.82115089223376
32,3143,102.01998226730704
32,3144,102.21881364238033
32,3145,102.41764501745361
32,3146,102.61647639252689
32,3147,102.81530776760017
32,3148,103.01413914267346
32,3149,103.21297051774674
32,3150,103.41180189282002
32,3151,103.6106332678933
32,3152,103.80946464296659
32,3153,104.00829601803987
32,3154,104.20712739311315
32,3155,104.40595876818644
32,3156,104.60479014325972
32,3157,104.803621518333
32,3158,105.00245289340629
32,3159,105.20128426847957
32,3160,105.40011564355285
32,3161,105.59894701862613
32,3162,105.79777839369942
32,3163,105.9966097687727
32,3164,106.19544114384598
32,3165,106.39427251891927
32,3166,106.59310389399255
32,3167,106.79193526906583
32,3168,106.99076664413911
32,3169,107.1895980192124
32,3170,107.38842939428568
32,3171,107.58726076935896
32,3172,107.78609214443225
32,3173,107.98492351950553
32,3174,108.18375489457881
32,3175,108.3825862696521
32,3176,108.58141764472538
32,3177,108.78024901979866
32,3178,108.97908039487194
32,3179,109.28663842229261
32,3180,109.59419644971328
32,3181,109.90175447713395
32,3182,110.20931250455462
32,3183,110.51687053197529
32,3184,110.82442855939595
32,3185,111.13198658681662
32,3186,111.43954461423729
32,3187,111.74710264165796
32,3188,112.05466066907863
32,3189,112.3622186964993
32,3190,112.66977672391997
32,3191,112.97733475134063
32,3192,113.2848927787613
32,3193,113.59245080618197
32,3194,113.90000883360264
32,3195,114.20756686102331
32,3196,114.51512488844398
32,3197,114.82268291586465
32,3198,115.13024094328532
32,3199,115.43779897070598
32,3200,115.74535699812665
32,3201,116.05291502554732
32,3202,116.36047305296799
32,3203,116.66803108038866
32,3204,116.97558910780933
32,3205,117.28314713523
32,3206,117.59070516265066
32,3207,117.89826319007133
32,3208,118.205821217492
32,3209,118.51337924491267
32,3210,118.82093727233334
32,3211,119.12849529975401
32,3212,119.43605332717468
32,3213,119.74361135459534
32,3214,120.05116938201601
32,3215,120.35872740943668
32,3216,120.66628543685735
32,3217,120.97384346427802
32,3218,121.28140149169869
32,3219,121.58895951911936
32,3220,121.89651754654003
32,3221,122.2040755739607
32,3222,122.51163360138136
32,3223,122.81919162880203
32,3224,123.1267496562227
32,3225,123.43430768364337
32,3226,123.74186571106404
32,3227,124.0494237384847
32,3228,124.35698176590537
33,3229,124.66453979332604
33,3230,124.97209782074671
33,3231,125.27965584816738
33,3232,125.58721387558805
33,3233,125.89477190300872
33,3234,126.20232993042939
33,3235,126.50988795785005
33,3236,126.81744598527072
33,3237,127.12500401269139
33,3238,127.43256204011206
33,3239,127.74012006753273
33,3240,128.0476780949534
33,3241,128.35523612237407
33,3242,128.66279414979473
33,3243,128.9703521772154
33,3244,129.27791020463607
33,3245,129.58546823205674
33,3246,129.8930262594774
33,3247,130.20058428689808
33,3248,130.50814231431875
33,3249,130.81570034173942
33,3250,131.12325836916008
33,3251,131.43081639658075
33,3252,131.73837442400142
33,3253,132.0459324514221
33,3254,132.35349047884276
33,3255,132.66104850626343
33,3256,132.9686065336841
33,3257,133.27616456110476
33,3258,133.58372258852543
33,3259,133.8912806159461
33,3260,134.19883864336677
33,3261,134.50639667078744
33,3262,134.8139546982081
33,3263,135.12151272562878
33,3264,135.42907075304944
33,3265,135.7366287804701
33,3266,136.04418680789078
33,3267,136.35174483531145
33,3268,136.65930286273212
33,3269,136.9668608901528
33,3270,137.27441891757346
33,3271,137.58197694499412
33,3272,137.8895349724148
33,3273,138.19709299983546
33,3274,138.50465102725613
33,3275,138.8122090546768
33,3276,139.11976708209747
33,3277,139.42732510951814
33,3278,139.7348831369388
33,3279,140.04244116435947
33,3280,140.4577321238762
33,3281,140.87302308339295
33,3282,141.2883140429097
33,3283,141.70360500242643
33,3284,142.11889596194317
33,3285,142.5341869214599
33,3286,142.94947788097664
33,3287,143.36476884049338
33,3288,143.78005980001012
33,3289,144.19535075952686
33,3290,144.6106417190436
33,3291,145.02593267856034
33,3292,145.44122363807708
33,3293,145.85651459759382
33,3294,146.27180555711055
33,3295,146.6870965166273
33,3296,147.10238747614403
33,3297,147.51767843566077
33,3298,147.9329693951775
33,3299,148.34826035469425
33,3300,148.76355131421099
33,3301,149.17884227372772
33,3302,149.59413323324446
33,3303,150.0094241927612
33,3304,150.42471515227794
33,3305,150.84000611179468
33,3306,151.25529707131142
33,3307,151.67058803082816
33,3308,152.0858789903449
33,3309,152.50116994986163
33,3310,152.91646090937837
33,3311,153.3317518688951
33,3312,153.74704282841185
33,3313,154.1623337879286
33,3314,154.57762474744533
33,3315,154.99291570696207
33,3316,155.4082066664788
33,3317,155.82349762599554
33,3318,156.23878858551228
33,3319,156.65407954502902
33,3320,157.06937050454576
33,3321,157.4846614640625
33,3322,157.89995242357924
33,3323,158.31524338309598
33,3324,158.7305343426127
33,3325,159.14582530212945
33,3326,159.5611162616462
33,3327,159.97640722116293
33,3328,160.39169818067967
34,3329,160.8069891401964
34,3330,161.22228009971315
34,3331,161.63757105922988
34,3332,162.05286201874662
34,3333,162.46815297826336
34,3334,162.8834439377801
34,3335,163.29873489729684
34,3336,163.71402585681358
34,3337,164.12931681633032
34,3338,164.54460777584706
34,3339,164.9598987353638
34,3340,165.37518969488053
34,3341,165.79048065439727
34,3342,166.205771613914
34,3343,166.62106257343075
34,3344,167.0363535329475
34,3345,167.45164449246423
34,3346,167.86693545198096
34,3347,168.2822264114977
34,3348,168.69751737101444
34,3349,169.11280833053118
34,3350,169.52809929004792
34,3351,169.94339024956466
34,3352,170.3586812090814
34,3353,170.77397216859814
34,3354,171.18926312811487
34,3355,171.6045540876316
34,3356,172.01984504714835
34,3357,172.4351360066651
34,3358,172.85042696618183
34,3359,173.26571792569857
34,3360,173.6810088852153
34,3361,174.09629984473204
34,3362,174.51159080424878
34,3363,174.92688176376552
34,3364,175.34217272328226
34,3365,175.757463682799
34,3366,176.17275464231574
34,3367,176.58804560183248
34,3368,177.00333656134922
34,3369,177.41862752086595
34,3370,177.8339184803827
34,3371,178.24920943989943
34,3372,178.66450039941617
34,3373,179.0797913589329
34,3374,179.49508231844965
34,3375,179.91037327796639
34,3376,180.32566423748312
34,3377,180.74095519699986
34,3378,181.1562461565166
34,3379,181.57153711603334
34,3380,182.0932644199448
34,3381,182.61499172385626
34,3382,183.13671902776773
34,3383,183.6584463316792
34,3384,184.18017363559065
34,3385,184.7019009395021
34,3386,185.22362824341357
34,3387,185.74535554732503
34,3388,186.2670828512365
34,3389,186.78881015514796
34,3390,187.31053745905942
34,3391,187.83226476297088
34,3392,188.35399206688234
34,3393,188.8757193707938
34,3394,189.39744667470526
34,3395,189.91917397861673
34,3396,190.4409012825282
34,3397,190.96262858643965
34,3398,191.4843558903511
34,3399,192.00608319426257
34,3400,191.46931149817402
34,3401,190.93253980208547
34,3402,190.39576810599692
34,3403,189.85899640990837
34,3404,189.32222471381982
34,3405,188.78545301773127
34,3406,188.24868132164272
34,3407,187.71190962555417
34,3408,187.17513792946562
34,3409,186.63836623337707
34,3410,186.10159453728852
34,3411,185.56482284119997
34,3412,185.02805114511142
34,3413,184.49127944902287
34,3414,183.95450775293432
34,3415,183.41773605684577
34,3416,182.88096436075722
34,3417,182.34419266466867
34,3418,181.80742096858012
34,3419,181.27064927249157
34,3420,180.73387757640302
34,3421,180.19710588031447
34,3422,179.66033418422592
34,3423,179.12356248813737
34,3424,178.58679079204882
34,3425,178.05001909596027
34,3426,177.51324739987172
34,3427,176.97647570378317
34,3428,176.43970400769462
34,3429,175.90293231160607
35,3430,175.36616061551751
35,3431,174.82938891942896
35,3432,174.29261722334041
35,3433,173.75584552725186
35,3434,173.2190738311633
35,3435,172.68230213507476
35,3436,172.1455304389862
35,3437,171.60875874289766
35,3438,171.0719870468091
35,3439,170.53521535072056
35,3440,169.998443654632
35,3441,169.46167195854346
35,3442,168.9249002624549
35,3443,168.38812856636636
35,3444,167.8513568702778
35,3445,167.31458517418926
35,3446,166.7778134781007
35,3447,166.24104178201216
35,3448,165.7042700859236
35,3449,165.16749838983506
35,3450,164.6307266937465
35,3451,164.09395499765796
35,3452,163.5571833015694
35,3453,163.02041160548086
35,3454,162.4836399093923
35,3455,161.94686821330376
35,3456,161.4100965172152
35,3457,160.87332482112666
35,3458,160.3365531250381
35,3459,159.79978142894956
35,3460,159.263009732861
35,3461,158.72623803677246
35,3462,158.1894663406839
35,3463,157.65269464459536
35,3464,157.1159229485068
35,3465,156.57915125241826
35,3466,156.0423795563297
35,3467,155.50560786024116
35,3468,154.9688361641526
35,3469,154.43206446806406
35,3470,153.8952927719755
35,3471,153.35852107588696
35,3472,152.8217493797984
35,3473,152.28497768370985
35,3474,151.7482059876213
35,3475,151.21143429153275
35,3476,150.6746625954442
35,3477,150.13789089935565
35,3478,149.6011192032671
35,3479,149.06434750717855
35,3480,148.52757581109
35,3481,148.09562795167037
35,3482,147.66368009225073
35,3483,147.2317322328311
35,3484,146.79978437341146
35,3485,146.36783651399182
35,3486,145.93588865457218
35,3487,145.50394079515254
35,3488,145.0719929357329
35,3489,144.64004507631327
35,3490,144.20809721689363
35,3491,143.776149357474
35,3492,143.34420149805436
35,3493,142.91225363863472
35,3494,142.4803057792151
35,3495,142.04835791979545
35,3496,141.6164100603758
35,3497,141.18446220095618
35,3498,140.75251434153654
35,3499,140.3205664821169
35,3500,139.88861862269727
35,3501,139.45667076327763
35,3502,139.024722903858
35,3503,138.59277504443835
35,3504,138.16082718501872
35,3505,137.72887932559908
35,3506,137.29693146617944
35,3507,136.8649836067598
35,3508,136.43303574734017
35,3509,136.00108788792053
35,3510,135.5691400285009
35,3511,135.13719216908126
35,3512,134.70524430966162
35,3513,134.273296450242
35,3514,133.84134859082235
35,3515,133.4094007314027
35,3516,132.97745287198308
35,3517,132.54550501256344
35,3518,132.1135571531438
35,3519,131.68160929372416
35,3520,131.24966143430453
35,3521,130.8177135748849
35,3522,130.38576571546525
35,3523,129.95381785604562
35,3524,129.52186999662598
35,3525,129.08992213720634
35,3526,128.6579742777867
35,3527,128.22602641836707
35,3528,127.79407855894745
35,3529,127.36213069952782
35,3530,126.9301828401082
36,3531,126.49823498068858
36,3532,126.06628712126896
36,3533,125.63433926184933
36,3534,125.20239140242971
36,3535,124.77044354301009
36,3536,124.33849568359047
36,3537,123.90654782417084
36,3538,123.47459996475122
36,3539,123.0426521053316
36,3540,122.61070424591198
36,3541,122.17875638649235
36,3542,121.74680852707273
36,3543,121.31486066765311
36,3544,120.88291280823348
36,3545,120.45096494881386
36,3546,120.01901708939424
36,3547,119.58706922997462
36,3548,119.155121370555
36,3549,118.72317351113537
36,3550,118.29122565171575
36,3551,117.85927779229613
36,3552,117.4273299328765
36,3553,116.99538207345688
36,3554,116.56343421403726
36,3555,116.13148635461764
36,3556,115.69953849519801
36,3557,115.26759063577839
36,3558,114.83564277635877
36,3559,114.40369491693914
36,3560,113.97174705751952
36,3561,113.5397991980999
36,3562,113.10785133868028
36,3563,112.67590347926065
36,3564,112.24395561984103
36,3565,111.81200776042141
36,3566,111.38005990100179
36,3567,110.94811204158216
36,3568,110.51616418216254
36,3569,110.08421632274292
36,3570,109.6522684633233
36,3571,109.22032060390367
36,3572,108.78837274448405
36,3573,108.35642488506443
36,3574,107.9244770256448
36,3575,107.49252916622518
36,3576,107.06058130680556
36,3577,106.62863344738594
36,3578,106.19668558796631
36,3579,105.76473772854669
36,3580,105.33278986912707
36,3581,104.90084200970745
36,3582,104.57177839314441
36,3583,104.24271477658138
36,3584,103.91365116001835
36,3585,103.58458754345531
36,3586,103.25552392689228
36,3587,102.92646031032925
36,3588,102.59739669376621
36,3589,102.26833307720318
36,3590,101.93926946064015
36,3591,101.61020584407711
36,3592,101.28114222751408
36,3593,100.95207861095105
36,3594,100.62301499438801
36,3595,100.29395137782498
36,3596,99.96488776126195
36,3597,99.63582414469892
36,3598,99.30676052813588
36,3599,98.97769691157285
36,3600,98.64863329500982
36,3601,98.31956967844678
36,3602,97.99050606188375
36,3603,97.66144244532072
36,3604,97.33237882875768
36,3605,97.00331521219465
36,3606,96.67425159563162
36,3607,96.34518797906858
36,3608,96.01612436250555
36,3609,95.68706074594252
36,3610,95.35799712937948
36,3611,95.02893351281645
36,3612,94.69986989625342
36,3613,94.37080627969038
36,3614,94.04174266312735
36,3615,93.71267904656432
36,3616,93.38361543000129
36,3617,93.05455181343825
36,3618,92.72548819687522
36,3619,92.39642458031219
36,3620,92.06736096374915
36,3621,91.73829734718612
36,3622,91.40923373062309
36,3623,91.08017011406005
36,3624,90.75110649749702
36,3625,90.42204288093399
36,3626,90.09297926437095
36,3627,89.76391564780792
36,3628,89.43485203124489
36,3629,89.10578841468185
36,3630,88.77672479811882
36,3631,88.44766118155579
37,3632,88.11859756499275
37,3633,87.78953394842972
37,3634,87.46047033186669
37,3635,87.13140671530365
37,3636,86.80234309874062
37,3637,86.47327948217759
37,3638,86.14421586561456
37,3639,85.81515224905152
37,3640,85.48608863248849
37,3641,85.15702501592546
37,3642,84.82796139936242
37,3643,84.49889778279939
37,3644,84.16983416623636
37,3645,83.84077054967332
37,3646,83.51170693311029
37,3647,83.18264331654726
37,3648,82.85357969998422
37,3649,82.52451608342119
37,3650,82.19545246685816
37,3651,81.86638885029512
37,3652,81.53732523373209
37,3653,81.20826161716906
37,3654,80.87919800060602
37,3655,80.55013438404299
37,3656,80.22107076747996
37,3657,79.89200715091692
37,3658,79.56294353435389
37,3659,79.23387991779086
37,3660,78.90481630122783
37,3661,78.57575268466479
37,3662,78.24668906810176
37,3663,77.91762545153873
37,3664,77.58856183497569
37,3665,77.25949821841266
37,3666,76.93043460184963
37,3667,76.6013709852866
37,3668,76.27230736872356
37,3669,75.94324375216053
37,3670,75.6141801355975
37,3671,75.28511651903446
37,3672,74.95605290247143
37,3673,74.6269892859084
37,3674,74.29792566934536
37,3675,73.96886205278233
37,3676,73.6397984362193
37,3677,73.31073481965626
37,3678,72.98167120309323
37,3679,72.6526075865302
37,3680,72.32354396996716
37,3681,71.99448035340413
37,3682,71.6654167368411
37,3683,71.43695974834549
37,3684,71.20850275984988
37,3685,70.98004577135427
37,3686,70.75158878285866
37,3687,70.52313179436305
37,3688,70.29467480586744
37,3689,70.06621781737184
37,3690,69.83776082887623
37,3691,69.60930384038062
37,3692,69.38084685188501
37,3693,69.1523898633894
37,3694,68.9239328748938
37,3695,68.69547588639819
37,3696,68.46701889790258
37,3697,68.23856190940697
37,3698,68.01010492091136
37,3699,67.78164793241575
37,3700,67.55319094392014
37,3701,67.32473395542453
37,3702,67.09627696692893
37,3703,66.86781997843332
37,3704,66.63936298993771
37,3705,66.4109060014421
37,3706,66.18244901294649
37,3707,65.95399202445088
37,3708,65.72553503595528
37,3709,65.49707804745967
37,3710,65.26862105896406
37,3711,65.04016407046845
37,3712,64.81170708197284
37,3713,64.58325009347723
37,3714,64.35479310498162
37,3715,64.12633611648602
37,3716,63.897879127990414
37,3717,63.66942213949481
37,3718,63.44096515099921
37,3719,63.21250816250361
37,3720,62.98405117400801
37,3721,62.75559418551241
37,3722,62.527137197016806
37,3723,62.298680208521205
37,3724,62.0702232200256
37,3725,61.84176623153
37,3726,61.6133092430344
37,3727,61.3848522545388
37,3728,61.1563952660432
37,3729,60.9279382775476
37,3730,60.699481289051995
37,3731,60.471024300556394
37,3732,60.24256731206079
38,3733,60.01411032356519
38,3734,59.78565333506959
38,3735,59.55719634657399
38,3736,59.32873935807839
38,3737,59.100282369582786
38,3738,58.871825381087184
38,3739,58.64336839259158
38,3740,58.41491140409598
38,3741,58.18645441560038
38,3742,57.95799742710478
38,3743,57.72954043860918
38,3744,57.501083450113576
38,3745,57.272626461617975
38,3746,57.04416947312237
38,3747,56.81571248462677
38,3748,56.58725549613117
38,3749,56.35879850763557
38,3750,56.13034151913997
38,3751,55.90188453064437
38,3752,55.673427542148765
38,3753,55.444970553653164
38,3754,55.21651356515756
38,3755,54.98805657666196
38,3756,54.75959958816636
38,3757,54.53114259967076
38,3758,54.30268561117516
38,3759,54.074228622679556
38,3760,53.845771634183954
38,3761,53.61731464568835
38,3762,53.38885765719275
38,3763,53.16040066869715
38,3764,52.93194368020155
38,3765,52.70348669170595
38,3766,52.475029703210346
38,3767,52.246572714714745
38,3768,52.01811572621914
38,3769,51.78965873772354
38,3770,51.56120174922794
38,3771,51.33274476073234
38,3772,51.10428777223674
38,3773,50.87583078374114
38,3774,50.647373795245535
38,3775,50.418916806749934
38,3776,50.19045981825433
38,3777,49.96200282975873
38,3778,49.73354584126313
38,3779,49.50508885276753
38,3780,49.27663186427193
38,3781,49.048174875776326
38,3782,48.819717887280724
38,3783,48.59126089878512
38,3784,48.46078860293951
38,3785,48.330316307093895
38,3786,48.19984401124828
38,3787,48.06937171540267
38,3788,47.93889941955705
38,3789,47.80842712371144
38,3790,47.677954827865825
38,3791,47.54748253202021
38,3792,47.4170102361746
38,3793,47.286537940328984
38,3794,47.15606564448337
38,3795,47.025593348637756
38,3796,46.89512105279214
38,3797,46.76464875694653
38,3798,46.634176461100914
38,3799,46.5037041652553
38,3800,46.373231869409686
38,3801,46.24275957356407
38,3802,46.11228727771846
38,3803,45.981814981872844
38,3804,45.85134268602723
38,3805,45.72087039018162
38,3806,45.590398094336
38,3807,45.45992579849039
38,3808,45.329453502644775
38,3809,45.19898120679916
38,3810,45.06850891095355
38,3811,44.93803661510793
38,3812,44.80756431926232
38,3813,44.677092023416705
38,3814,44.54661972757109
38,3815,44.41614743172548
38,3816,44.28567513587986
38,3817,44.15520284003425
38,3818,44.024730544188635
38,3819,43.89425824834302
38,3820,43.76378595249741
38,3821,43.633313656651794
38,3822,43.50284136080618
38,3823,43.372369064960566
38,3824,43.24189676911495
38,3825,43.11142447326934
38,3826,42.980952177423724
38,3827,42.85047988157811
38,3828,42.720007585732496
38,3829,42.58953528988688
38,3830,42.45906299404127
38,3831,42.328590698195654
38,3832,42.19811840235004
38,3833,42.06764610650443
39,3834,41.93717381065881
39,3835,41.8067015148132
39,3836,41.676229218967585
39,3837,41.54575692312197
39,3838,41.41528462727636
39,3839,41.28481233143074
39,3840,41.15434003558513
39,3841,41.023867739739515
39,3842,40.8933954438939
39,3843,40.76292314804829
39,3844,40.63245085220267
39,3845,40.50197855635706
39,3846,40.371506260511445
39,3847,40.24103396466583
39,3848,40.11056166882022
39,3849,39.980089372974604
39,3850,39.84961707712899
39,3851,39.719144781283376
39,3852,39.58867248543776
39,3853,39.45820018959215
39,3854,39.327727893746534
39,3855,39.19725559790092
39,3856,39.066783302055306
39,3857,38.93631100620969
39,3858,38.80583871036408
39,3859,38.675366414518464
39,3860,38.54489411867285
39,3861,38.41442182282724
39,3862,38.28394952698162
39,3863,38.15347723113601
39,3864,38.023004935290395
39,3865,37.89253263944478
39,3866,37.76206034359917
39,3867,37.63158804775355
39,3868,37.50111575190794
39,3869,37.370643456062325
39,3870,37.24017116021671
39,3871,37.1096988643711
39,3872,36.97922656852548
39,3873,36.84875427267987
39,3874,36.718281976834255
39,3875,36.58780968098864
39,3876,36.45733738514303
39,3877,36.326865089297414
39,3878,36.1963927934518
39,3879,36.065920497606186
39,3880,35.93544820176057
39,3881,35.80497590591496
39,3882,35.674503610069344
39,3883,35.54403131422373
39,3884,35.413559018378116
39,3885,35.37809981420996
39,3886,35.342640610041805
39,3887,35.30718140587365
39,3888,35.271722201705494
39,3889,35.23626299753734
39,3890,35.20080379336918
39,3891,35.16534458920103
39,3892,35.12988538503287
39,3893,35.094426180864716
39,3894,35.05896697669656
39,3895,35.023507772528404
39,3896,34.98804856836025
39,3897,34.95258936419209
39,3898,34.91713016002394
39,3899,34.88167095585578
39,3900,34.846211751687626
39,3901,34.81075254751947
39,3902,34.775293343351315
39,3903,34.73983413918316
39,3904,34.704374935015004
39,3905,34.66891573084685
39,3906,34.63345652667869
39,3907,34.59799732251054
39,3908,34.56253811834238
39,3909,34.527078914174226
39,3910,34.49161971000607
39,3911,34.456160505837914
39,3912,34.42070130166976
39,3913,34.3852420975016
39,3914,34.34978289333345
39,3915,34.31432368916529
39,3916,34.278864484997136
39,3917,34.24340528082898
39,3918,34.207946076660825
39,3919,34.17248687249267
39,3920,34.137027668324514
39,3921,34.10156846415636
39,3922,34.0661092599882
39,3923,34.03065005582005
39,3924,33.99519085165189
39,3925,33.959731647483736
39,3926,33.92427244331558
39,3927,33.888813239147424
39,3928,33.85335403497927
39,3929,33.81789483081111
39,3930,33.78243562664296
39,3931,33.7469764224748
39,3932,33.711517218306646
39,3933,33.67605801413849
39,3934,33.640598809970335
40,3935,33.60513960580218
40,3936,33.569680401634024
40,3937,33.53422119746587
40,3938,33.49876199329771
40,3939,33.46330278912956
40,3940,33.4278435849614
40,3941,33.392384380793246
40,3942,33.35692517662509
40,3943,33.321465972456934
40,3944,33.28600676828878
40,3945,33.25054756412062
40,3946,33.21508835995247
40,3947,33.17962915578431
40,3948,33.144169951616156
40,3949,33.108710747448
40,3950,33.073251543279845
40,3951,33.03779233911169
40,3952,33.002333134943534
40,3953,32.96687393077538
40,3954,32.93141472660722
40,3955,32.89595552243907
40,3956,32.86049631827091
40,3957,32.825037114102756
40,3958,32.7895779099346
40,3959,32.754118705766444
40,3960,32.71865950159829
40,3961,32.68320029743013
40,3962,32.64774109326198
40,3963,32.61228188909382
40,3964,32.576822684925666
40,3965,32.54136348075751
40,3966,32.505904276589355
40,3967,32.4704450724212
40,3968,32.434985868253044
40,3969,32.39952666408489
40,3970,32.36406745991673
40,3971,32.32860825574858
40,3972,32.29314905158042
40,3973,32.257689847412266
40,3974,32.22223064324411
40,3975,32.186771439075955
40,3976,32.1513122349078
40,3977,32.11585303073964
40,3978,32.08039382657149
40,3979,32.04493462240333
40,3980,32.009475418235176
40,3981,31.974016214067024
40,3982,31.938557009898872
40,3983,31.90309780573072
40,3984,31.867638601562568
40,3985,31.832179397394416
40,3986,31.888409690537124
40,3987,31.94463998367983
40,3988,32.00087027682254
40,3989,32.05710056996525
40,3990,32.11333086310796
40,3991,32.16956115625067
40,3992,32.225791449393384
40,3993,32.282021742536095
40,3994,32.338252035678806
40,3995,32.39448232882152
40,3996,32.45071262196423
40,3997,32.50694291510694
40,3998,32.56317320824965
40,3999,32.61940350139236
40,4000,32.675633794535074
40,4001,32.731864087677785
40,4002,32.788094380820496
40,4003,32.84432467396321
40,4004,32.90055496710592
40,4005,32.95678526024863
40,4006,33.01301555339134
40,4007,33.06924584653405
40,4008,33.12547613967676
40,4009,33.181706432819475
40,4010,33.237936725962186
40,4011,33.2941670191049
40,4012,33.35039731224761
40,4013,33.40662760539032
40,4014,33.46285789853303
40,4015,33.51908819167574
40,4016,33.57531848481845
40,4017,33.631548777961164
40,4018,33.687779071103876
40,4019,33.74400936424659
40,4020,33.8002396573893
40,4021,33.85646995053201
40,4022,33.91270024367472
40,4023,33.96893053681743
40,4024,34.02516082996014
40,4025,34.081391123102854
40,4026,34.137621416245565
40,4027,34.19385170938828
40,4028,34.25008200253099
40,4029,34.3063122956737
40,4030,34.36254258881641
40,4031,34.41877288195912
40,4032,34.47500317510183
40,4033,34.531233468244544
40,4034,34.587463761387255
40,4035,34.643694054529966
41,4036,34.69992434767268
41,4037,34.75615464081539
41,4038,34.8123849339581
41,4039,34.86861522710081
41,4040,34.92484552024352
41,4041,34.981075813386234
41,4042,35.037306106528945
41,4043,35.093536399671656
41,4044,35.14976669281437
41,4045,35.20599698595708
41,4046,35.26222727909979
41,4047,35.3184575722425
41,4048,35.37468786538521
41,4049,35.43091815852792
41,4050,35.487148451670635
41,4051,35.543378744813346
41,4052,35.59960903795606
41,4053,35.65583933109877
41,4054,35.71206962424148
41,4055,35.76829991738419
41,4056,35.8245302105269
41,4057,35.88076050366961
41,4058,35.936990796812324
41,4059,35.993221089955036
41,4060,36.04945138309775
41,4061,36.10568167624046
41,4062,36.16191196938317
41,4063,36.21814226252588
41,4064,36.27437255566859
41,4065,36.3306028488113
41,4066,36.386833141954014
41,4067,36.443063435096725
41,4068,36.49929372823944
41,4069,36.55552402138215
41,4070,36.61175431452486
41,4071,36.66798460766757
41,4072,36.72421490081028
41,4073,36.78044519395299
41,4074,36.836675487095704
41,4075,36.892905780238415
41,4076,36.949136073381126
41,4077,37.00536636652384
41,4078,37.06159665966655
41,4079,37.11782695280926
41,4080,37.17405724595197
41,4081,37.23028753909468
41,4082,37.286517832237394
41,4083,37.342748125380105
41,4084,37.398978418522816
41,4085,37.45520871166553
41,4086,37.51143900480824
41,4087,37.6556853681314
41,4088,37.79993173145456
41,4089,37.944178094777726
41,4090,38.08842445810089
41,4091,38.23267082142405
41,4092,38.376917184747214
41,4093,38.521163548070376
41,4094,38.66540991139354
41,4095,38.8096562747167
41,4096,38.953902638039864
41,4097,39.098149001363026
41,4098,39.24239536468619
41,4099,39.38664172800935
41,4100,39.530888091332514
41,4101,39.67513445465568
41,4102,39.81938081797884
41,4103,39.963627181302
41,4104,40.107873544625164
41,4105,40.25211990794833
41,4106,40.39636627127149
41,4107,40.54061263459465
41,4108,40.684858997917814
41,4109,40.82910536124098
41,4110,40.97335172456414
41,4111,41.1175980878873
41,4112,41.261844451210465
41,4113,41.40609081453363
41,4114,41.55033717785679
41,4115,41.69458354117995
41,4116,41.838829904503115
41,4117,41.98307626782628
41,4118,42.12732263114944
41,4119,42.2715689944726
41,4120,42.415815357795765
41,4121,42.56006172111893
41,4122,42.70430808444209
41,4123,42.84855444776525
41,4124,42.992800811088415
41,4125,43.13704717441158
41,4126,43.28129353773474
41,4127,43.4255399010579
41,4128,43.569786264381065
41,4129,43.71403262770423
41,4130,43.85827899102739
41,4131,44.00252535435055
41,4132,44.146771717673715
41,4133,44.29101808099688
41,4134,44.43526444432004
41,4135,44.5795108076432
41,4136,44.723757170966365
42,4137,44.86800353428953
42,4138,45.01224989761269
42,4139,45.15649626093585
42,4140,45.300742624259016
42,4141,45.44498898758218
42,4142,45.58923535090534
42,4143,45.7334817142285
42,4144,45.877728077551666
42,4145,46.02197444087483
42,4146,46.16622080419799
42,4147,46.31046716752115
42,4148,46.454713530844316
42,4149,46.59895989416748
42,4150,46.74320625749064
42,4151,46.887452620813804
42,4152,47.031698984136966
42,4153,47.17594534746013
42,4154,47.32019171078329
42,4155,47.464438074106454
42,4156,47.608684437429616
42,4157,47.75293080075278
42,4158,47.89717716407594
42,4159,48.041423527399104
42,4160,48.18566989072227
42,4161,48.32991625404543
42,4162,48.47416261736859
42,4163,48.618408980691754
42,4164,48.76265534401492
42,4165,48.90690170733808
42,4166,49.05114807066124
42,4167,49.195394433984404
42,4168,49.33964079730757
42,4169,49.48388716063073
42,4170,49.62813352395389
42,4171,49.772379887277054
42,4172,49.91662625060022
42,4173,50.06087261392338
42,4174,50.20511897724654
42,4175,50.349365340569705
42,4176,50.49361170389287
42,4177,50.63785806721603
42,4178,50.78210443053919
42,4179,50.926350793862355
42,4180,51.07059715718552
42,4181,51.21484352050868
42,4182,51.35908988383184
42,4183,51.503336247155005
42,4184,51.64758261047817
42,4185,51.79182897380133
42,4186,51.93607533712449
42,4187,52.080321700447655
42,4188,52.30856432786165
42,4189,52.53680695527565
42,4190,52.76504958268965
42,4191,52.99329221010365
42,4192,53.221534837517645
42,4193,53.44977746493164
42,4194,53.67802009234564
42,4195,53.90626271975964
42,4196,54.134505347173636
42,4197,54.362747974587634
42,4198,54.59099060200163
42,4199,54.81923322941563
42,4200,55.04747585682963
42,4201,55.275718484243626
42,4202,55.503961111657624
42,4203,55.73220373907162
42,4204,55.96044636648562
42,4205,56.18868899389962
42,4206,56.416931621313616
42,4207,56.64517424872761
42,4208,56.87341687614161
42,4209,57.10165950355561
42,4210,57.32990213096961
42,4211,57.558144758383605
42,4212,57.7863873857976
42,4213,58.0146300132116
42,4214,58.2428726406256
42,4215,58.4711152680396
42,4216,58.699357895453595
42,4217,58.92760052286759
42,4218,59.15584315028159
42,4219,59.38408577769559
42,4220,59.61232840510959
42,4221,59.840571032523584
42,4222,60.06881365993758
42,4223,60.29705628735158
42,4224,60.52529891476558
42,4225,60.753541542179576
42,4226,60.981784169593574
42,4227,61.21002679700757
42,4228,61.43826942442157
42,4229,61.66651205183557
42,4230,61.894754679249566
42,4231,62.122997306663564
42,4232,62.35123993407756
42,4233,62.57948256149156
42,4234,62.80772518890556
42,4235,63.035967816319555
42,4236,63.26421044373355
42,4237,63.49245307114755
43,4238,63.72069569856155
43,4239,63.94893832597555
43,4240,64.17718095338954
43,4241,64.40542358080353
43,4242,64.63366620821752
43,4243,64.86190883563151
43,4244,65.0901514630455
43,4245,65.31839409045949
43,4246,65.54663671787348
43,4247,65.77487934528747
43,4248,66.00312197270146
43,4249,66.23136460011546
43,4250,66.45960722752945
43,4251,66.68784985494344
43,4252,66.91609248235743
43,4253,67.14433510977142
43,4254,67.37257773718541
43,4255,67.6008203645994
43,4256,67.82906299201339
43,4257,68.05730561942738
43,4258,68.28554824684137
43,4259,68.51379087425536
43,4260,68.74203350166935
43,4261,68.97027612908335
43,4262,69.19851875649734
43,4263,69.42676138391133
43,4264,69.65500401132532
43,4265,69.88324663873931
43,4266,70.1114892661533
43,4267,70.33973189356729
43,4268,70.56797452098128
43,4269,70.79621714839527
43,4270,71.02445977580926
43,4271,71.25270240322325
43,4272,71.48094503063724
43,4273,71.70918765805123
43,4274,71.93743028546523
43,4275,72.16567291287922
43,4276,72.39391554029321
43,4277,72.6221581677072
43,4278,72.85040079512119
43,4279,73.07864342253518
43,4280,73.30688604994917
43,4281,73.53512867736316
43,4282,73.76337130477715
43,4283,73.99161393219114
43,4284,74.21985655960513
43,4285,74.44809918701912
43,4286,74.67634181443312
43,4287,74.9045844418471
43,4288,75.21246283506322
43,4289,75.52034122827934
43,4290,75.82821962149545
43,4291,76.13609801471156
43,4292,76.44397640792768
43,4293,76.75185480114379
43,4294,77.05973319435991
43,4295,77.36761158757602
43,4296,77.67548998079214
43,4297,77.98336837400825
43,4298,78.29124676722437
43,4299,78.59912516044048
43,4300,78.9070035536566
43,4301,79.21488194687271
43,4302,79.52276034008882
43,4303,79.83063873330494
43,4304,80.13851712652105
43,4305,80.44639551973717
43,4306,80.75427391295328
43,4307,81.0621523061694
43,4308,81.37003069938551
43,4309,81.67790909260162
43,4310,81.98578748581774
43,4311,82.29366587903385
43,4312,82.60154427224997
43,4313,82.90942266546608
43,4314,83.2173010586822
43,4315,83.52517945189831
43,4316,83.83305784511442
43,4317,84.14093623833054
43,4318,84.44881463154665
43,4319,84.75669302476277
43,4320,85.06457141797888
43,4321,85.372449811195
43,4322,85.68032820441111
43,4323,85.98820659762723
43,4324,86.29608499084334
43,4325,86.60396338405945
43,4326,86.91184177727557
43,4327,87.21972017049168
43,4328,87.5275985637078
43,4329,87.83547695692391
43,4330,88.14335535014003
43,4331,88.45123374335614
43,4332,88.75911213657226
43,4333,89.06699052978837
43,4334,89.37486892300448
43,4335,89.6827473162206
43,4336,89.99062570943671
43,4337,90.29850410265283
44,4338,90.60638249586894
44,4339,90.91426088908506
44,4340,91.22213928230117
44,4341,91.53001767551729
44,4342,91.8378960687334
44,4343,92.14577446194951
44,4344,92.45365285516563
44,4345,92.76153124838174
44,4346,93.06940964159786
44,4347,93.37728803481397
44,4348,93.68516642803009
44,4349,93.9930448212462
44,4350,94.30092321446232
44,4351,94.60880160767843
44,4352,94.91668000089454
44,4353,95.22455839411066
44,4354,95.53243678732677
44,4355,95.84031518054289
44,4356,96.148193573759
44,4357,96.45607196697512
44,4358,96.76395036019123
44,4359,97.07182875340735
44,4360,97.37970714662346
44,4361,97.68758553983957
44,4362,97.99546393305569
44,4363,98.3033423262718
44,4364,98.61122071948792
44,4365,98.91909911270403
44,4366,99.22697750592015
44,4367,99.53485589913626
44,4368,99.84273429235238
44,4369,100.15061268556849
44,4370,100.4584910787846
44,4371,100.76636947200072
44,4372,101.07424786521683
44,4373,101.38212625843295
44,4374,101.69000465164906
44,4375,101.99788304486518
44,4376,102.30576143808129
44,4377,102.6136398312974
44,4378,102.92151822451352
44,4379,103.22939661772963
44,4380,103.53727501094575
44,4381,103.84515340416186
44,4382,104.15303179737798
44,4383,104.46091019059409
44,4384,104.7687885838102
44,4385,105.07666697702632
44,4386,105.38454537024244
44,4387,105.69242376345855
44,4388,106.00030215667466
44,4389,106.38312074312645
44,4390,106.76593932957825
44,4391,107.14875791603004
44,4392,107.53157650248183
44,4393,107.91439508893362
44,4394,108.29721367538541
44,4395,108.6800322618372
44,4396,109.06285084828899
44,4397,109.44566943474078
44,4398,109.82848802119257
44,4399,110.21130660764436
44,4400,109.86720419409615
44,4401,109.52310178054793
44,4402,109.17899936699972
44,4403,108.8348969534515
44,4404,108.49079453990329
44,4405,108.14669212635508
44,4406,107.80258971280686
44,4407,107.45848729925865
44,4408,107.11438488571044
44,4409,106.77028247216222
44,4410,106.42618005861401
44,4411,106.0820776450658
44,4412,105.73797523151758
44,4413,105.39387281796937
44,4414,105.04977040442115
44,4415,104.70566799087294
44,4416,104.36156557732473
44,4417,104.01746316377651
44,4418,103.6733607502283
44,4419,103.32925833668008
44,4420,102.98515592313187
44,4421,102.64105350958366
44,4422,102.29695109603544
44,4423,101.95284868248723
44,4424,101.60874626893902
44,4425,101.2646438553908
44,4426,100.92054144184259
44,4427,100.57643902829437
44,4428,100.23233661474616
44,4429,99.88823420119795
44,4430,99.54413178764973
44,4431,99.20002937410152
44,4432,98.8559269605533
44,4433,98.51182454700509
44,4434,98.16772213345688
44,4435,97.82361971990866
44,4436,97.47951730636045
44,4437,97.13541489281224
44,4438,96.79131247926402
45,4439,96.44721006571581
45,4440,96.1031076521676
45,4441,95.75900523861938
45,4442,95.41490282507117
45,4443,95.07080041152295
45,4444,94.72669799797474
45,4445,94.38259558442653
45,4446,94.03849317087831
45,4447,93.6943907573301
45,4448,93.35028834378188
45,4449,93.00618593023367
45,4450,92.66208351668546
45,4451,92.31798110313724
45,4452,91.97387868958903
45,4453,91.62977627604081
45,4454,91.2856738624926
45,4455,90.94157144894439
45,4456,90.59746903539617
45,4457,90.25336662184796
45,4458,89.90926420829975
45,4459,89.56516179475153
45,4460,89.22105938120332
45,4461,88.8769569676551
45,4462,88.53285455410689
45,4463,88.18875214055868
45,4464,87.84464972701046
45,4465,87.50054731346225
45,4466,87.15644489991404
45,4467,86.81234248636582
45,4468,86.46824007281761
45,4469,86.1241376592694
45,4470,85.78003524572118
45,4471,85.43593283217297
45,4472,85.09183041862475
45,4473,84.74772800507654
45,4474,84.40362559152832
45,4475,84.05952317798011
45,4476,83.7154207644319
45,4477,83.37131835088368
45,4478,83.02721593733547
45,4479,82.68311352378726
45,4480,82.33901111023904
45,4481,81.99490869669083
45,4482,81.65080628314261
45,4483,81.3067038695944
45,4484,80.96260145604619
45,4485,80.61849904249797
45,4486,80.27439662894976
45,4487,79.93029421540155
45,4488,79.58619180185333
45,4489,79.24208938830512
45,4490,78.96765195802972
45,4491,78.69321452775432
45,4492,78.41877709747892
45,4493,78.14433966720352
45,4494,77.86990223692813
45,4495,77.59546480665273
45,4496,77.32102737637733
45,4497,77.04658994610193
45,4498,76.77215251582653
45,4499,76.49771508555114
45,4500,76.22327765527574
45,4501,75.94884022500034
45,4502,75.67440279472494
45,4503,75.39996536444954
45,4504,75.12552793417414
45,4505,74.85109050389875
45,4506,74.57665307362335
45,4507,74.30221564334795
45,4508,74.02777821307255
45,4509,73.75334078279715
45,4510,73.47890335252175
45,4511,73.20446592224636
45,4512,72.93002849197096
45,4513,72.65559106169556
45,4514,72.38115363142016
45,4515,72.10671620114476
45,4516,71.83227877086937
45,4517,71.55784134059397
45,4518,71.28340391031857
45,4519,71.00896648004317
45,4520,70.73452904976777
45,4521,70.46009161949237
45,4522,70.18565418921698
45,4523,69.91121675894158
45,4524,69.63677932866618
45,4525,69.36234189839078
45,4526,69.08790446811538
45,4527,68.81346703783998
45,4528,68.53902960756459
45,4529,68.26459217728919
45,4530,67.99015474701379
45,4531,67.71571731673839
45,4532,67.441279886463
45,4533,67.1668424561876
45,4534,66.8924050259122
45,4535,66.6179675956368
45,4536,66.3435301653614
45,4537,66.069092735086
45,4538,65.7946553048106
45,4539,65.5202178745352
46,4540,65.24578044425981
46,4541,64.97134301398441
46,4542,64.69690558370901
46,4543,64.42246815343361
46,4544,64.14803072315821
46,4545,63.87359329288281
46,4546,63.599155862607404
46,4547,63.324718432332
46,4548,63.05028100205659
46,4549,62.77584357178119
46,4550,62.50140614150578
46,4551,62.22696871123038
46,4552,61.95253128095497
46,4553,61.678093850679566
46,4554,61.40365642040416
46,4555,61.129218990128756
46,4556,60.85478155985335
46,4557,60.580344129577945
46,4558,60.30590669930254
46,4559,60.031469269027134
46,4560,59.75703183875173
46,4561,59.482594408476324
46,4562,59.20815697820092
46,4563,58.93371954792551
46,4564,58.65928211765011
46,4565,58.3848446873747
46,4566,58.1104072570993
46,4567,57.83596982682389
46,4568,57.561532396548486
46,4569,57.28709496627308
46,4570,57.012657535997675
46,4571,56.73822010572227
46,4572,56.463782675446865
46,4573,56.18934524517146
46,4574,55.914907814896054
46,4575,55.64047038462065
46,4576,55.36603295434524
46,4577,55.09159552406984
46,4578,54.81715809379443
46,4579,54.54272066351903
46,4580,54.26828323324362
46,4581,53.99384580296822
46,4582,53.71940837269281
46,4583,53.444970942417406
46,4584,53.170533512142
46,4585,52.896096081866595
46,4586,52.62165865159119
46,4587,52.347221221315785
46,4588,52.07278379104038
46,4589,51.798346360764974
46,4590,51.52390893048957
46,4591,51.313255178349
46,4592,51.10260142620844
46,4593,50.89194767406787
46,4594,50.681293921927306
46,4595,50.47064016978674
46,4596,50.259986417646175
46,4597,50.04933266550561
46,4598,49.838678913365044
46,4599,49.62802516122448
46,4600,49.41737140908391
46,4601,49.20671765694335
46,4602,48.99606390480278
46,4603,48.785410152662216
46,4604,48.57475640052165
46,4605,48.364102648381085
46,4606,48.15344889624052
46,4607,47.942795144099954
46,4608,47.73214139195939
46,4609,47.52148763981882
46,4610,47.31083388767826
46,4611,47.10018013553769
46,4612,46.889526383397126
46,4613,46.67887263125656
46,4614,46.468218879115994
46,4615,46.25756512697543
46,4616,46.04691137483486
46,4617,45.8362576226943
46,4618,45.62560387055373
46,4619,45.41495011841317
46,4620,45.2042963662726
46,4621,44.993642614132035
46,4622,44.78298886199147
46,4623,44.572335109850904
46,4624,44.36168135771034
46,4625,44.15102760556977
46,4626,43.94037385342921
46,4627,43.72972010128864
46,4628,43.519066349148076
46,4629,43.30841259700751
46,4630,43.097758844866945
46,4631,42.88710509272638
46,4632,42.676451340585814
46,4633,42.46579758844525
46,4634,42.25514383630468
46,4635,42.04449008416412
46,4636,41.83383633202355
46,4637,41.623182579882986
46,4638,41.41252882774242
46,4639,41.201875075601855
46,4640,40.99122132346129
47,4641,40.780567571320724
47,4642,40.56991381918016
47,4643,40.35926006703959
47,4644,40.14860631489903
47,4645,39.93795256275846
47,4646,39.727298810617896
47,4647,39.51664505847733
47,4648,39.305991306336765
47,4649,39.0953375541962
47,4650,38.88468380205563
47,4651,38.67403004991507
47,4652,38.4633762977745
47,4653,38.25272254563394
47,4654,38.04206879349337
47,4655,37.831415041352805
47,4656,37.62076128921224
47,4657,37.410107537071674
47,4658,37.19945378493111
47,4659,36.98880003279054
47,4660,36.77814628064998
47,4661,36.56749252850941
47,4662,36.356838776368846
47,4663,36.14618502422828
47,4664,35.935531272087715
47,4665,35.72487751994715
47,4666,35.514223767806584
47,4667,35.30357001566602
47,4668,35.09291626352545
47,4669,34.88226251138489
47,4670,34.67160875924432
47,4671,34.460955007103756
47,4672,34.25030125496319
47,4673,34.039647502822625
47,4674,33.82899375068206
47,4675,33.618339998541494
47,4676,33.40768624640093
47,4677,33.19703249426036
47,4678,32.9863787421198
47,4679,32.77572498997923
47,4680,32.565071237838666
47,4681,32.3544174856981
47,4682,32.143763733557535
47,4683,31.93310998141697
47,4684,31.722456229276403
47,4685,31.511802477135838
47,4686,31.301148724995272
47,4687,31.090494972854707
47,4688,30.87984122071414
47,4689,30.669187468573575
47,4690,30.45853371643301
47,4691,30.247879964292444
47,4692,30.094758779736715
47,4693,29.941637595180985
47,4694,29.788516410625256
47,4695,29.635395226069527
47,4696,29.482274041513797
47,4697,29.329152856958068
47,4698,29.17603167240234
47,4699,29.02291048784661
47,4700,28.86978930329088
47,4701,28.71666811873515
47,4702,28.56354693417942
47,4703,28.41042574962369
47,4704,28.25730456506796
47,4705,28.104183380512232
47,4706,27.951062195956503
47,4707,27.797941011400773
47,4708,27.644819826845044
47,4709,27.491698642289315
47,4710,27.338577457733585
47,4711,27.185456273177856
47,4712,27.032335088622126
47,4713,26.879213904066397
47,4714,26.726092719510667
47,4715,26.572971534954938
47,4716,26.41985035039921
47,4717,26.26672916584348
47,4718,26.11360798128775
47,4719,25.96048679673202
47,4720,25.80736561217629
47,4721,25.65424442762056
47,4722,25.501123243064832
47,4723,25.348002058509103
47,4724,25.194880873953373
47,4725,25.041759689397644
47,4726,24.888638504841914
47,4727,24.735517320286185
47,4728,24.582396135730455
47,4729,24.429274951174726
47,4730,24.276153766618997
47,4731,24.123032582063267
47,4732,23.969911397507538
47,4733,23.81679021295181
47,4734,23.66366902839608
47,4735,23.51054784384035
47,4736,23.35742665928462
47,4737,23.20430547472889
47,4738,23.05118429017316
47,4739,22.89806310561743
47,4740,22.744941921061702
47,4741,22.591820736505973
48,4742,22.438699551950243
48,4743,22.285578367394514
48,4744,22.132457182838785
48,4745,21.979335998283055
48,4746,21.826214813727326
48,4747,21.673093629171596
48,4748,21.519972444615867
48,4749,21.366851260060137
48,4750,21.213730075504408
48,4751,21.06060889094868
48,4752,20.90748770639295
48,4753,20.75436652183722
48,4754,20.60124533728149
48,4755,20.44812415272576
48,4756,20.29500296817003
48,4757,20.141881783614302
48,4758,19.988760599058573
48,4759,19.835639414502843
48,4760,19.682518229947114
48,4761,19.529397045391384
48,4762,19.376275860835655
48,4763,19.223154676279925
48,4764,19.070033491724196
48,4765,18.916912307168467
48,4766,18.763791122612737
48,4767,18.610669938057008
48,4768,18.45754875350128
48,4769,18.30442756894555
48,4770,18.15130638438982
48,4771,17.99818519983409
48,4772,17.84506401527836
48,4773,17.69194283072263
48,4774,17.5388216461669
48,4775,17.385700461611172
48,4776,17.232579277055443
48,4777,17.079458092499713
48,4778,16.926336907943984
48,4779,16.773215723388255
48,4780,16.620094538832525
48,4781,16.466973354276796
48,4782,16.313852169721066
48,4783,16.160730985165337
48,4784,16.007609800609607
48,4785,15.85448861605388
48,4786,15.701367431498152
48,4787,15.548246246942425
48,4788,15.395125062386697
48,4789,15.24200387783097
48,4790,15.088882693275242
48,4791,14.935761508719514
48,4792,14.782640324163786
48,4793,14.680468543123343
48,4794,14.5782967620829
48,4795,14.476124981042457
48,4796,14.373953200002013
48,4797,14.27178141896157
48,4798,14.169609637921127
48,4799,14.067437856880684
48,4800,13.96526607584024
48,4801,13.863094294799797
48,4802,13.760922513759354
48,4803,13.65875073271891
48,4804,13.556578951678468
48,4805,13.454407170638024
48,4806,13.352235389597581
48,4807,13.250063608557138
48,4808,13.147891827516695
48,4809,13.045720046476251
48,4810,12.943548265435808
48,4811,12.841376484395365
48,4812,12.739204703354922
48,4813,12.637032922314479
48,4814,12.534861141274035
48,4815,12.432689360233592
48,4816,12.330517579193149
48,4817,12.228345798152706
48,4818,12.126174017112263
48,4819,12.02400223607182
48,4820,11.921830455031376
48,4821,11.819658673990933
48,4822,11.71748689295049
48,4823,11.615315111910046
48,4824,11.513143330869603
48,4825,11.41097154982916
48,4826,11.308799768788717
48,4827,11.206627987748274
48,4828,11.10445620670783
48,4829,11.002284425667387
48,4830,10.900112644626944
48,4831,10.7979408635865
48,4832,10.695769082546057
48,4833,10.593597301505614
48,4834,10.491425520465171
48,4835,10.389253739424728
48,4836,10.287081958384285
48,4837,10.184910177343841
48,4838,10.082738396303398
48,4839,9.980566615262955
48,4840,9.878394834222512
48,4841,9.776223053182068
48,4842,9.674051272141625
49,4843,9.571879491101182
49,4844,9.469707710060739
49,4845,9.367535929020296
49,4846,9.265364147979852
49,4847,9.163192366939409
49,4848,9.061020585898966
49,4849,8.958848804858523
49,4850,8.85667702381808
49,4851,8.754505242777636
49,4852,8.652333461737193
49,4853,8.55016168069675
49,4854,8.447989899656307
49,4855,8.345818118615863
49,4856,8.24364633757542
49,4857,8.141474556534977
49,4858,8.039302775494534
49,4859,7.937130994454091
49,4860,7.834959213413649
49,4861,7.732787432373207
49,4862,7.630615651332764
49,4863,7.528443870292322
49,4864,7.42627208925188
49,4865,7.324100308211437
49,4866,7.221928527170995
49,4867,7.119756746130553
49,4868,7.01758496509011
49,4869,6.915413184049668
49,4870,6.813241403009226
49,4871,6.711069621968783
49,4872,6.608897840928341
49,4873,6.506726059887899
49,4874,6.404554278847456
49,4875,6.302382497807014
49,4876,6.200210716766572
49,4877,6.098038935726129
49,4878,5.995867154685687
49,4879,5.893695373645245
49,4880,5.791523592604802
49,4881,5.68935181156436
49,4882,5.587180030523918
49,4883,5.485008249483475
49,4884,5.382836468443033
49,4885,5.280664687402591
49,4886,5.178492906362148
49,4887,5.076321125321706
49,4888,4.974149344281264
49,4889,4.871977563240821
49,4890,4.769805782200379
49,4891,4.667634001159937
49,4892,4.565462220119494
49,4893,4.463290439079052
49,4894,4.40456687954447
49,4895,4.345843320009888
49,4896,4.287119760475306
49,4897,4.2283962009407245
49,4898,4.169672641406143
49,4899,4.110949081871561
49,4900,4.052225522336979
49,4901,3.9935019628023976
49,4902,3.934778403267816
49,4903,3.8760548437332347
49,4904,3.8173312841986533
49,4905,3.758607724664072
49,4906,3.6998841651294905
49,4907,3.641160605594909
49,4908,3.5824370460603276
49,4909,3.5237134865257462
49,4910,3.464989926991165
49,4911,3.4062663674565834
49,4912,3.347542807922002
49,4913,3.2888192483874206
49,4914,3.230095688852839
49,4915,3.1713721293182577
49,4916,3.1126485697836763
49,4917,3.053925010249095
49,4918,2.9952014507145135
49,4919,2.936477891179932
49,4920,2.8777543316453507
49,4921,2.8190307721107692
49,4922,2.760307212576188
49,4923,2.7015836530416064
49,4924,2.642860093507025
49,4925,2.5841365339724436
49,4926,2.525412974437862
49,4927,2.4666894149032808
49,4928,2.4079658553686993
49,4929,2.349242295834118
49,4930,2.2905187362995365
49,4931,2.231795176764955
49,4932,2.1730716172303737
49,4933,2.1143480576957923
49,4934,2.055624498161211
49,4935,1.9969009386266292
49,4936,1.9381773790920476
49,4937,1.879453819557466
49,4938,1.8207302600228843
49,4939,1.7620067004883027
49,4940,1.703283140953721
49,4941,1.6445595814191394
49,4942,1.5858360218845577
49,4943,1.527112462349976
50,4944,1.4683889028153945
50,4945,1.4096653432808128
50,4946,1.3509417837462312
50,4947,1.2922182242116496
50,4948,1.233494664677068
50,4949,1.1747711051424863
50,4950,1.1160475456079046
50,4951,1.057323986073323
50,4952,0.9986004265387415
50,4953,0.93987686700416
50,4954,0.8811533074695784
50,4955,0.8224297479349969
50,4956,0.7637061884004154
50,4957,0.7049826288658338
50,4958,0.6462590693312523
50,4959,0.5875355097966708
50,4960,0.5288119502620893
50,4961,0.4700883907275077
50,4962,0.4113648311929261
50,4963,0.3526412716583445
50,4964,0.29391771212376294
50,4965,0.23519415258918136
50,4966,0.17647059305459978
50,4967,0.11774703352001821
50,4968,0.05902347398543664
50,4969,0.00029991445085507384
50,4970,-0.058423645083726494
50,4971,-0.11714720461830806
50,4972,-0.17587076415288963
50,4973,-0.23459432368747118
50,4974,-0.29331788322205277
50,4975,-0.35204144275663435
50,4976,-0.41076500229121593
50,4977,-0.4694885618257975
50,4978,-0.5282121213603791
50,4979,-0.5869356808949606
50,4980,-0.6456592404295421
50,4981,-0.7043827999641237
50,4982,-0.7631063594987052
50,4983,-0.8218299190332867
50,4984,-0.8805534785678683
50,4985,-0.9392770381024498
50,4986,-0.9980005976370313
50,4987,-1.0567241571716128
50,4988,-1.1154477167061945
50,4989,-1.174171276240776
50,4990,-1.2328948357753577
50,4991,-1.2916183953099394
50,4992,-1.350341954844521
50,4993,-1.4090655143791027
50,4994,-1.4677890739136843
50,4995,-1.492200667132574
50,4996,-1.5166122603514638
50,4997,-1.5410238535703535
50,4998,-1.5654354467892433
50,4999,-1.589847040008133
50,5000,-1.6142586332270228
50,5001,-1.6386702264459125
50,5002,-1.6630818196648023
50,5003,-1.687493412883692
50,5004,-1.7119050061025818
50,5005,-1.7363165993214715
50,5006,-1.7607281925403613
50,5007,-1.785139785759251
50,5008,-1.8095513789781408
50,5009,-1.8339629721970305
50,5010,-1.8583745654159203
50,5011,-1.88278615863481
50,5012,-1.9071977518536998
50,5013,-1.9316093450725895
50,5014,-1.9560209382914793
50,5015,-1.980432531510369
50,5016,-2.0048441247292588
50,5017,-2.0292557179481485
50,5018,-2.0536673111670383
50,5019,-2.078078904385928
50,5020,-2.1024904976048178
50,5021,-2.1269020908237075
50,5022,-2.1513136840425973
50,5023,-2.175725277261487
50,5024,-2.2001368704803768
50,5025,-2.2245484636992665
50,5026,-2.2489600569181563
50,5027,-2.273371650137046
50,5028,-2.2977832433559358
50,5029,-2.3221948365748255
50,5030,-2.3466064297937153
50,5031,-2.371018023012605
50,5032,-2.3954296162314948
50,5033,-2.4198412094503845
50,5034,-2.4442528026692742
50,5035,-2.468664395888164
50,5036,-2.4930759891070537
50,5037,-2.5174875823259435
50,5038,-2.5418991755448332
50,5039,-2.566310768763723
50,5040,-2.5907223619826127
50,5041,-2.6151339552015025
50,5042,-2.6395455484203922
50,5043,-2.663957141639282
50,5044,-2.6883687348581717
51,5045,-2.7127803280770615
51,5046,-2.7371919212959512
51,5047,-2.761603514514841
51,5048,-2.7860151077337307
51,5049,-2.8104267009526205
51,5050,-2.8348382941715102
51,5051,-2.8592498873904
51,5052,-2.8836614806092897
51,5053,-2.9080730738281795
51,5054,-2.9324846670470692
51,5055,-2.956896260265959
51,5056,-2.9813078534848487
51,5057,-3.0057194467037385
51,5058,-3.0301310399226282
51,5059,-3.054542633141518
51,5060,-3.0789542263604077
51,5061,-3.1033658195792975
51,5062,-3.127777412798187
51,5063,-3.152189006017077
51,5064,-3.1766005992359667
51,5065,-3.2010121924548565
51,5066,-3.225423785673746
51,5067,-3.249835378892636
51,5068,-3.2742469721115257
51,5069,-3.2986585653304155
51,5070,-3.323070158549305
51,5071,-3.347481751768195
51,5072,-3.3718933449870847
51,5073,-3.3963049382059745
51,5074,-3.420716531424864
51,5075,-3.445128124643754
51,5076,-3.4695397178626437
51,5077,-3.4939513110815335
51,5078,-3.518362904300423
51,5079,-3.542774497519313
51,5080,-3.5671860907382027
51,5081,-3.5915976839570924
51,5082,-3.616009277175982
51,5083,-3.640420870394872
51,5084,-3.6648324636137617
51,5085,-3.6892440568326514
51,5086,-3.713655650051541
51,5087,-3.738067243270431
51,5088,-3.7624788364893207
51,5089,-3.7868904297082104
51,5090,-3.8113020229271
51,5091,-3.83571361614599
51,5092,-3.8601252093648797
51,5093,-3.8845368025837694
51,5094,-3.908948395802659
51,5095,-3.933359989021549
51,5096,-3.933863525442699
51,5097,-3.9343670618638487
51,5098,-3.9348705982849985
51,5099,-3.9353741347061484
51,5100,-3.9358776711272982
51,5101,-3.936381207548448
51,5102,-3.936884743969598
51,5103,-3.937388280390748
51,5104,-3.9378918168118977
51,5105,-3.9383953532330476
51,5106,-3.9388988896541974
51,5107,-3.9394024260753473
51,5108,-3.939905962496497
51,5109,-3.940409498917647
51,5110,-3.940913035338797
51,5111,-3.9414165717599468
51,5112,-3.9419201081810966
51,5113,-3.9424236446022465
51,5114,-3.9429271810233963
51,5115,-3.943430717444546
51,5116,-3.943934253865696
51,5117,-3.944437790286846
51,5118,-3.944941326707996
51,5119,-3.9454448631291457
51,5120,-3.9459483995502955
51,5121,-3.9464519359714454
51,5122,-3.9469554723925953
51,5123,-3.947459008813745
51,5124,-3.947962545234895
51,5125,-3.948466081656045
51,5126,-3.9489696180771947
51,5127,-3.9494731544983446
51,5128,-3.9499766909194944
51,5129,-3.9504802273406443
51,5130,-3.950983763761794
51,5131,-3.951487300182944
51,5132,-3.951990836604094
51,5133,-3.9524943730252438
51,5134,-3.9529979094463936
51,5135,-3.9535014458675435
51,5136,-3.9540049822886933
51,5137,-3.954508518709843
51,5138,-3.955012055130993
51,5139,-3.955515591552143
51,5140,-3.956019127973293
51,5141,-3.9565226643944427
51,5142,-3.9570262008155925
51,5143,-3.9575297372367424
51,5144,-3.9580332736578923
51,5145,-3.958536810079042
52,5146,-3.959040346500192
52,5147,-3.959543882921342
52,5148,-3.9600474193424917
52,5149,-3.9605509557636416
52,5150,-3.9610544921847914
52,5151,-3.9615580286059413
52,5152,-3.962061565027091
52,5153,-3.962565101448241
52,5154,-3.963068637869391
52,5155,-3.9635721742905408
52,5156,-3.9640757107116906
52,5157,-3.9645792471328405
52,5158,-3.9650827835539904
52,5159,-3.96558631997514
52,5160,-3.96608985639629
52,5161,-3.96659339281744
52,5162,-3.96709692923859
52,5163,-3.9676004656597397
52,5164,-3.9681040020808895
52,5165,-3.9686075385020394
52,5166,-3.9691110749231893
52,5167,-3.969614611344339
52,5168,-3.970118147765489
52,5169,-3.970621684186639
52,5170,-3.9711252206077887
52,5171,-3.9716287570289386
52,5172,-3.9721322934500884
52,5173,-3.9726358298712383
52,5174,-3.973139366292388
52,5175,-3.973642902713538
52,5176,-3.974146439134688
52,5177,-3.9746499755558378
52,5178,-3.9751535119769876
52,5179,-3.9756570483981375
52,5180,-3.9761605848192874
52,5181,-3.976664121240437
52,5182,-3.977167657661587
52,5183,-3.977671194082737
52,5184,-3.978174730503887
52,5185,-3.9786782669250367
52,5186,-3.9791818033461865
52,5187,-3.9796853397673364
52,5188,-3.9801888761884863
52,5189,-3.980692412609636
52,5190,-3.981195949030786
52,5191,-3.981699485451936
52,5192,-3.9822030218730857
52,5193,-3.9827065582942356
52,5194,-3.9832100947153855
52,5195,-3.9837136311365353
52,5196,-3.971217849429037
52,5197,-3.958722067721539
52,5198,-3.9462262860140407
52,5199,-3.9337305043065425
52,5200,-3.9212347225990443
52,5201,-3.908738940891546
52,5202,-3.896243159184048
52,5203,-3.8837473774765496
52,5204,-3.8712515957690514
52,5205,-3.858755814061553
52,5206,-3.846260032354055
52,5207,-3.833764250646557
52,5208,-3.8212684689390586
52,5209,-3.8087726872315604
52,5210,-3.796276905524062
52,5211,-3.783781123816564
52,5212,-3.7712853421090657
52,5213,-3.7587895604015675
52,5214,-3.7462937786940693
52,5215,-3.733797996986571
52,5216,-3.721302215279073
52,5217,-3.7088064335715747
52,5218,-3.6963106518640765
52,5219,-3.6838148701565783
52,5220,-3.67131908844908
52,5221,-3.658823306741582
52,5222,-3.6463275250340836
52,5223,-3.6338317433265854
52,5224,-3.621335961619087
52,5225,-3.608840179911589
52,5226,-3.596344398204091
52,5227,-3.5838486164965926
52,5228,-3.5713528347890944
52,5229,-3.558857053081596
52,5230,-3.546361271374098
52,5231,-3.5338654896665997
52,5232,-3.5213697079591015
52,5233,-3.5088739262516033
52,5234,-3.496378144544105
52,5235,-3.483882362836607
52,5236,-3.4713865811291087
52,5237,-3.4588907994216105
52,5238,-3.4463950177141123
52,5239,-3.433899236006614
52,5240,-3.421403454299116
52,5241,-3.4089076725916176
52,5242,-3.3964118908841194
52,5243,-3.3839161091766212
52,5244,-3.371420327469123
52,5245,-3.358924545761625
53,5246,-3.3464287640541266
53,5247,-3.3339329823466284
53,5248,-3.32143720063913
53,5249,-3.308941418931632
53,5250,-3.2964456372241338
53,5251,-3.2839498555166355
53,5252,-3.2714540738091373
53,5253,-3.258958292101639
53,5254,-3.246462510394141
53,5255,-3.2339667286866427
53,5256,-3.2214709469791445
53,5257,-3.2089751652716463
53,5258,-3.196479383564148
53,5259,-3.18398360185665
53,5260,-3.1714878201491516
53,5261,-3.1589920384416534
53,5262,-3.1464962567341552
53,5263,-3.134000475026657
53,5264,-3.121504693319159
53,5265,-3.1090089116116606
53,5266,-3.0965131299041624
53,5267,-3.084017348196664
53,5268,-3.071521566489166
53,5269,-3.0590257847816678
53,5270,-3.0465300030741695
53,5271,-3.0340342213666713
53,5272,-3.021538439659173
53,5273,-3.009042657951675
53,5274,-2.9965468762441767
53,5275,-2.9840510945366785
53,5276,-2.9715553128291803
53,5277,-2.959059531121682
53,5278,-2.946563749414184
53,5279,-2.9340679677066857
53,5280,-2.9215721859991874
53,5281,-2.9090764042916892
53,5282,-2.896580622584191
53,5283,-2.884084840876693
53,5284,-2.8715890591691946
53,5285,-2.8590932774616964
53,5286,-2.846597495754198
53,5287,-2.8341017140467
53,5288,-2.8216059323392018
53,5289,-2.8091101506317036
53,5290,-2.7966143689242053
53,5291,-2.784118587216707
53,5292,-2.771622805509209
53,5293,-2.7591270238017107
53,5294,-2.7466312420942125
53,5295,-2.7341354603867143
53,5296,-2.721639678679216
53,5297,-2.70660638440655
53,5298,-2.691573090133884
53,5299,-2.676539795861218
53,5300,-2.6615065015885517
53,5301,-2.6464732073158856
53,5302,-2.6314399130432196
53,5303,-2.6164066187705535
53,5304,-2.6013733244978874
53,5305,-2.5863400302252213
53,5306,-2.571306735952555
53,5307,-2.556273441679889
53,5308,-2.541240147407223
53,5309,-2.526206853134557
53,5310,-2.511173558861891
53,5311,-2.4961402645892248
53,5312,-2.4811069703165587
53,5313,-2.4660736760438926
53,5314,-2.4510403817712265
53,5315,-2.4360070874985604
53,5316,-2.4209737932258943
53,5317,-2.4059404989532283
53,5318,-2.390907204680562
53,5319,-2.375873910407896
53,5320,-2.36084061613523
53,5321,-2.345807321862564
53,5322,-2.330774027589898
53,5323,-2.3157407333172317
53,5324,-2.3007074390445656
53,5325,-2.2856741447718996
53,5326,-2.2706408504992335
53,5327,-2.2556075562265674
53,5328,-2.2405742619539013
53,5329,-2.225540967681235
53,5330,-2.210507673408569
53,5331,-2.195474379135903
53,5332,-2.180441084863237
53,5333,-2.165407790590571
53,5334,-2.150374496317905
53,5335,-2.1353412020452387
53,5336,-2.1203079077725726
53,5337,-2.1052746134999065
53,5338,-2.0902413192272404
53,5339,-2.0752080249545743
53,5340,-2.0601747306819083
53,5341,-2.045141436409242
53,5342,-2.030108142136576
53,5343,-2.01507484786391
53,5344,-2.000041553591244
53,5345,-1.9850082593185776
53,5346,-1.9699749650459113
54,5347,-1.954941670773245
54,5348,-1.9399083765005787
54,5349,-1.9248750822279124
54,5350,-1.909841787955246
54,5351,-1.8948084936825798
54,5352,-1.8797751994099134
54,5353,-1.8647419051372471
54,5354,-1.8497086108645808
54,5355,-1.8346753165919145
54,5356,-1.8196420223192482
54,5357,-1.804608728046582
54,5358,-1.7895754337739156
54,5359,-1.7745421395012493
54,5360,-1.759508845228583
54,5361,-1.7444755509559167
54,5362,-1.7294422566832504
54,5363,-1.714408962410584
54,5364,-1.6993756681379177
54,5365,-1.6843423738652514
54,5366,-1.6693090795925851
54,5367,-1.6542757853199188
54,5368,-1.6392424910472525
54,5369,-1.6242091967745862
54,5370,-1.6091759025019199
54,5371,-1.5941426082292536
54,5372,-1.5791093139565873
54,5373,-1.564076019683921
54,5374,-1.5490427254112547
54,5375,-1.5340094311385883
54,5376,-1.518976136865922
54,5377,-1.5039428425932557
54,5378,-1.4889095483205894
54,5379,-1.473876254047923
54,5380,-1.4588429597752568
54,5381,-1.4438096655025905
54,5382,-1.4287763712299242
54,5383,-1.4137430769572579
54,5384,-1.3987097826845916
54,5385,-1.3836764884119253
54,5386,-1.368643194139259
54,5387,-1.3536098998665926
54,5388,-1.3385766055939263
54,5389,-1.32354331132126
54,5390,-1.3085100170485937
54,5391,-1.2934767227759274
54,5392,-1.278443428503261
54,5393,-1.2634101342305948
54,5394,-1.2483768399579285
54,5395,-1.2333435456852622
54,5396,-1.2183102514125959
54,5397,-1.2032769571399295
54,5398,-1.1935694818354452
54,5399,-1.1838620065309609
54,5400,-1.1741545312264765
54,5401,-1.1644470559219922
54,5402,-1.1547395806175078
54,5403,-1.1450321053130235
54,5404,-1.1353246300085391
54,5405,-1.1256171547040548
54,5406,-1.1159096793995704
54,5407,-1.106202204095086
54,5408,-1.0964947287906017
54,5409,-1.0867872534861174
54,5410,-1.077079778181633
54,5411,-1.0673723028771487
54,5412,-1.0576648275726643
54,5413,-1.04795735226818
54,5414,-1.0382498769636956
54,5415,-1.0285424016592113
54,5416,-1.018834926354727
54,5417,-1.0091274510502426
54,5418,-0.9994199757457582
54,5419,-0.9897125004412739
54,5420,-0.9800050251367896
54,5421,-0.9702975498323052
54,5422,-0.9605900745278209
54,5423,-0.9508825992233365
54,5424,-0.9411751239188522
54,5425,-0.9314676486143678
54,5426,-0.9217601733098835
54,5427,-0.9120526980053991
54,5428,-0.9023452227009148
54,5429,-0.8926377473964304
54,5430,-0.8829302720919461
54,5431,-0.8732227967874617
54,5432,-0.8635153214829774
54,5433,-0.853807846178493
54,5434,-0.8441003708740087
54,5435,-0.8343928955695243
54,5436,-0.82468542026504
54,5437,-0.8149779449605556
54,5438,-0.8052704696560713
54,5439,-0.795562994351587
54,5440,-0.7858555190471026
54,5441,-0.7761480437426183
54,5442,-0.7664405684381339
54,5443,-0.7567330931336496
54,5444,-0.7470256178291652
54,5445,-0.7373181425246809
54,5446,-0.7276106672201965
54,5447,-0.7179031919157122
55,5448,-0.7081957166112278
55,5449,-0.6984882413067435
55,5450,-0.6887807660022591
55,5451,-0.6790732906977748
55,5452,-0.6693658153932904
55,5453,-0.6596583400888061
55,5454,-0.6499508647843217
55,5455,-0.6402433894798374
55,5456,-0.630535914175353
55,5457,-0.6208284388708687
55,5458,-0.6111209635663843
55,5459,-0.6014134882619
55,5460,-0.5917060129574157
55,5461,-0.5819985376529313
55,5462,-0.572291062348447
55,5463,-0.5625835870439626
55,5464,-0.5528761117394783
55,5465,-0.5431686364349939
55,5466,-0.5334611611305096
55,5467,-0.5237536858260252
55,5468,-0.5140462105215409
55,5469,-0.5043387352170565
55,5470,-0.4946312599125722
55,5471,-0.4849237846080878
55,5472,-0.4752163093036035
55,5473,-0.46550883399911913
55,5474,-0.4558013586946348
55,5475,-0.44609388339015044
55,5476,-0.4363864080856661
55,5477,-0.42667893278118174
55,5478,-0.4169714574766974
55,5479,-0.40726398217221305
55,5480,-0.3975565068677287
55,5481,-0.38784903156324435
55,5482,-0.37814155625876
55,5483,-0.36843408095427566
55,5484,-0.3587266056497913
55,5485,-0.34901913034530696
55,5486,-0.3393116550408226
55,5487,-0.32960417973633827
55,5488,-0.3198967044318539
55,5489,-0.31018922912736957
55,5490,-0.3004817538228852
55,5491,-0.2907742785184009
55,5492,-0.2810668032139165
55,5493,-0.2713593279094322
55,5494,-0.26165185260494783
55,5495,-0.2519443773004635
55,5496,-0.24223690199597916
55,5497,-0.23252942669149484
55,5498,-0.22282195138701053
55,5499,-0.2206168227306983
55,5500,-0.21841169407438607
55,5501,-0.21620656541807384
55,5502,-0.21400143676176162
55,5503,-0.2117963081054494
55,5504,-0.20959117944913716
55,5505,-0.20738605079282493
55,5506,-0.2051809221365127
55,5507,-0.20297579348020048
55,5508,-0.20077066482388825
55,5509,-0.19856553616757602
55,5510,-0.1963604075112638
55,5511,-0.19415527885495157
55,5512,-0.19195015019863934
55,5513,-0.1897450215423271
55,5514,-0.1875398928860149
55,5515,-0.18533476422970266
55,5516,-0.18312963557339043
55,5517,-0.1809245069170782
55,5518,-0.17871937826076598
55,5519,-0.17651424960445375
55,5520,-0.17430912094814152
55,5521,-0.1721039922918293
55,5522,-0.16989886363551707
55,5523,-0.16769373497920484
55,5524,-0.1654886063228926
55,5525,-0.16328347766658038
55,5526,-0.16107834901026816
55,5527,-0.15887322035395593
55,5528,-0.1566680916976437
55,5529,-0.15446296304133147
55,5530,-0.15225783438501925
55,5531,-0.15005270572870702
55,5532,-0.1478475770723948
55,5533,-0.14564244841608256
55,5534,-0.14343731975977034
55,5535,-0.1412321911034581
55,5536,-0.13902706244714588
55,5537,-0.13682193379083366
55,5538,-0.13461680513452143
55,5539,-0.1324116764782092
55,5540,-0.13020654782189697
55,5541,-0.12800141916558475
55,5542,-0.12579629050927252
55,5543,-0.12359116185296028
55,5544,-0.12138603319664804
55,5545,-0.1191809045403358
55,5546,-0.11697577588402355
55,5547,-0.11477064722771131
55,5548,-0.11256551857139907
56,5549,-0.11036038991508683
56,5550,-0.10815526125877459
56,5551,-0.10595013260246235
56,5552,-0.1037450039461501
56,5553,-0.10153987528983786
56,5554,-0.09933474663352562
56,5555,-0.09712961797721338
56,5556,-0.09492448932090114
56,5557,-0.0927193606645889
56,5558,-0.09051423200827666
56,5559,-0.08830910335196442
56,5560,-0.08610397469565217
56,5561,-0.08389884603933993
56,5562,-0.08169371738302769
56,5563,-0.07948858872671545
56,5564,-0.07728346007040321
56,5565,-0.07507833141409097
56,5566,-0.07287320275777873
56,5567,-0.07066807410146649
56,5568,-0.06846294544515424
56,5569,-0.066257816788842
56,5570,-0.06405268813252976
56,5571,-0.06184755947621752
56,5572,-0.05964243081990528
56,5573,-0.05743730216359304
56,5574,-0.055232173507280796
56,5575,-0.053027044850968555
56,5576,-0.050821916194656314
56,5577,-0.04861678753834407
56,5578,-0.04641165888203183
56,5579,-0.04420653022571959
56,5580,-0.04200140156940735
56,5581,-0.03979627291309511
56,5582,-0.037591144256782866
56,5583,-0.035386015600470624
56,5584,-0.03318088694415838
56,5585,-0.030975758287846142
56,5586,-0.0287706296315339
56,5587,-0.02656550097522166
56,5588,-0.024360372318909418
56,5589,-0.022155243662597177
56,5590,-0.019950115006284935
56,5591,-0.017744986349972694
56,5592,-0.015539857693660453
56,5593,-0.013334729037348211
56,5594,-0.01112960038103597
56,5595,-0.008924471724723729
56,5596,-0.006719343068411488
56,5597,-0.004514214412099248
56,5598,-0.0023090857557870074
56,5599,-0.00010395709947476697
56,5600,-0.0001865810120139009
56,5601,-0.0002692049245530348
56,5602,-0.00035182883709216874
56,5603,-0.00043445274963130266
56,5604,-0.0005170766621704365
56,5605,-0.0005997005747095704
56,5606,-0.0006823244872487043
56,5607,-0.0007649483997878381
56,5608,-0.000847572312326972
56,5609,-0.0009301962248661059
56,5610,-0.0010128201374052397
56,5611,-0.0010954440499443736
56,5612,-0.0011780679624835075
56,5613,-0.0012606918750226413
56,5614,-0.0013433157875617752
56,5615,-0.001425939700100909
56,5616,-0.001508563612640043
56,5617,-0.0015911875251791768
56,5618,-0.0016738114377183107
56,5619,-0.0017564353502574446
56,5620,-0.0018390592627965784
56,5621,-0.0019216831753357123
56,5622,-0.002004307087874846
56,5623,-0.0020869310004139803
56,5624,-0.0021695549129531143
56,5625,-0.0022521788254922484
56,5626,-0.0023348027380313825
56,5627,-0.0024174266505705166
56,5628,-0.0025000505631096507
56,5629,-0.0025826744756487848
56,5630,-0.002665298388187919
56,5631,-0.002747922300727053
56,5632,-0.002830546213266187
56,5633,-0.002913170125805321
56,5634,-0.002995794038344455
56,5635,-0.0030784179508835893
56,5636,-0.0031610418634227234
56,5637,-0.0032436657759618574
56,5638,-0.0033262896885009915
56,5639,-0.0034089136010401256
56,5640,-0.0034915375135792597
56,5641,-0.003574161426118394
56,5642,-0.003656785338657528
56,5643,-0.003739409251196662
56,5644,-0.003822033163735796
56,5645,-0.00390465707627493
56,5646,-0.003987280988814064
56,5647,-0.004069904901353198
56,5648,-0.004152528813892332
56,5649,-0.004235152726431466
