Station,Length,Shear
1,0,0.0
1,1,0.0
1,2,0.0
1,3,0.0
1,4,0.0
1,5,0.0
1,6,0.0
1,7,0.0
1,8,0.0
1,9,0.0
1,10,0.0
1,11,0.0
1,12,0.0
1,13,0.0
1,14,0.0
1,15,0.0
1,16,0.0
1,17,0.0
1,18,0.0
1,19,0.0
1,20,0.0
1,21,0.0
1,22,0.0
1,23,0.0
1,24,0.0
1,25,0.0
1,26,0.0
1,27,0.0
1,28,0.0
1,29,0.0
1,30,0.0
1,31,0.0
1,32,0.0
1,33,0.0
1,34,0.0
1,35,0.0
1,36,0.0
1,37,0.0
1,38,0.0
1,39,0.0
1,40,0.0
1,41,0.0
1,42,0.0
1,43,0.0
1,44,0.0
1,45,0.0
1,46,0.0
1,47,0.0
1,48,0.0
1,49,0.0
1,50,0.0
1,51,-2.8825519104054007
1,52,-2.8825519104054007
1,53,-2.8825519104054007
1,54,-2.8825519104054007
1,55,-2.8825519104054007
1,56,-2.8825519104054007
1,57,-2.8825519104054007
1,58,-2.8825519104054007
1,59,-2.8825519104054007
1,60,-2.8825519104054007
1,61,-2.8825519104054007
1,62,-2.8825519104054007
1,63,-2.8825519104054007
1,64,-2.8825519104054007
1,65,-2.8825519104054007
1,66,-2.8825519104054007
1,67,-2.8825519104054007
1,68,-2.8825519104054007
1,69,-2.8825519104054007
1,70,-2.8825519104054007
1,71,-2.8825519104054007
1,72,-2.8825519104054007
1,73,-2.8825519104054007
1,74,-2.8825519104054007
1,75,-2.8825519104054007
1,76,-2.8825519104054007
1,77,-2.8825519104054007
1,78,-2.8825519104054007
1,79,-2.8825519104054007
1,80,-2.8825519104054007
1,81,-2.8825519104054007
1,82,-2.8825519104054007
1,83,-2.8825519104054007
1,84,-2.8825519104054007
1,85,-2.8825519104054007
1,86,-2.8825519104054007
1,87,-2.8825519104054007
1,88,-2.8825519104054007
1,89,-2.8825519104054007
1,90,-2.8825519104054007
1,91,-2.8825519104054007
1,92,-2.8825519104054007
1,93,-2.8825519104054007
1,94,-2.8825519104054007
1,95,-2.8825519104054007
1,96,-2.8825519104054007
1,97,-2.8825519104054007
1,98,-2.8825519104054007
1,99,-2.8825519104054007
1,100,-2.8825519104054007
2,101,-2.8825519104054007
2,102,-2.8825519104054007
2,103,-2.8825519104054007
2,104,-2.8825519104054007
2,105,-2.8825519104054007
2,106,-2.8825519104054007
2,107,-2.8825519104054007
2,108,-2.8825519104054007
2,109,-2.8825519104054007
2,110,-2.8825519104054007
2,111,-2.8825519104054007
2,112,-2.8825519104054007
2,113,-2.8825519104054007
2,114,-2.8825519104054007
2,115,-2.8825519104054007
2,116,-2.8825519104054007
2,117,-2.8825519104054007
2,118,-2.8825519104054007
2,119,-2.8825519104054007
2,120,-2.8825519104054007
2,121,-2.8825519104054007
2,122,-2.8825519104054007
2,123,-2.8825519104054007
2,124,-2.8825519104054007
2,125,-2.8825519104054007
2,126,-2.8825519104054007
2,127,-2.8825519104054007
2,128,-2.8825519104054007
2,129,-2.8825519104054007
2,130,-2.8825519104054007
2,131,-2.8825519104054007
2,132,-2.8825519104054007
2,133,-2.8825519104054007
2,134,-2.8825519104054007
2,135,-2.8825519104054007
2,136,-2.8825519104054007
2,137,-2.8825519104054007
2,138,-2.8825519104054007
2,139,-2.8825519104054007
2,140,-2.8825519104054007
2,141,-2.8825519104054007
2,142,-2.8825519104054007
2,143,-2.8825519104054007
2,144,-2.8825519104054007
2,145,-2.8825519104054007
2,146,-2.8825519104054007
2,147,-2.8825519104054007
2,148,-2.8825519104054007
2,149,-2.8825519104054007
2,150,-2.8825519104054007
2,151,-2.8825519104054007
2,152,-13.509823522120712
2,153,-13.509823522120712
2,154,-13.509823522120712
2,155,-13.509823522120712
2,156,-13.509823522120712
2,157,-13.509823522120712
2,158,-13.509823522120712
2,159,-13.509823522120712
2,160,-13.509823522120712
2,161,-13.509823522120712
2,162,-13.509823522120712
2,163,-13.509823522120712
2,164,-13.509823522120712
2,165,-13.509823522120712
2,166,-13.509823522120712
2,167,-13.509823522120712
2,168,-13.509823522120712
2,169,-13.509823522120712
2,170,-13.509823522120712
2,171,-13.509823522120712
2,172,-13.509823522120712
2,173,-13.509823522120712
2,174,-13.509823522120712
2,175,-13.509823522120712
2,176,-13.509823522120712
2,177,-13.509823522120712
2,178,-13.509823522120712
2,179,-13.509823522120712
2,180,-13.509823522120712
2,181,-13.509823522120712
2,182,-13.509823522120712
2,183,-13.509823522120712
2,184,-13.509823522120712
2,185,-13.509823522120712
2,186,-13.509823522120712
2,187,-13.509823522120712
2,188,-13.509823522120712
2,189,-13.509823522120712
2,190,-13.509823522120712
2,191,-13.509823522120712
2,192,-13.509823522120712
2,193,-13.509823522120712
2,194,-13.509823522120712
2,195,-13.509823522120712
2,196,-13.509823522120712
2,197,-13.509823522120712
2,198,-13.509823522120712
2,199,-13.509823522120712
2,200,-13.509823522120712
2,201,-13.509823522120712
3,202,-13.509823522120712
3,203,-13.509823522120712
3,204,-13.509823522120712
3,205,-13.509823522120712
3,206,-13.509823522120712
3,207,-13.509823522120712
3,208,-13.509823522120712
3,209,-13.509823522120712
3,210,-13.509823522120712
3,211,-13.509823522120712
3,212,-13.509823522120712
3,213,-13.509823522120712
3,214,-13.509823522120712
3,215,-13.509823522120712
3,216,-13.509823522120712
3,217,-13.509823522120712
3,218,-13.509823522120712
3,219,-13.509823522120712
3,220,-13.509823522120712
3,221,-13.509823522120712
3,222,-13.509823522120712
3,223,-13.509823522120712
3,224,-13.509823522120712
3,225,-13.509823522120712
3,226,-13.509823522120712
3,227,-13.509823522120712
3,228,-13.509823522120712
3,229,-13.509823522120712
3,230,-13.509823522120712
3,231,-13.509823522120712
3,232,-13.509823522120712
3,233,-13.509823522120712
3,234,-13.509823522120712
3,235,-13.509823522120712
3,236,-13.509823522120712
3,237,-13.509823522120712
3,238,-13.509823522120712
3,239,-13.509823522120712
3,240,-13.509823522120712
3,241,-13.509823522120712
3,242,-13.509823522120712
3,243,-13.509823522120712
3,244,-13.509823522120712
3,245,-13.509823522120712
3,246,-13.509823522120712
3,247,-13.509823522120712
3,248,-13.509823522120712
3,249,-13.509823522120712
3,250,-13.509823522120712
3,251,-13.509823522120712
3,252,-13.509823522120712
3,253,-25.20540136781198
3,254,-25.20540136781198
3,255,-25.20540136781198
3,256,-25.20540136781198
3,257,-25.20540136781198
3,258,-25.20540136781198
3,259,-25.20540136781198
3,260,-25.20540136781198
3,261,-25.20540136781198
3,262,-25.20540136781198
3,263,-25.20540136781198
3,264,-25.20540136781198
3,265,-25.20540136781198
3,266,-25.20540136781198
3,267,-25.20540136781198
3,268,-25.20540136781198
3,269,-25.20540136781198
3,270,-25.20540136781198
3,271,-25.20540136781198
3,272,-25.20540136781198
3,273,-25.20540136781198
3,274,-25.20540136781198
3,275,-25.20540136781198
3,276,-25.20540136781198
3,277,-25.20540136781198
3,278,-25.20540136781198
3,279,-25.20540136781198
3,280,-25.20540136781198
3,281,-25.20540136781198
3,282,-25.20540136781198
3,283,-25.20540136781198
3,284,-25.20540136781198
3,285,-25.20540136781198
3,286,-25.20540136781198
3,287,-25.20540136781198
3,288,-25.20540136781198
3,289,-25.20540136781198
3,290,-25.20540136781198
3,291,-25.20540136781198
3,292,-25.20540136781198
3,293,-25.20540136781198
3,294,-25.20540136781198
3,295,-25.20540136781198
3,296,-25.20540136781198
3,297,-25.20540136781198
3,298,-25.20540136781198
3,299,-25.20540136781198
3,300,-25.20540136781198
3,301,-25.20540136781198
3,302,-25.20540136781198
4,303,-25.20540136781198
4,304,-25.20540136781198
4,305,-25.20540136781198
4,306,-25.20540136781198
4,307,-25.20540136781198
4,308,-25.20540136781198
4,309,-25.20540136781198
4,310,-25.20540136781198
4,311,-25.20540136781198
4,312,-25.20540136781198
4,313,-25.20540136781198
4,314,-25.20540136781198
4,315,-25.20540136781198
4,316,-25.20540136781198
4,317,-25.20540136781198
4,318,-25.20540136781198
4,319,-25.20540136781198
4,320,-25.20540136781198
4,321,-25.20540136781198
4,322,-25.20540136781198
4,323,-25.20540136781198
4,324,-25.20540136781198
4,325,-25.20540136781198
4,326,-25.20540136781198
4,327,-25.20540136781198
4,328,-25.20540136781198
4,329,-25.20540136781198
4,330,-25.20540136781198
4,331,-25.20540136781198
4,332,-25.20540136781198
4,333,-25.20540136781198
4,334,-25.20540136781198
4,335,-25.20540136781198
4,336,-25.20540136781198
4,337,-25.20540136781198
4,338,-25.20540136781198
4,339,-25.20540136781198
4,340,-25.20540136781198
4,341,-25.20540136781198
4,342,-25.20540136781198
4,343,-25.20540136781198
4,344,-25.20540136781198
4,345,-25.20540136781198
4,346,-25.20540136781198
4,347,-25.20540136781198
4,348,-25.20540136781198
4,349,-25.20540136781198
4,350,-25.20540136781198
4,351,-25.20540136781198
4,352,-25.20540136781198
4,353,-25.20540136781198
4,354,-31.579953105530784
4,355,-31.579953105530784
4,356,-31.579953105530784
4,357,-31.579953105530784
4,358,-31.579953105530784
4,359,-31.579953105530784
4,360,-31.579953105530784
4,361,-31.579953105530784
4,362,-31.579953105530784
4,363,-31.579953105530784
4,364,-31.579953105530784
4,365,-31.579953105530784
4,366,-31.579953105530784
4,367,-31.579953105530784
4,368,-31.579953105530784
4,369,-31.579953105530784
4,370,-31.579953105530784
4,371,-31.579953105530784
4,372,-31.579953105530784
4,373,-31.579953105530784
4,374,-31.579953105530784
4,375,-31.579953105530784
4,376,-31.579953105530784
4,377,-31.579953105530784
4,378,-31.579953105530784
4,379,-31.579953105530784
4,380,-31.579953105530784
4,381,-31.579953105530784
4,382,-31.579953105530784
4,383,-31.579953105530784
4,384,-31.579953105530784
4,385,-31.579953105530784
4,386,-31.579953105530784
4,387,-31.579953105530784
4,388,-31.579953105530784
4,389,-31.579953105530784
4,390,-31.579953105530784
4,391,-31.579953105530784
4,392,-31.579953105530784
4,393,-31.579953105530784
4,394,-31.579953105530784
4,395,-31.579953105530784
4,396,-31.579953105530784
4,397,-31.579953105530784
4,398,-31.579953105530784
4,399,-31.579953105530784
4,400,-31.579953105530784
4,401,-31.579953105530784
4,402,-31.579953105530784
4,403,-31.579953105530784
5,404,-31.579953105530784
5,405,-31.579953105530784
5,406,-31.579953105530784
5,407,-31.579953105530784
5,408,-31.579953105530784
5,409,-31.579953105530784
5,410,-31.579953105530784
5,411,-31.579953105530784
5,412,-31.579953105530784
5,413,-31.579953105530784
5,414,-31.579953105530784
5,415,-31.579953105530784
5,416,-31.579953105530784
5,417,-31.579953105530784
5,418,-31.579953105530784
5,419,-31.579953105530784
5,420,-31.579953105530784
5,421,-31.579953105530784
5,422,-31.579953105530784
5,423,-31.579953105530784
5,424,-31.579953105530784
5,425,-31.579953105530784
5,426,-31.579953105530784
5,427,-31.579953105530784
5,428,-31.579953105530784
5,429,-31.579953105530784
5,430,-31.579953105530784
5,431,-31.579953105530784
5,432,-31.579953105530784
5,433,-31.579953105530784
5,434,-31.579953105530784
5,435,-31.579953105530784
5,436,-31.579953105530784
5,437,-31.579953105530784
5,438,-31.579953105530784
5,439,-31.579953105530784
5,440,-31.579953105530784
5,441,-31.579953105530784
5,442,-31.579953105530784
5,443,-31.579953105530784
5,444,-31.579953105530784
5,445,-31.579953105530784
5,446,-31.579953105530784
5,447,-31.579953105530784
5,448,-31.579953105530784
5,449,-31.579953105530784
5,450,-31.579953105530784
5,451,-31.579953105530784
5,452,-31.579953105530784
5,453,-31.579953105530784
5,454,-31.579953105530784
5,455,-29.895753439937238
5,456,-29.895753439937238
5,457,-29.895753439937238
5,458,-29.895753439937238
5,459,-29.895753439937238
5,460,-29.895753439937238
5,461,-29.895753439937238
5,462,-29.895753439937238
5,463,-29.895753439937238
5,464,-29.895753439937238
5,465,-29.895753439937238
5,466,-29.895753439937238
5,467,-29.895753439937238
5,468,-29.895753439937238
5,469,-29.895753439937238
5,470,-29.895753439937238
5,471,-29.895753439937238
5,472,-29.895753439937238
5,473,-29.895753439937238
5,474,-29.895753439937238
5,475,-29.895753439937238
5,476,-29.895753439937238
5,477,-29.895753439937238
5,478,-29.895753439937238
5,479,-29.895753439937238
5,480,-29.895753439937238
5,481,-29.895753439937238
5,482,-29.895753439937238
5,483,-29.895753439937238
5,484,-29.895753439937238
5,485,-29.895753439937238
5,486,-29.895753439937238
5,487,-29.895753439937238
5,488,-29.895753439937238
5,489,-29.895753439937238
5,490,-29.895753439937238
5,491,-29.895753439937238
5,492,-29.895753439937238
5,493,-29.895753439937238
5,494,-29.895753439937238
5,495,-29.895753439937238
5,496,-29.895753439937238
5,497,-29.895753439937238
5,498,-29.895753439937238
5,499,-29.895753439937238
5,500,-29.895753439937238
5,501,-29.895753439937238
5,502,-29.895753439937238
5,503,-29.895753439937238
6,504,-29.895753439937238
6,505,-29.895753439937238
6,506,-29.895753439937238
6,507,-29.895753439937238
6,508,-29.895753439937238
6,509,-29.895753439937238
6,510,-29.895753439937238
6,511,-29.895753439937238
6,512,-29.895753439937238
6,513,-29.895753439937238
6,514,-29.895753439937238
6,515,-29.895753439937238
6,516,-29.895753439937238
6,517,-29.895753439937238
6,518,-29.895753439937238
6,519,-29.895753439937238
6,520,-29.895753439937238
6,521,-29.895753439937238
6,522,-29.895753439937238
6,523,-29.895753439937238
6,524,-29.895753439937238
6,525,-29.895753439937238
6,526,-29.895753439937238
6,527,-29.895753439937238
6,528,-29.895753439937238
6,529,-29.895753439937238
6,530,-29.895753439937238
6,531,-29.895753439937238
6,532,-29.895753439937238
6,533,-29.895753439937238
6,534,-29.895753439937238
6,535,-29.895753439937238
6,536,-29.895753439937238
6,537,-29.895753439937238
6,538,-29.895753439937238
6,539,-29.895753439937238
6,540,-29.895753439937238
6,541,-29.895753439937238
6,542,-29.895753439937238
6,543,-29.895753439937238
6,544,-29.895753439937238
6,545,-29.895753439937238
6,546,-29.895753439937238
6,547,-29.895753439937238
6,548,-29.895753439937238
6,549,-29.895753439937238
6,550,-29.895753439937238
6,551,-29.895753439937238
6,552,-29.895753439937238
6,553,-29.895753439937238
6,554,-29.895753439937238
6,555,-19.583636090944424
6,556,-19.583636090944424
6,557,-19.583636090944424
6,558,-19.583636090944424
6,559,-19.583636090944424
6,560,-19.583636090944424
6,561,-19.583636090944424
6,562,-19.583636090944424
6,563,-19.583636090944424
6,564,-19.583636090944424
6,565,-19.583636090944424
6,566,-19.583636090944424
6,567,-19.583636090944424
6,568,-19.583636090944424
6,569,-19.583636090944424
6,570,-19.583636090944424
6,571,-19.583636090944424
6,572,-19.583636090944424
6,573,-19.583636090944424
6,574,-19.583636090944424
6,575,-19.583636090944424
6,576,-19.583636090944424
6,577,-19.583636090944424
6,578,-19.583636090944424
6,579,-19.583636090944424
6,580,-19.583636090944424
6,581,-19.583636090944424
6,582,-19.583636090944424
6,583,-19.583636090944424
6,584,-19.583636090944424
6,585,-19.583636090944424
6,586,-19.583636090944424
6,587,-19.583636090944424
6,588,-19.583636090944424
6,589,-19.583636090944424
6,590,-19.583636090944424
6,591,-19.583636090944424
6,592,-19.583636090944424
6,593,-19.583636090944424
6,594,-19.583636090944424
6,595,-19.583636090944424
6,596,-19.583636090944424
6,597,-19.583636090944424
6,598,-19.583636090944424
6,599,-19.583636090944424
6,600,-19.583636090944424
6,601,-19.583636090944424
6,602,-19.583636090944424
6,603,-19.583636090944424
6,604,-19.583636090944424
7,605,-19.583636090944424
7,606,-19.583636090944424
7,607,-19.583636090944424
7,608,-19.583636090944424
7,609,-19.583636090944424
7,610,-19.583636090944424
7,611,-19.583636090944424
7,612,-19.583636090944424
7,613,-19.583636090944424
7,614,-19.583636090944424
7,615,-19.583636090944424
7,616,-19.583636090944424
7,617,-19.583636090944424
7,618,-19.583636090944424
7,619,-19.583636090944424
7,620,-19.583636090944424
7,621,-19.583636090944424
7,622,-19.583636090944424
7,623,-19.583636090944424
7,624,-19.583636090944424
7,625,-19.583636090944424
7,626,-19.583636090944424
7,627,-19.583636090944424
7,628,-19.583636090944424
7,629,-19.583636090944424
7,630,-19.583636090944424
7,631,-19.583636090944424
7,632,-19.583636090944424
7,633,-19.583636090944424
7,634,-19.583636090944424
7,635,-19.583636090944424
7,636,-19.583636090944424
7,637,-19.583636090944424
7,638,-19.583636090944424
7,639,-19.583636090944424
7,640,-19.583636090944424
7,641,-19.583636090944424
7,642,-19.583636090944424
7,643,-19.583636090944424
7,644,-19.583636090944424
7,645,-19.583636090944424
7,646,-19.583636090944424
7,647,-19.583636090944424
7,648,-19.583636090944424
7,649,-19.583636090944424
7,650,-19.583636090944424
7,651,-19.583636090944424
7,652,-19.583636090944424
7,653,-19.583636090944424
7,654,-19.583636090944424
7,655,-19.583636090944424
7,656,-1.0315909431667123
7,657,-1.0315909431667123
7,658,-1.0315909431667123
7,659,-1.0315909431667123
7,660,-1.0315909431667123
7,661,-1.0315909431667123
7,662,-1.0315909431667123
7,663,-1.0315909431667123
7,664,-1.0315909431667123
7,665,-1.0315909431667123
7,666,-1.0315909431667123
7,667,-1.0315909431667123
7,668,-1.0315909431667123
7,669,-1.0315909431667123
7,670,-1.0315909431667123
7,671,-1.0315909431667123
7,672,-1.0315909431667123
7,673,-1.0315909431667123
7,674,-1.0315909431667123
7,675,-1.0315909431667123
7,676,-1.0315909431667123
7,677,-1.0315909431667123
7,678,-1.0315909431667123
7,679,-1.0315909431667123
7,680,-1.0315909431667123
7,681,-1.0315909431667123
7,682,-1.0315909431667123
7,683,-1.0315909431667123
7,684,-1.0315909431667123
7,685,-1.0315909431667123
7,686,-1.0315909431667123
7,687,-1.0315909431667123
7,688,-1.0315909431667123
7,689,-1.0315909431667123
7,690,-1.0315909431667123
7,691,-1.0315909431667123
7,692,-1.0315909431667123
7,693,-1.0315909431667123
7,694,-1.0315909431667123
7,695,-1.0315909431667123
7,696,-1.0315909431667123
7,697,-1.0315909431667123
7,698,-1.0315909431667123
7,699,-1.0315909431667123
7,700,-1.0315909431667123
7,701,-1.0315909431667123
7,702,-1.0315909431667123
7,703,-1.0315909431667123
7,704,-1.0315909431667123
7,705,-1.0315909431667123
8,706,-1.0315909431667123
8,707,-1.0315909431667123
8,708,-1.0315909431667123
8,709,-1.0315909431667123
8,710,-1.0315909431667123
8,711,-1.0315909431667123
8,712,-1.0315909431667123
8,713,-1.0315909431667123
8,714,-1.0315909431667123
8,715,-1.0315909431667123
8,716,-1.0315909431667123
8,717,-1.0315909431667123
8,718,-1.0315909431667123
8,719,-1.0315909431667123
8,720,-1.0315909431667123
8,721,-1.0315909431667123
8,722,-1.0315909431667123
8,723,-1.0315909431667123
8,724,-1.0315909431667123
8,725,-1.0315909431667123
8,726,-1.0315909431667123
8,727,-1.0315909431667123
8,728,-1.0315909431667123
8,729,-1.0315909431667123
8,730,-1.0315909431667123
8,731,-1.0315909431667123
8,732,-1.0315909431667123
8,733,-1.0315909431667123
8,734,-1.0315909431667123
8,735,-1.0315909431667123
8,736,-1.0315909431667123
8,737,-1.0315909431667123
8,738,-1.0315909431667123
8,739,-1.0315909431667123
8,740,-1.0315909431667123
8,741,-1.0315909431667123
8,742,-1.0315909431667123
8,743,-1.0315909431667123
8,744,-1.0315909431667123
8,745,-1.0315909431667123
8,746,-1.0315909431667123
8,747,-1.0315909431667123
8,748,-1.0315909431667123
8,749,-1.0315909431667123
8,750,-1.0315909431667123
8,751,-1.0315909431667123
8,752,-1.0315909431667123
8,753,-1.0315909431667123
8,754,-1.0315909431667123
8,755,-1.0315909431667123
8,756,-1.0315909431667123
8,757,24.60577797565751
8,758,24.60577797565751
8,759,24.60577797565751
8,760,24.60577797565751
8,761,24.60577797565751
8,762,24.60577797565751
8,763,24.60577797565751
8,764,24.60577797565751
8,765,24.60577797565751
8,766,24.60577797565751
8,767,24.60577797565751
8,768,24.60577797565751
8,769,24.60577797565751
8,770,24.60577797565751
8,771,24.60577797565751
8,772,24.60577797565751
8,773,24.60577797565751
8,774,24.60577797565751
8,775,24.60577797565751
8,776,24.60577797565751
8,777,24.60577797565751
8,778,24.60577797565751
8,779,24.60577797565751
8,780,24.60577797565751
8,781,24.60577797565751
8,782,24.60577797565751
8,783,24.60577797565751
8,784,24.60577797565751
8,785,24.60577797565751
8,786,24.60577797565751
8,787,24.60577797565751
8,788,24.60577797565751
8,789,24.60577797565751
8,790,24.60577797565751
8,791,24.60577797565751
8,792,24.60577797565751
8,793,24.60577797565751
8,794,24.60577797565751
8,795,24.60577797565751
8,796,24.60577797565751
8,797,24.60577797565751
8,798,24.60577797565751
8,799,24.60577797565751
8,800,24.60577797565751
8,801,24.60577797565751
8,802,24.60577797565751
8,803,24.60577797565751
8,804,24.60577797565751
8,805,24.60577797565751
8,806,24.60577797565751
9,807,24.60577797565751
9,808,24.60577797565751
9,809,24.60577797565751
9,810,24.60577797565751
9,811,24.60577797565751
9,812,24.60577797565751
9,813,24.60577797565751
9,814,24.60577797565751
9,815,24.60577797565751
9,816,24.60577797565751
9,817,24.60577797565751
9,818,24.60577797565751
9,819,24.60577797565751
9,820,24.60577797565751
9,821,24.60577797565751
9,822,24.60577797565751
9,823,24.60577797565751
9,824,24.60577797565751
9,825,24.60577797565751
9,826,24.60577797565751
9,827,24.60577797565751
9,828,24.60577797565751
9,829,24.60577797565751
9,830,24.60577797565751
9,831,24.60577797565751
9,832,24.60577797565751
9,833,24.60577797565751
9,834,24.60577797565751
9,835,24.60577797565751
9,836,24.60577797565751
9,837,24.60577797565751
9,838,24.60577797565751
9,839,24.60577797565751
9,840,24.60577797565751
9,841,24.60577797565751
9,842,24.60577797565751
9,843,24.60577797565751
9,844,24.60577797565751
9,845,24.60577797565751
9,846,24.60577797565751
9,847,24.60577797565751
9,848,24.60577797565751
9,849,24.60577797565751
9,850,24.60577797565751
9,851,24.60577797565751
9,852,24.60577797565751
9,853,24.60577797565751
9,854,24.60577797565751
9,855,24.60577797565751
9,856,24.60577797565751
9,857,24.60577797565751
9,858,55.804200010529776
9,859,55.804200010529776
9,860,55.804200010529776
9,861,55.804200010529776
9,862,55.804200010529776
9,863,55.804200010529776
9,864,55.804200010529776
9,865,55.804200010529776
9,866,55.804200010529776
9,867,55.804200010529776
9,868,55.804200010529776
9,869,55.804200010529776
9,870,55.804200010529776
9,871,55.804200010529776
9,872,55.804200010529776
9,873,55.804200010529776
9,874,55.804200010529776
9,875,55.804200010529776
9,876,55.804200010529776
9,877,55.804200010529776
9,878,55.804200010529776
9,879,55.804200010529776
9,880,55.804200010529776
9,881,55.804200010529776
9,882,55.804200010529776
9,883,55.804200010529776
9,884,55.804200010529776
9,885,55.804200010529776
9,886,55.804200010529776
9,887,55.804200010529776
9,888,55.804200010529776
9,889,55.804200010529776
9,890,55.804200010529776
9,891,55.804200010529776
9,892,55.804200010529776
9,893,55.804200010529776
9,894,55.804200010529776
9,895,55.804200010529776
9,896,55.804200010529776
9,897,55.804200010529776
9,898,55.804200010529776
9,899,55.804200010529776
9,900,55.804200010529776
9,901,55.804200010529776
9,902,55.804200010529776
9,903,55.804200010529776
9,904,55.804200010529776
9,905,55.804200010529776
9,906,55.804200010529776
9,907,55.804200010529776
10,908,55.804200010529776
10,909,55.804200010529776
10,910,55.804200010529776
10,911,55.804200010529776
10,912,55.804200010529776
10,913,55.804200010529776
10,914,55.804200010529776
10,915,55.804200010529776
10,916,55.804200010529776
10,917,55.804200010529776
10,918,55.804200010529776
10,919,55.804200010529776
10,920,55.804200010529776
10,921,55.804200010529776
10,922,55.804200010529776
10,923,55.804200010529776
10,924,55.804200010529776
10,925,55.804200010529776
10,926,55.804200010529776
10,927,55.804200010529776
10,928,55.804200010529776
10,929,55.804200010529776
10,930,55.804200010529776
10,931,55.804200010529776
10,932,55.804200010529776
10,933,55.804200010529776
10,934,55.804200010529776
10,935,55.804200010529776
10,936,55.804200010529776
10,937,55.804200010529776
10,938,55.804200010529776
10,939,55.804200010529776
10,940,55.804200010529776
10,941,55.804200010529776
10,942,55.804200010529776
10,943,55.804200010529776
10,944,55.804200010529776
10,945,55.804200010529776
10,946,55.804200010529776
10,947,55.804200010529776
10,948,55.804200010529776
10,949,55.804200010529776
10,950,55.804200010529776
10,951,55.804200010529776
10,952,55.804200010529776
10,953,55.804200010529776
10,954,55.804200010529776
10,955,55.804200010529776
10,956,55.804200010529776
10,957,55.804200010529776
10,958,55.804200010529776
10,959,91.75450742311469
10,960,91.75450742311469
10,961,91.75450742311469
10,962,91.75450742311469
10,963,91.75450742311469
10,964,91.75450742311469
10,965,91.75450742311469
10,966,91.75450742311469
10,967,91.75450742311469
10,968,91.75450742311469
10,969,91.75450742311469
10,970,91.75450742311469
10,971,91.75450742311469
10,972,91.75450742311469
10,973,91.75450742311469
10,974,91.75450742311469
10,975,91.75450742311469
10,976,91.75450742311469
10,977,91.75450742311469
10,978,91.75450742311469
10,979,91.75450742311469
10,980,91.75450742311469
10,981,91.75450742311469
10,982,91.75450742311469
10,983,91.75450742311469
10,984,91.75450742311469
10,985,91.75450742311469
10,986,91.75450742311469
10,987,91.75450742311469
10,988,91.75450742311469
10,989,91.75450742311469
10,990,91.75450742311469
10,991,91.75450742311469
10,992,91.75450742311469
10,993,91.75450742311469
10,994,91.75450742311469
10,995,91.75450742311469
10,996,91.75450742311469
10,997,91.75450742311469
10,998,91.75450742311469
10,999,91.75450742311469
10,1000,91.75450742311469
10,1001,91.75450742311469
10,1002,91.75450742311469
10,1003,91.75450742311469
10,1004,91.75450742311469
10,1005,91.75450742311469
10,1006,91.75450742311469
10,1007,91.75450742311469
10,1008,91.75450742311469
11,1009,91.75450742311469
11,1010,91.75450742311469
11,1011,91.75450742311469
11,1012,91.75450742311469
11,1013,91.75450742311469
11,1014,91.75450742311469
11,1015,91.75450742311469
11,1016,91.75450742311469
11,1017,91.75450742311469
11,1018,91.75450742311469
11,1019,91.75450742311469
11,1020,91.75450742311469
11,1021,91.75450742311469
11,1022,91.75450742311469
11,1023,91.75450742311469
11,1024,91.75450742311469
11,1025,91.75450742311469
11,1026,91.75450742311469
11,1027,91.75450742311469
11,1028,91.75450742311469
11,1029,91.75450742311469
11,1030,91.75450742311469
11,1031,91.75450742311469
11,1032,91.75450742311469
11,1033,91.75450742311469
11,1034,91.75450742311469
11,1035,91.75450742311469
11,1036,91.75450742311469
11,1037,91.75450742311469
11,1038,91.75450742311469
11,1039,91.75450742311469
11,1040,91.75450742311469
11,1041,91.75450742311469
11,1042,91.75450742311469
11,1043,91.75450742311469
11,1044,91.75450742311469
11,1045,91.75450742311469
11,1046,91.75450742311469
11,1047,91.75450742311469
11,1048,91.75450742311469
11,1049,91.75450742311469
11,1050,91.75450742311469
11,1051,91.75450742311469
11,1052,91.75450742311469
11,1053,91.75450742311469
11,1054,91.75450742311469
11,1055,91.75450742311469
11,1056,91.75450742311469
11,1057,91.75450742311469
11,1058,91.75450742311469
11,1059,91.75450742311469
11,1060,132.23217245042622
11,1061,132.23217245042622
11,1062,132.23217245042622
11,1063,132.23217245042622
11,1064,132.23217245042622
11,1065,132.23217245042622
11,1066,132.23217245042622
11,1067,132.23217245042622
11,1068,132.23217245042622
11,1069,132.23217245042622
11,1070,132.23217245042622
11,1071,132.23217245042622
11,1072,132.23217245042622
11,1073,132.23217245042622
11,1074,132.23217245042622
11,1075,132.23217245042622
11,1076,132.23217245042622
11,1077,132.23217245042622
11,1078,132.23217245042622
11,1079,132.23217245042622
11,1080,132.23217245042622
11,1081,132.23217245042622
11,1082,132.23217245042622
11,1083,132.23217245042622
11,1084,132.23217245042622
11,1085,132.23217245042622
11,1086,132.23217245042622
11,1087,132.23217245042622
11,1088,132.23217245042622
11,1089,132.23217245042622
11,1090,132.23217245042622
11,1091,132.23217245042622
11,1092,132.23217245042622
11,1093,132.23217245042622
11,1094,132.23217245042622
11,1095,132.23217245042622
11,1096,132.23217245042622
11,1097,132.23217245042622
11,1098,132.23217245042622
11,1099,132.23217245042622
11,1100,132.23217245042622
11,1101,132.23217245042622
11,1102,132.23217245042622
11,1103,132.23217245042622
11,1104,132.23217245042622
11,1105,132.23217245042622
11,1106,132.23217245042622
11,1107,132.23217245042622
11,1108,132.23217245042622
11,1109,132.23217245042622
12,1110,132.23217245042622
12,1111,132.23217245042622
12,1112,132.23217245042622
12,1113,132.23217245042622
12,1114,132.23217245042622
12,1115,132.23217245042622
12,1116,132.23217245042622
12,1117,132.23217245042622
12,1118,132.23217245042622
12,1119,132.23217245042622
12,1120,132.23217245042622
12,1121,132.23217245042622
12,1122,132.23217245042622
12,1123,132.23217245042622
12,1124,132.23217245042622
12,1125,132.23217245042622
12,1126,132.23217245042622
12,1127,132.23217245042622
12,1128,132.23217245042622
12,1129,132.23217245042622
12,1130,132.23217245042622
12,1131,132.23217245042622
12,1132,132.23217245042622
12,1133,132.23217245042622
12,1134,132.23217245042622
12,1135,132.23217245042622
12,1136,132.23217245042622
12,1137,132.23217245042622
12,1138,132.23217245042622
12,1139,132.23217245042622
12,1140,132.23217245042622
12,1141,132.23217245042622
12,1142,132.23217245042622
12,1143,132.23217245042622
12,1144,132.23217245042622
12,1145,132.23217245042622
12,1146,132.23217245042622
12,1147,132.23217245042622
12,1148,132.23217245042622
12,1149,132.23217245042622
12,1150,132.23217245042622
12,1151,132.23217245042622
12,1152,132.23217245042622
12,1153,132.23217245042622
12,1154,132.23217245042622
12,1155,132.23217245042622
12,1156,132.23217245042622
12,1157,132.23217245042622
12,1158,132.23217245042622
12,1159,132.23217245042622
12,1160,132.23217245042622
12,1161,176.97340802426308
12,1162,176.97340802426308
12,1163,176.97340802426308
12,1164,176.97340802426308
12,1165,176.97340802426308
12,1166,176.97340802426308
12,1167,176.97340802426308
12,1168,176.97340802426308
12,1169,176.97340802426308
12,1170,176.97340802426308
12,1171,176.97340802426308
12,1172,176.97340802426308
12,1173,176.97340802426308
12,1174,176.97340802426308
12,1175,176.97340802426308
12,1176,176.97340802426308
12,1177,176.97340802426308
12,1178,176.97340802426308
12,1179,176.97340802426308
12,1180,176.97340802426308
12,1181,176.97340802426308
12,1182,176.97340802426308
12,1183,176.97340802426308
12,1184,176.97340802426308
12,1185,176.97340802426308
12,1186,176.97340802426308
12,1187,176.97340802426308
12,1188,176.97340802426308
12,1189,176.97340802426308
12,1190,176.97340802426308
12,1191,176.97340802426308
12,1192,176.97340802426308
12,1193,176.97340802426308
12,1194,176.97340802426308
12,1195,176.97340802426308
12,1196,176.97340802426308
12,1197,176.97340802426308
12,1198,176.97340802426308
12,1199,176.97340802426308
12,1200,176.97340802426308
12,1201,176.97340802426308
12,1202,176.97340802426308
12,1203,176.97340802426308
12,1204,176.97340802426308
12,1205,176.97340802426308
12,1206,176.97340802426308
12,1207,176.97340802426308
12,1208,176.97340802426308
12,1209,176.97340802426308
12,1210,176.97340802426308
13,1211,176.97340802426308
13,1212,176.97340802426308
13,1213,176.97340802426308
13,1214,176.97340802426308
13,1215,176.97340802426308
13,1216,176.97340802426308
13,1217,176.97340802426308
13,1218,176.97340802426308
13,1219,176.97340802426308
13,1220,176.97340802426308
13,1221,176.97340802426308
13,1222,176.97340802426308
13,1223,176.97340802426308
13,1224,176.97340802426308
13,1225,176.97340802426308
13,1226,176.97340802426308
13,1227,176.97340802426308
13,1228,176.97340802426308
13,1229,176.97340802426308
13,1230,176.97340802426308
13,1231,176.97340802426308
13,1232,176.97340802426308
13,1233,176.97340802426308
13,1234,176.97340802426308
13,1235,176.97340802426308
13,1236,176.97340802426308
13,1237,176.97340802426308
13,1238,176.97340802426308
13,1239,176.97340802426308
13,1240,176.97340802426308
13,1241,176.97340802426308
13,1242,176.97340802426308
13,1243,176.97340802426308
13,1244,176.97340802426308
13,1245,176.97340802426308
13,1246,176.97340802426308
13,1247,176.97340802426308
13,1248,176.97340802426308
13,1249,176.97340802426308
13,1250,176.97340802426308
13,1251,176.97340802426308
13,1252,176.97340802426308
13,1253,176.97340802426308
13,1254,176.97340802426308
13,1255,176.97340802426308
13,1256,176.97340802426308
13,1257,176.97340802426308
13,1258,176.97340802426308
13,1259,176.97340802426308
13,1260,176.97340802426308
13,1261,176.97340802426308
13,1262,225.476740556244
13,1263,225.476740556244
13,1264,225.476740556244
13,1265,225.476740556244
13,1266,225.476740556244
13,1267,225.476740556244
13,1268,225.476740556244
13,1269,225.476740556244
13,1270,225.476740556244
13,1271,225.476740556244
13,1272,225.476740556244
13,1273,225.476740556244
13,1274,225.476740556244
13,1275,225.476740556244
13,1276,225.476740556244
13,1277,225.476740556244
13,1278,225.476740556244
13,1279,225.476740556244
13,1280,225.476740556244
13,1281,225.476740556244
13,1282,225.476740556244
13,1283,225.476740556244
13,1284,225.476740556244
13,1285,225.476740556244
13,1286,225.476740556244
13,1287,225.476740556244
13,1288,225.476740556244
13,1289,225.476740556244
13,1290,225.476740556244
13,1291,225.476740556244
13,1292,225.476740556244
13,1293,225.476740556244
13,1294,225.476740556244
13,1295,225.476740556244
13,1296,225.476740556244
13,1297,225.476740556244
13,1298,225.476740556244
13,1299,225.476740556244
13,1300,225.476740556244
13,1301,225.476740556244
13,1302,225.476740556244
13,1303,225.476740556244
13,1304,225.476740556244
13,1305,225.476740556244
13,1306,225.476740556244
13,1307,225.476740556244
13,1308,225.476740556244
13,1309,225.476740556244
13,1310,225.476740556244
13,1311,225.476740556244
14,1312,225.476740556244
14,1313,225.476740556244
14,1314,225.476740556244
14,1315,225.476740556244
14,1316,225.476740556244
14,1317,225.476740556244
14,1318,225.476740556244
14,1319,225.476740556244
14,1320,225.476740556244
14,1321,225.476740556244
14,1322,225.476740556244
14,1323,225.476740556244
14,1324,225.476740556244
14,1325,225.476740556244
14,1326,225.476740556244
14,1327,225.476740556244
14,1328,225.476740556244
14,1329,225.476740556244
14,1330,225.476740556244
14,1331,225.476740556244
14,1332,225.476740556244
14,1333,225.476740556244
14,1334,225.476740556244
14,1335,225.476740556244
14,1336,225.476740556244
14,1337,225.476740556244
14,1338,225.476740556244
14,1339,225.476740556244
14,1340,225.476740556244
14,1341,225.476740556244
14,1342,225.476740556244
14,1343,225.476740556244
14,1344,225.476740556244
14,1345,225.476740556244
14,1346,225.476740556244
14,1347,225.476740556244
14,1348,225.476740556244
14,1349,225.476740556244
14,1350,225.476740556244
14,1351,225.476740556244
14,1352,225.476740556244
14,1353,225.476740556244
14,1354,225.476740556244
14,1355,225.476740556244
14,1356,225.476740556244
14,1357,225.476740556244
14,1358,225.476740556244
14,1359,225.476740556244
14,1360,225.476740556244
14,1361,225.476740556244
14,1362,225.476740556244
14,1363,277.2662529888137
14,1364,277.2662529888137
14,1365,277.2662529888137
14,1366,277.2662529888137
14,1367,277.2662529888137
14,1368,277.2662529888137
14,1369,277.2662529888137
14,1370,277.2662529888137
14,1371,277.2662529888137
14,1372,277.2662529888137
14,1373,277.2662529888137
14,1374,277.2662529888137
14,1375,277.2662529888137
14,1376,277.2662529888137
14,1377,277.2662529888137
14,1378,277.2662529888137
14,1379,277.2662529888137
14,1380,277.2662529888137
14,1381,277.2662529888137
14,1382,277.2662529888137
14,1383,277.2662529888137
14,1384,277.2662529888137
14,1385,277.2662529888137
14,1386,277.2662529888137
14,1387,277.2662529888137
14,1388,277.2662529888137
14,1389,277.2662529888137
14,1390,277.2662529888137
14,1391,277.2662529888137
14,1392,277.2662529888137
14,1393,277.2662529888137
14,1394,277.2662529888137
14,1395,277.2662529888137
14,1396,277.2662529888137
14,1397,277.2662529888137
14,1398,277.2662529888137
14,1399,277.2662529888137
14,1400,277.2662529888137
14,1401,277.2662529888137
14,1402,277.2662529888137
14,1403,277.2662529888137
14,1404,277.2662529888137
14,1405,277.2662529888137
14,1406,277.2662529888137
14,1407,277.2662529888137
14,1408,277.2662529888137
14,1409,277.2662529888137
14,1410,277.2662529888137
14,1411,277.2662529888137
15,1412,277.2662529888137
15,1413,277.2662529888137
15,1414,277.2662529888137
15,1415,277.2662529888137
15,1416,277.2662529888137
15,1417,277.2662529888137
15,1418,277.2662529888137
15,1419,277.2662529888137
15,1420,277.2662529888137
15,1421,277.2662529888137
15,1422,277.2662529888137
15,1423,277.2662529888137
15,1424,277.2662529888137
15,1425,277.2662529888137
15,1426,277.2662529888137
15,1427,277.2662529888137
15,1428,277.2662529888137
15,1429,277.2662529888137
15,1430,277.2662529888137
15,1431,277.2662529888137
15,1432,277.2662529888137
15,1433,277.2662529888137
15,1434,277.2662529888137
15,1435,277.2662529888137
15,1436,277.2662529888137
15,1437,277.2662529888137
15,1438,277.2662529888137
15,1439,277.2662529888137
15,1440,277.2662529888137
15,1441,277.2662529888137
15,1442,277.2662529888137
15,1443,277.2662529888137
15,1444,277.2662529888137
15,1445,277.2662529888137
15,1446,277.2662529888137
15,1447,277.2662529888137
15,1448,277.2662529888137
15,1449,277.2662529888137
15,1450,277.2662529888137
15,1451,277.2662529888137
15,1452,277.2662529888137
15,1453,277.2662529888137
15,1454,277.2662529888137
15,1455,277.2662529888137
15,1456,277.2662529888137
15,1457,277.2662529888137
15,1458,277.2662529888137
15,1459,277.2662529888137
15,1460,277.2662529888137
15,1461,277.2662529888137
15,1462,277.2662529888137
15,1463,332.1094203364075
15,1464,332.1094203364075
15,1465,332.1094203364075
15,1466,332.1094203364075
15,1467,332.1094203364075
15,1468,332.1094203364075
15,1469,332.1094203364075
15,1470,332.1094203364075
15,1471,332.1094203364075
15,1472,332.1094203364075
15,1473,332.1094203364075
15,1474,332.1094203364075
15,1475,332.1094203364075
15,1476,332.1094203364075
15,1477,332.1094203364075
15,1478,332.1094203364075
15,1479,332.1094203364075
15,1480,332.1094203364075
15,1481,332.1094203364075
15,1482,332.1094203364075
15,1483,332.1094203364075
15,1484,332.1094203364075
15,1485,332.1094203364075
15,1486,332.1094203364075
15,1487,332.1094203364075
15,1488,332.1094203364075
15,1489,332.1094203364075
15,1490,332.1094203364075
15,1491,332.1094203364075
15,1492,332.1094203364075
15,1493,332.1094203364075
15,1494,332.1094203364075
15,1495,332.1094203364075
15,1496,332.1094203364075
15,1497,332.1094203364075
15,1498,332.1094203364075
15,1499,332.1094203364075
15,1500,332.1094203364075
15,1501,332.1094203364075
15,1502,332.1094203364075
15,1503,332.1094203364075
15,1504,332.1094203364075
15,1505,332.1094203364075
15,1506,332.1094203364075
15,1507,332.1094203364075
15,1508,332.1094203364075
15,1509,332.1094203364075
15,1510,332.1094203364075
15,1511,332.1094203364075
15,1512,332.1094203364075
16,1513,332.1094203364075
16,1514,332.1094203364075
16,1515,332.1094203364075
16,1516,332.1094203364075
16,1517,332.1094203364075
16,1518,332.1094203364075
16,1519,332.1094203364075
16,1520,332.1094203364075
16,1521,332.1094203364075
16,1522,332.1094203364075
16,1523,332.1094203364075
16,1524,332.1094203364075
16,1525,332.1094203364075
16,1526,332.1094203364075
16,1527,332.1094203364075
16,1528,332.1094203364075
16,1529,332.1094203364075
16,1530,332.1094203364075
16,1531,332.1094203364075
16,1532,332.1094203364075
16,1533,332.1094203364075
16,1534,332.1094203364075
16,1535,332.1094203364075
16,1536,332.1094203364075
16,1537,332.1094203364075
16,1538,332.1094203364075
16,1539,332.1094203364075
16,1540,332.1094203364075
16,1541,332.1094203364075
16,1542,332.1094203364075
16,1543,332.1094203364075
16,1544,332.1094203364075
16,1545,332.1094203364075
16,1546,332.1094203364075
16,1547,332.1094203364075
16,1548,332.1094203364075
16,1549,332.1094203364075
16,1550,332.1094203364075
16,1551,332.1094203364075
16,1552,332.1094203364075
16,1553,332.1094203364075
16,1554,332.1094203364075
16,1555,332.1094203364075
16,1556,332.1094203364075
16,1557,332.1094203364075
16,1558,332.1094203364075
16,1559,332.1094203364075
16,1560,332.1094203364075
16,1561,332.1094203364075
16,1562,332.1094203364075
16,1563,332.1094203364075
16,1564,389.7668535665966
16,1565,389.7668535665966
16,1566,389.7668535665966
16,1567,389.7668535665966
16,1568,389.7668535665966
16,1569,389.7668535665966
16,1570,389.7668535665966
16,1571,389.7668535665966
16,1572,389.7668535665966
16,1573,389.7668535665966
16,1574,389.7668535665966
16,1575,389.7668535665966
16,1576,389.7668535665966
16,1577,389.7668535665966
16,1578,389.7668535665966
16,1579,389.7668535665966
16,1580,389.7668535665966
16,1581,389.7668535665966
16,1582,389.7668535665966
16,1583,389.7668535665966
16,1584,389.7668535665966
16,1585,389.7668535665966
16,1586,389.7668535665966
16,1587,389.7668535665966
16,1588,389.7668535665966
16,1589,389.7668535665966
16,1590,389.7668535665966
16,1591,389.7668535665966
16,1592,389.7668535665966
16,1593,389.7668535665966
16,1594,389.7668535665966
16,1595,389.7668535665966
16,1596,389.7668535665966
16,1597,389.7668535665966
16,1598,389.7668535665966
16,1599,389.7668535665966
16,1600,389.7668535665966
16,1601,389.7668535665966
16,1602,389.7668535665966
16,1603,389.7668535665966
16,1604,389.7668535665966
16,1605,389.7668535665966
16,1606,389.7668535665966
16,1607,389.7668535665966
16,1608,389.7668535665966
16,1609,389.7668535665966
16,1610,389.7668535665966
16,1611,389.7668535665966
16,1612,389.7668535665966
16,1613,389.7668535665966
17,1614,389.7668535665966
17,1615,389.7668535665966
17,1616,389.7668535665966
17,1617,389.7668535665966
17,1618,389.7668535665966
17,1619,389.7668535665966
17,1620,389.7668535665966
17,1621,389.7668535665966
17,1622,389.7668535665966
17,1623,389.7668535665966
17,1624,389.7668535665966
17,1625,389.7668535665966
17,1626,389.7668535665966
17,1627,389.7668535665966
17,1628,389.7668535665966
17,1629,389.7668535665966
17,1630,389.7668535665966
17,1631,389.7668535665966
17,1632,389.7668535665966
17,1633,389.7668535665966
17,1634,389.7668535665966
17,1635,389.7668535665966
17,1636,389.7668535665966
17,1637,389.7668535665966
17,1638,389.7668535665966
17,1639,389.7668535665966
17,1640,389.7668535665966
17,1641,389.7668535665966
17,1642,389.7668535665966
17,1643,389.7668535665966
17,1644,389.7668535665966
17,1645,389.7668535665966
17,1646,389.7668535665966
17,1647,389.7668535665966
17,1648,389.7668535665966
17,1649,389.7668535665966
17,1650,389.7668535665966
17,1651,389.7668535665966
17,1652,389.7668535665966
17,1653,389.7668535665966
17,1654,389.7668535665966
17,1655,389.7668535665966
17,1656,389.7668535665966
17,1657,389.7668535665966
17,1658,389.7668535665966
17,1659,389.7668535665966
17,1660,389.7668535665966
17,1661,389.7668535665966
17,1662,389.7668535665966
17,1663,389.7668535665966
17,1664,389.7668535665966
17,1665,449.9926793200912
17,1666,449.9926793200912
17,1667,449.9926793200912
17,1668,449.9926793200912
17,1669,449.9926793200912
17,1670,449.9926793200912
17,1671,449.9926793200912
17,1672,449.9926793200912
17,1673,449.9926793200912
17,1674,449.9926793200912
17,1675,449.9926793200912
17,1676,449.9926793200912
17,1677,449.9926793200912
17,1678,449.9926793200912
17,1679,449.9926793200912
17,1680,449.9926793200912
17,1681,449.9926793200912
17,1682,449.9926793200912
17,1683,449.9926793200912
17,1684,449.9926793200912
17,1685,449.9926793200912
17,1686,449.9926793200912
17,1687,449.9926793200912
17,1688,449.9926793200912
17,1689,449.9926793200912
17,1690,449.9926793200912
17,1691,449.9926793200912
17,1692,449.9926793200912
17,1693,449.9926793200912
17,1694,449.9926793200912
17,1695,449.9926793200912
17,1696,449.9926793200912
17,1697,449.9926793200912
17,1698,449.9926793200912
17,1699,449.9926793200912
17,1700,449.9926793200912
17,1701,449.9926793200912
17,1702,449.9926793200912
17,1703,449.9926793200912
17,1704,449.9926793200912
17,1705,449.9926793200912
17,1706,449.9926793200912
17,1707,449.9926793200912
17,1708,449.9926793200912
17,1709,449.9926793200912
17,1710,449.9926793200912
17,1711,449.9926793200912
17,1712,449.9926793200912
17,1713,449.9926793200912
17,1714,449.9926793200912
18,1715,449.9926793200912
18,1716,449.9926793200912
18,1717,449.9926793200912
18,1718,449.9926793200912
18,1719,449.9926793200912
18,1720,449.9926793200912
18,1721,449.9926793200912
18,1722,449.9926793200912
18,1723,449.9926793200912
18,1724,449.9926793200912
18,1725,449.9926793200912
18,1726,449.9926793200912
18,1727,449.9926793200912
18,1728,449.9926793200912
18,1729,449.9926793200912
18,1730,449.9926793200912
18,1731,449.9926793200912
18,1732,449.9926793200912
18,1733,449.9926793200912
18,1734,449.9926793200912
18,1735,449.9926793200912
18,1736,449.9926793200912
18,1737,449.9926793200912
18,1738,449.9926793200912
18,1739,449.9926793200912
18,1740,449.9926793200912
18,1741,449.9926793200912
18,1742,449.9926793200912
18,1743,449.9926793200912
18,1744,449.9926793200912
18,1745,449.9926793200912
18,1746,449.9926793200912
18,1747,449.9926793200912
18,1748,449.9926793200912
18,1749,449.9926793200912
18,1750,-889.0723206799089
18,1751,-889.0723206799089
18,1752,-889.0723206799089
18,1753,-889.0723206799089
18,1754,-889.0723206799089
18,1755,-889.0723206799089
18,1756,-889.0723206799089
18,1757,-889.0723206799089
18,1758,-889.0723206799089
18,1759,-889.0723206799089
18,1760,-889.0723206799089
18,1761,-889.0723206799089
18,1762,-889.0723206799089
18,1763,-889.0723206799089
18,1764,-889.0723206799089
18,1765,-889.0723206799089
18,1766,-826.5287673495789
18,1767,-826.5287673495789
18,1768,-826.5287673495789
18,1769,-826.5287673495789
18,1770,-826.5287673495789
18,1771,-826.5287673495789
18,1772,-826.5287673495789
18,1773,-826.5287673495789
18,1774,-826.5287673495789
18,1775,-826.5287673495789
18,1776,-826.5287673495789
18,1777,-826.5287673495789
18,1778,-826.5287673495789
18,1779,-826.5287673495789
18,1780,-826.5287673495789
18,1781,-826.5287673495789
18,1782,-826.5287673495789
18,1783,-826.5287673495789
18,1784,-826.5287673495789
18,1785,-826.5287673495789
18,1786,-826.5287673495789
18,1787,-826.5287673495789
18,1788,-826.5287673495789
18,1789,-826.5287673495789
18,1790,-826.5287673495789
18,1791,-826.5287673495789
18,1792,-826.5287673495789
18,1793,-826.5287673495789
18,1794,-826.5287673495789
18,1795,-826.5287673495789
18,1796,-826.5287673495789
18,1797,-826.5287673495789
18,1798,-826.5287673495789
18,1799,-826.5287673495789
18,1800,-826.5287673495789
18,1801,-826.5287673495789
18,1802,-826.5287673495789
18,1803,-826.5287673495789
18,1804,-826.5287673495789
18,1805,-826.5287673495789
18,1806,-826.5287673495789
18,1807,-826.5287673495789
18,1808,-826.5287673495789
18,1809,-826.5287673495789
18,1810,-826.5287673495789
18,1811,-826.5287673495789
18,1812,-826.5287673495789
18,1813,-826.5287673495789
18,1814,-826.5287673495789
18,1815,-826.5287673495789
19,1816,-826.5287673495789
19,1817,-826.5287673495789
19,1818,-826.5287673495789
19,1819,-826.5287673495789
19,1820,-826.5287673495789
19,1821,-826.5287673495789
19,1822,-826.5287673495789
19,1823,-826.5287673495789
19,1824,-826.5287673495789
19,1825,-826.5287673495789
19,1826,-826.5287673495789
19,1827,-826.5287673495789
19,1828,-826.5287673495789
19,1829,-826.5287673495789
19,1830,-826.5287673495789
19,1831,-826.5287673495789
19,1832,-826.5287673495789
19,1833,-826.5287673495789
19,1834,-826.5287673495789
19,1835,-826.5287673495789
19,1836,-826.5287673495789
19,1837,-826.5287673495789
19,1838,-826.5287673495789
19,1839,-826.5287673495789
19,1840,-826.5287673495789
19,1841,-826.5287673495789
19,1842,-826.5287673495789
19,1843,-826.5287673495789
19,1844,-826.5287673495789
19,1845,-826.5287673495789
19,1846,-826.5287673495789
19,1847,-826.5287673495789
19,1848,-826.5287673495789
19,1849,-826.5287673495789
19,1850,-826.5287673495789
19,1851,-826.5287673495789
19,1852,-826.5287673495789
19,1853,-826.5287673495789
19,1854,-826.5287673495789
19,1855,-826.5287673495789
19,1856,-826.5287673495789
19,1857,-826.5287673495789
19,1858,-826.5287673495789
19,1859,-826.5287673495789
19,1860,-826.5287673495789
19,1861,-826.5287673495789
19,1862,-826.5287673495789
19,1863,-826.5287673495789
19,1864,-826.5287673495789
19,1865,-826.5287673495789
19,1866,-826.5287673495789
19,1867,-761.9223270861521
19,1868,-761.9223270861521
19,1869,-761.9223270861521
19,1870,-761.9223270861521
19,1871,-761.9223270861521
19,1872,-761.9223270861521
19,1873,-761.9223270861521
19,1874,-761.9223270861521
19,1875,-761.9223270861521
19,1876,-761.9223270861521
19,1877,-761.9223270861521
19,1878,-761.9223270861521
19,1879,-761.9223270861521
19,1880,-761.9223270861521
19,1881,-761.9223270861521
19,1882,-761.9223270861521
19,1883,-761.9223270861521
19,1884,-761.9223270861521
19,1885,-761.9223270861521
19,1886,-761.9223270861521
19,1887,-761.9223270861521
19,1888,-761.9223270861521
19,1889,-761.9223270861521
19,1890,-761.9223270861521
19,1891,-761.9223270861521
19,1892,-761.9223270861521
19,1893,-761.9223270861521
19,1894,-761.9223270861521
19,1895,-761.9223270861521
19,1896,-761.9223270861521
19,1897,-761.9223270861521
19,1898,-761.9223270861521
19,1899,-761.9223270861521
19,1900,-761.9223270861521
19,1901,-761.9223270861521
19,1902,-761.9223270861521
19,1903,-761.9223270861521
19,1904,-761.9223270861521
19,1905,-761.9223270861521
19,1906,-761.9223270861521
19,1907,-761.9223270861521
19,1908,-761.9223270861521
19,1909,-761.9223270861521
19,1910,-761.9223270861521
19,1911,-761.9223270861521
19,1912,-761.9223270861521
19,1913,-761.9223270861521
19,1914,-761.9223270861521
19,1915,-761.9223270861521
19,1916,-761.9223270861521
20,1917,-761.9223270861521
20,1918,-761.9223270861521
20,1919,-761.9223270861521
20,1920,-761.9223270861521
20,1921,-761.9223270861521
20,1922,-761.9223270861521
20,1923,-761.9223270861521
20,1924,-761.9223270861521
20,1925,-761.9223270861521
20,1926,-761.9223270861521
20,1927,-761.9223270861521
20,1928,-761.9223270861521
20,1929,-761.9223270861521
20,1930,-761.9223270861521
20,1931,-761.9223270861521
20,1932,-761.9223270861521
20,1933,-761.9223270861521
20,1934,-761.9223270861521
20,1935,-761.9223270861521
20,1936,-761.9223270861521
20,1937,-761.9223270861521
20,1938,-761.9223270861521
20,1939,-761.9223270861521
20,1940,-761.9223270861521
20,1941,-761.9223270861521
20,1942,-761.9223270861521
20,1943,-761.9223270861521
20,1944,-761.9223270861521
20,1945,-761.9223270861521
20,1946,-761.9223270861521
20,1947,-761.9223270861521
20,1948,-761.9223270861521
20,1949,-761.9223270861521
20,1950,-761.9223270861521
20,1951,-761.9223270861521
20,1952,-761.9223270861521
20,1953,-761.9223270861521
20,1954,-761.9223270861521
20,1955,-761.9223270861521
20,1956,-761.9223270861521
20,1957,-761.9223270861521
20,1958,-761.9223270861521
20,1959,-761.9223270861521
20,1960,-761.9223270861521
20,1961,-761.9223270861521
20,1962,-761.9223270861521
20,1963,-761.9223270861521
20,1964,-761.9223270861521
20,1965,-761.9223270861521
20,1966,-761.9223270861521
20,1967,-761.9223270861521
20,1968,-695.5071545882631
20,1969,-695.5071545882631
20,1970,-695.5071545882631
20,1971,-695.5071545882631
20,1972,-695.5071545882631
20,1973,-695.5071545882631
20,1974,-695.5071545882631
20,1975,-695.5071545882631
20,1976,-695.5071545882631
20,1977,-695.5071545882631
20,1978,-695.5071545882631
20,1979,-695.5071545882631
20,1980,-695.5071545882631
20,1981,-695.5071545882631
20,1982,-695.5071545882631
20,1983,-695.5071545882631
20,1984,-695.5071545882631
20,1985,-695.5071545882631
20,1986,-695.5071545882631
20,1987,-695.5071545882631
20,1988,-695.5071545882631
20,1989,-695.5071545882631
20,1990,-695.5071545882631
20,1991,-695.5071545882631
20,1992,-695.5071545882631
20,1993,-695.5071545882631
20,1994,-695.5071545882631
20,1995,-695.5071545882631
20,1996,-695.5071545882631
20,1997,-695.5071545882631
20,1998,-695.5071545882631
20,1999,-695.5071545882631
20,2000,-695.5071545882631
20,2001,-695.5071545882631
20,2002,-695.5071545882631
20,2003,-695.5071545882631
20,2004,-695.5071545882631
20,2005,-695.5071545882631
20,2006,-695.5071545882631
20,2007,-695.5071545882631
20,2008,-695.5071545882631
20,2009,-695.5071545882631
20,2010,-695.5071545882631
20,2011,-695.5071545882631
20,2012,-695.5071545882631
20,2013,-695.5071545882631
20,2014,-695.5071545882631
20,2015,-695.5071545882631
20,2016,-695.5071545882631
20,2017,-695.5071545882631
21,2018,-695.5071545882631
21,2019,-695.5071545882631
21,2020,-695.5071545882631
21,2021,-695.5071545882631
21,2022,-695.5071545882631
21,2023,-695.5071545882631
21,2024,-695.5071545882631
21,2025,-695.5071545882631
21,2026,-695.5071545882631
21,2027,-695.5071545882631
21,2028,-695.5071545882631
21,2029,-695.5071545882631
21,2030,-695.5071545882631
21,2031,-695.5071545882631
21,2032,-695.5071545882631
21,2033,-695.5071545882631
21,2034,-695.5071545882631
21,2035,-695.5071545882631
21,2036,-695.5071545882631
21,2037,-695.5071545882631
21,2038,-695.5071545882631
21,2039,-695.5071545882631
21,2040,-695.5071545882631
21,2041,-695.5071545882631
21,2042,-695.5071545882631
21,2043,-695.5071545882631
21,2044,-695.5071545882631
21,2045,-695.5071545882631
21,2046,-695.5071545882631
21,2047,-695.5071545882631
21,2048,-695.5071545882631
21,2049,-695.5071545882631
21,2050,-695.5071545882631
21,2051,-695.5071545882631
21,2052,-695.5071545882631
21,2053,-695.5071545882631
21,2054,-695.5071545882631
21,2055,-695.5071545882631
21,2056,-695.5071545882631
21,2057,-695.5071545882631
21,2058,-695.5071545882631
21,2059,-695.5071545882631
21,2060,-695.5071545882631
21,2061,-695.5071545882631
21,2062,-695.5071545882631
21,2063,-695.5071545882631
21,2064,-695.5071545882631
21,2065,-695.5071545882631
21,2066,-695.5071545882631
21,2067,-695.5071545882631
21,2068,-695.5071545882631
21,2069,-627.5339450122696
21,2070,-627.5339450122696
21,2071,-627.5339450122696
21,2072,-627.5339450122696
21,2073,-627.5339450122696
21,2074,-627.5339450122696
21,2075,-627.5339450122696
21,2076,-627.5339450122696
21,2077,-627.5339450122696
21,2078,-627.5339450122696
21,2079,-627.5339450122696
21,2080,-627.5339450122696
21,2081,-627.5339450122696
21,2082,-627.5339450122696
21,2083,-627.5339450122696
21,2084,-627.5339450122696
21,2085,-627.5339450122696
21,2086,-627.5339450122696
21,2087,-627.5339450122696
21,2088,-627.5339450122696
21,2089,-627.5339450122696
21,2090,-627.5339450122696
21,2091,-627.5339450122696
21,2092,-627.5339450122696
21,2093,-627.5339450122696
21,2094,-627.5339450122696
21,2095,-627.5339450122696
21,2096,-627.5339450122696
21,2097,-627.5339450122696
21,2098,-627.5339450122696
21,2099,-627.5339450122696
21,2100,-627.5339450122696
21,2101,-627.5339450122696
21,2102,-627.5339450122696
21,2103,-627.5339450122696
21,2104,-627.5339450122696
21,2105,-627.5339450122696
21,2106,-627.5339450122696
21,2107,-627.5339450122696
21,2108,-627.5339450122696
21,2109,-627.5339450122696
21,2110,-627.5339450122696
21,2111,-627.5339450122696
21,2112,-627.5339450122696
21,2113,-627.5339450122696
21,2114,-627.5339450122696
21,2115,-627.5339450122696
21,2116,-627.5339450122696
21,2117,-627.5339450122696
21,2118,-627.5339450122696
22,2119,-627.5339450122696
22,2120,-627.5339450122696
22,2121,-627.5339450122696
22,2122,-627.5339450122696
22,2123,-627.5339450122696
22,2124,-627.5339450122696
22,2125,-627.5339450122696
22,2126,-627.5339450122696
22,2127,-627.5339450122696
22,2128,-627.5339450122696
22,2129,-627.5339450122696
22,2130,-627.5339450122696
22,2131,-627.5339450122696
22,2132,-627.5339450122696
22,2133,-627.5339450122696
22,2134,-627.5339450122696
22,2135,-627.5339450122696
22,2136,-627.5339450122696
22,2137,-627.5339450122696
22,2138,-627.5339450122696
22,2139,-627.5339450122696
22,2140,-627.5339450122696
22,2141,-627.5339450122696
22,2142,-627.5339450122696
22,2143,-627.5339450122696
22,2144,-627.5339450122696
22,2145,-627.5339450122696
22,2146,-627.5339450122696
22,2147,-627.5339450122696
22,2148,-627.5339450122696
22,2149,-627.5339450122696
22,2150,-627.5339450122696
22,2151,-627.5339450122696
22,2152,-627.5339450122696
22,2153,-627.5339450122696
22,2154,-627.5339450122696
22,2155,-627.5339450122696
22,2156,-627.5339450122696
22,2157,-627.5339450122696
22,2158,-627.5339450122696
22,2159,-627.5339450122696
22,2160,-627.5339450122696
22,2161,-627.5339450122696
22,2162,-627.5339450122696
22,2163,-627.5339450122696
22,2164,-627.5339450122696
22,2165,-627.5339450122696
22,2166,-627.5339450122696
22,2167,-627.5339450122696
22,2168,-627.5339450122696
22,2169,-627.5339450122696
22,2170,-558.2493294495885
22,2171,-558.2493294495885
22,2172,-558.2493294495885
22,2173,-558.2493294495885
22,2174,-558.2493294495885
22,2175,-558.2493294495885
22,2176,-558.2493294495885
22,2177,-558.2493294495885
22,2178,-558.2493294495885
22,2179,-558.2493294495885
22,2180,-558.2493294495885
22,2181,-558.2493294495885
22,2182,-558.2493294495885
22,2183,-558.2493294495885
22,2184,-558.2493294495885
22,2185,-558.2493294495885
22,2186,-558.2493294495885
22,2187,-558.2493294495885
22,2188,-558.2493294495885
22,2189,-558.2493294495885
22,2190,-558.2493294495885
22,2191,-558.2493294495885
22,2192,-558.2493294495885
22,2193,-558.2493294495885
22,2194,-558.2493294495885
22,2195,-558.2493294495885
22,2196,-558.2493294495885
22,2197,-558.2493294495885
22,2198,-558.2493294495885
22,2199,-558.2493294495885
22,2200,-558.2493294495885
22,2201,-558.2493294495885
22,2202,-558.2493294495885
22,2203,-558.2493294495885
22,2204,-558.2493294495885
22,2205,-558.2493294495885
22,2206,-558.2493294495885
22,2207,-558.2493294495885
22,2208,-558.2493294495885
22,2209,-558.2493294495885
22,2210,-558.2493294495885
22,2211,-558.2493294495885
22,2212,-558.2493294495885
22,2213,-558.2493294495885
22,2214,-558.2493294495885
22,2215,-558.2493294495885
22,2216,-558.2493294495885
22,2217,-558.2493294495885
22,2218,-558.2493294495885
22,2219,-558.2493294495885
23,2220,-558.2493294495885
23,2221,-558.2493294495885
23,2222,-558.2493294495885
23,2223,-558.2493294495885
23,2224,-558.2493294495885
23,2225,-558.2493294495885
23,2226,-558.2493294495885
23,2227,-558.2493294495885
23,2228,-558.2493294495885
23,2229,-558.2493294495885
23,2230,-558.2493294495885
23,2231,-558.2493294495885
23,2232,-558.2493294495885
23,2233,-558.2493294495885
23,2234,-558.2493294495885
23,2235,-558.2493294495885
23,2236,-558.2493294495885
23,2237,-558.2493294495885
23,2238,-558.2493294495885
23,2239,-558.2493294495885
23,2240,-558.2493294495885
23,2241,-558.2493294495885
23,2242,-558.2493294495885
23,2243,-558.2493294495885
23,2244,-558.2493294495885
23,2245,-558.2493294495885
23,2246,-558.2493294495885
23,2247,-558.2493294495885
23,2248,-558.2493294495885
23,2249,-558.2493294495885
23,2250,-558.2493294495885
23,2251,-558.2493294495885
23,2252,-558.2493294495885
23,2253,-558.2493294495885
23,2254,-558.2493294495885
23,2255,-558.2493294495885
23,2256,-558.2493294495885
23,2257,-558.2493294495885
23,2258,-558.2493294495885
23,2259,-558.2493294495885
23,2260,-558.2493294495885
23,2261,-558.2493294495885
23,2262,-558.2493294495885
23,2263,-558.2493294495885
23,2264,-558.2493294495885
23,2265,-558.2493294495885
23,2266,-558.2493294495885
23,2267,-558.2493294495885
23,2268,-558.2493294495885
23,2269,-558.2493294495885
23,2270,-558.2493294495885
23,2271,-487.89135949252307
23,2272,-487.89135949252307
23,2273,-487.89135949252307
23,2274,-487.89135949252307
23,2275,-487.89135949252307
23,2276,-487.89135949252307
23,2277,-487.89135949252307
23,2278,-487.89135949252307
23,2279,-487.89135949252307
23,2280,-487.89135949252307
23,2281,-487.89135949252307
23,2282,-487.89135949252307
23,2283,-487.89135949252307
23,2284,-487.89135949252307
23,2285,-487.89135949252307
23,2286,-487.89135949252307
23,2287,-487.89135949252307
23,2288,-487.89135949252307
23,2289,-487.89135949252307
23,2290,-487.89135949252307
23,2291,-487.89135949252307
23,2292,-487.89135949252307
23,2293,-487.89135949252307
23,2294,-487.89135949252307
23,2295,-487.89135949252307
23,2296,-487.89135949252307
23,2297,-487.89135949252307
23,2298,-487.89135949252307
23,2299,-487.89135949252307
23,2300,-487.89135949252307
23,2301,-487.89135949252307
23,2302,-487.89135949252307
23,2303,-487.89135949252307
23,2304,-487.89135949252307
23,2305,-487.89135949252307
23,2306,-487.89135949252307
23,2307,-487.89135949252307
23,2308,-487.89135949252307
23,2309,-487.89135949252307
23,2310,-487.89135949252307
23,2311,-487.89135949252307
23,2312,-487.89135949252307
23,2313,-487.89135949252307
23,2314,-487.89135949252307
23,2315,-487.89135949252307
23,2316,-487.89135949252307
23,2317,-487.89135949252307
23,2318,-487.89135949252307
23,2319,-487.89135949252307
23,2320,-487.89135949252307
24,2321,-487.89135949252307
24,2322,-487.89135949252307
24,2323,-487.89135949252307
24,2324,-487.89135949252307
24,2325,-487.89135949252307
24,2326,-487.89135949252307
24,2327,-487.89135949252307
24,2328,-487.89135949252307
24,2329,-487.89135949252307
24,2330,-487.89135949252307
24,2331,-487.89135949252307
24,2332,-487.89135949252307
24,2333,-487.89135949252307
24,2334,-487.89135949252307
24,2335,-487.89135949252307
24,2336,-487.89135949252307
24,2337,-487.89135949252307
24,2338,-487.89135949252307
24,2339,-487.89135949252307
24,2340,-487.89135949252307
24,2341,-487.89135949252307
24,2342,-487.89135949252307
24,2343,-487.89135949252307
24,2344,-487.89135949252307
24,2345,-487.89135949252307
24,2346,-487.89135949252307
24,2347,-487.89135949252307
24,2348,-487.89135949252307
24,2349,-487.89135949252307
24,2350,-487.89135949252307
24,2351,-487.89135949252307
24,2352,-487.89135949252307
24,2353,-487.89135949252307
24,2354,-487.89135949252307
24,2355,-487.89135949252307
24,2356,-487.89135949252307
24,2357,-487.89135949252307
24,2358,-487.89135949252307
24,2359,-487.89135949252307
24,2360,-487.89135949252307
24,2361,-487.89135949252307
24,2362,-487.89135949252307
24,2363,-487.89135949252307
24,2364,-487.89135949252307
24,2365,-487.89135949252307
24,2366,-487.89135949252307
24,2367,-487.89135949252307
24,2368,-487.89135949252307
24,2369,-487.89135949252307
24,2370,-487.89135949252307
24,2371,-416.6900248201095
24,2372,-416.6900248201095
24,2373,-416.6900248201095
24,2374,-416.6900248201095
24,2375,-416.6900248201095
24,2376,-416.6900248201095
24,2377,-416.6900248201095
24,2378,-416.6900248201095
24,2379,-416.6900248201095
24,2380,-416.6900248201095
24,2381,-416.6900248201095
24,2382,-416.6900248201095
24,2383,-416.6900248201095
24,2384,-416.6900248201095
24,2385,-416.6900248201095
24,2386,-416.6900248201095
24,2387,-416.6900248201095
24,2388,-416.6900248201095
24,2389,-416.6900248201095
24,2390,-416.6900248201095
24,2391,-416.6900248201095
24,2392,-416.6900248201095
24,2393,-416.6900248201095
24,2394,-416.6900248201095
24,2395,-416.6900248201095
24,2396,-416.6900248201095
24,2397,-416.6900248201095
24,2398,-416.6900248201095
24,2399,-416.6900248201095
24,2400,-416.6900248201095
24,2401,-416.6900248201095
24,2402,-416.6900248201095
24,2403,-416.6900248201095
24,2404,-416.6900248201095
24,2405,-416.6900248201095
24,2406,-416.6900248201095
24,2407,-416.6900248201095
24,2408,-416.6900248201095
24,2409,-416.6900248201095
24,2410,-416.6900248201095
24,2411,-416.6900248201095
24,2412,-416.6900248201095
24,2413,-416.6900248201095
24,2414,-416.6900248201095
24,2415,-416.6900248201095
24,2416,-416.6900248201095
24,2417,-416.6900248201095
24,2418,-416.6900248201095
24,2419,-416.6900248201095
24,2420,-416.6900248201095
25,2421,-416.6900248201095
25,2422,-416.6900248201095
25,2423,-416.6900248201095
25,2424,-416.6900248201095
25,2425,-416.6900248201095
25,2426,-416.6900248201095
25,2427,-416.6900248201095
25,2428,-416.6900248201095
25,2429,-416.6900248201095
25,2430,-416.6900248201095
25,2431,-416.6900248201095
25,2432,-416.6900248201095
25,2433,-416.6900248201095
25,2434,-416.6900248201095
25,2435,-416.6900248201095
25,2436,-416.6900248201095
25,2437,-416.6900248201095
25,2438,-416.6900248201095
25,2439,-416.6900248201095
25,2440,-416.6900248201095
25,2441,-416.6900248201095
25,2442,-416.6900248201095
25,2443,-416.6900248201095
25,2444,-416.6900248201095
25,2445,-416.6900248201095
25,2446,-416.6900248201095
25,2447,-416.6900248201095
25,2448,-416.6900248201095
25,2449,-416.6900248201095
25,2450,-416.6900248201095
25,2451,-416.6900248201095
25,2452,-416.6900248201095
25,2453,-416.6900248201095
25,2454,-416.6900248201095
25,2455,-416.6900248201095
25,2456,-416.6900248201095
25,2457,-416.6900248201095
25,2458,-416.6900248201095
25,2459,-416.6900248201095
25,2460,-416.6900248201095
25,2461,-416.6900248201095
25,2462,-416.6900248201095
25,2463,-416.6900248201095
25,2464,-416.6900248201095
25,2465,-416.6900248201095
25,2466,-416.6900248201095
25,2467,-416.6900248201095
25,2468,-416.6900248201095
25,2469,-416.6900248201095
25,2470,-416.6900248201095
25,2471,-416.6900248201095
25,2472,-344.8660060089773
25,2473,-344.8660060089773
25,2474,-344.8660060089773
25,2475,-344.8660060089773
25,2476,-344.8660060089773
25,2477,-344.8660060089773
25,2478,-344.8660060089773
25,2479,-344.8660060089773
25,2480,-344.8660060089773
25,2481,-344.8660060089773
25,2482,-344.8660060089773
25,2483,-344.8660060089773
25,2484,-344.8660060089773
25,2485,-344.8660060089773
25,2486,-344.8660060089773
25,2487,-344.8660060089773
25,2488,-344.8660060089773
25,2489,-344.8660060089773
25,2490,-344.8660060089773
25,2491,-344.8660060089773
25,2492,-344.8660060089773
25,2493,-344.8660060089773
25,2494,-344.8660060089773
25,2495,-344.8660060089773
25,2496,-344.8660060089773
25,2497,-344.8660060089773
25,2498,-344.8660060089773
25,2499,-344.8660060089773
25,2500,-344.8660060089773
25,2501,-344.8660060089773
25,2502,-344.8660060089773
25,2503,-344.8660060089773
25,2504,-344.8660060089773
25,2505,-344.8660060089773
25,2506,-344.8660060089773
25,2507,-344.8660060089773
25,2508,-344.8660060089773
25,2509,-344.8660060089773
25,2510,-344.8660060089773
25,2511,-344.8660060089773
25,2512,-344.8660060089773
25,2513,-344.8660060089773
25,2514,-344.8660060089773
25,2515,-344.8660060089773
25,2516,-344.8660060089773
25,2517,-344.8660060089773
25,2518,-344.8660060089773
25,2519,-344.8660060089773
25,2520,-344.8660060089773
25,2521,-344.8660060089773
26,2522,-344.8660060089773
26,2523,-344.8660060089773
26,2524,-344.8660060089773
26,2525,-344.8660060089773
26,2526,-344.8660060089773
26,2527,-344.8660060089773
26,2528,-344.8660060089773
26,2529,-344.8660060089773
26,2530,-344.8660060089773
26,2531,-344.8660060089773
26,2532,-344.8660060089773
26,2533,-344.8660060089773
26,2534,-344.8660060089773
26,2535,-344.8660060089773
26,2536,-344.8660060089773
26,2537,-344.8660060089773
26,2538,-344.8660060089773
26,2539,-344.8660060089773
26,2540,-344.8660060089773
26,2541,-344.8660060089773
26,2542,-344.8660060089773
26,2543,-344.8660060089773
26,2544,-344.8660060089773
26,2545,-344.8660060089773
26,2546,-344.8660060089773
26,2547,-344.8660060089773
26,2548,-344.8660060089773
26,2549,-344.8660060089773
26,2550,-344.8660060089773
26,2551,-344.8660060089773
26,2552,-344.8660060089773
26,2553,-344.8660060089773
26,2554,-344.8660060089773
26,2555,-344.8660060089773
26,2556,-344.8660060089773
26,2557,-344.8660060089773
26,2558,-344.8660060089773
26,2559,-344.8660060089773
26,2560,-344.8660060089773
26,2561,-344.8660060089773
26,2562,-344.8660060089773
26,2563,-344.8660060089773
26,2564,-344.8660060089773
26,2565,-344.8660060089773
26,2566,-344.8660060089773
26,2567,-344.8660060089773
26,2568,-344.8660060089773
26,2569,-344.8660060089773
26,2570,-344.8660060089773
26,2571,-344.8660060089773
26,2572,-344.8660060089773
26,2573,-272.6245422362864
26,2574,-272.6245422362864
26,2575,-272.6245422362864
26,2576,-272.6245422362864
26,2577,-272.6245422362864
26,2578,-272.6245422362864
26,2579,-272.6245422362864
26,2580,-272.6245422362864
26,2581,-272.6245422362864
26,2582,-272.6245422362864
26,2583,-272.6245422362864
26,2584,-272.6245422362864
26,2585,-272.6245422362864
26,2586,-272.6245422362864
26,2587,-272.6245422362864
26,2588,-272.6245422362864
26,2589,-272.6245422362864
26,2590,-272.6245422362864
26,2591,-272.6245422362864
26,2592,-272.6245422362864
26,2593,-272.6245422362864
26,2594,-272.6245422362864
26,2595,-272.6245422362864
26,2596,-272.6245422362864
26,2597,-272.6245422362864
26,2598,-272.6245422362864
26,2599,-272.6245422362864
26,2600,-272.6245422362864
26,2601,-272.6245422362864
26,2602,-272.6245422362864
26,2603,-272.6245422362864
26,2604,-272.6245422362864
26,2605,-272.6245422362864
26,2606,-272.6245422362864
26,2607,-272.6245422362864
26,2608,-272.6245422362864
26,2609,-272.6245422362864
26,2610,-272.6245422362864
26,2611,-272.6245422362864
26,2612,-272.6245422362864
26,2613,-272.6245422362864
26,2614,-272.6245422362864
26,2615,-272.6245422362864
26,2616,-272.6245422362864
26,2617,-272.6245422362864
26,2618,-272.6245422362864
26,2619,-272.6245422362864
26,2620,-272.6245422362864
26,2621,-272.6245422362864
26,2622,-272.6245422362864
27,2623,-272.6245422362864
27,2624,-272.6245422362864
27,2625,-272.6245422362864
27,2626,-272.6245422362864
27,2627,-272.6245422362864
27,2628,-272.6245422362864
27,2629,-272.6245422362864
27,2630,-272.6245422362864
27,2631,-272.6245422362864
27,2632,-272.6245422362864
27,2633,-272.6245422362864
27,2634,-272.6245422362864
27,2635,-272.6245422362864
27,2636,-272.6245422362864
27,2637,-272.6245422362864
27,2638,-272.6245422362864
27,2639,-272.6245422362864
27,2640,-272.6245422362864
27,2641,-272.6245422362864
27,2642,-272.6245422362864
27,2643,-272.6245422362864
27,2644,-272.6245422362864
27,2645,-272.6245422362864
27,2646,-272.6245422362864
27,2647,-272.6245422362864
27,2648,-272.6245422362864
27,2649,-272.6245422362864
27,2650,-272.6245422362864
27,2651,-272.6245422362864
27,2652,-272.6245422362864
27,2653,-272.6245422362864
27,2654,-272.6245422362864
27,2655,-272.6245422362864
27,2656,-272.6245422362864
27,2657,-272.6245422362864
27,2658,-272.6245422362864
27,2659,-272.6245422362864
27,2660,-272.6245422362864
27,2661,-272.6245422362864
27,2662,-272.6245422362864
27,2663,-272.6245422362864
27,2664,-272.6245422362864
27,2665,-272.6245422362864
27,2666,-272.6245422362864
27,2667,-272.6245422362864
27,2668,-272.6245422362864
27,2669,-272.6245422362864
27,2670,-272.6245422362864
27,2671,-272.6245422362864
27,2672,-272.6245422362864
27,2673,-272.6245422362864
27,2674,-200.15438903374564
27,2675,-200.15438903374564
27,2676,-200.15438903374564
27,2677,-200.15438903374564
27,2678,-200.15438903374564
27,2679,-200.15438903374564
27,2680,-200.15438903374564
27,2681,-200.15438903374564
27,2682,-200.15438903374564
27,2683,-200.15438903374564
27,2684,-200.15438903374564
27,2685,-200.15438903374564
27,2686,-200.15438903374564
27,2687,-200.15438903374564
27,2688,-200.15438903374564
27,2689,-200.15438903374564
27,2690,-200.15438903374564
27,2691,-200.15438903374564
27,2692,-200.15438903374564
27,2693,-200.15438903374564
27,2694,-200.15438903374564
27,2695,-200.15438903374564
27,2696,-200.15438903374564
27,2697,-200.15438903374564
27,2698,-200.15438903374564
27,2699,-200.15438903374564
27,2700,-200.15438903374564
27,2701,-200.15438903374564
27,2702,-200.15438903374564
27,2703,-200.15438903374564
27,2704,-200.15438903374564
27,2705,-200.15438903374564
27,2706,-200.15438903374564
27,2707,-200.15438903374564
27,2708,-200.15438903374564
27,2709,-200.15438903374564
27,2710,-200.15438903374564
27,2711,-200.15438903374564
27,2712,-200.15438903374564
27,2713,-200.15438903374564
27,2714,-200.15438903374564
27,2715,-200.15438903374564
27,2716,-200.15438903374564
27,2717,-200.15438903374564
27,2718,-200.15438903374564
27,2719,-200.15438903374564
27,2720,-200.15438903374564
27,2721,-200.15438903374564
27,2722,-200.15438903374564
27,2723,-200.15438903374564
28,2724,-200.15438903374564
28,2725,-200.15438903374564
28,2726,-200.15438903374564
28,2727,-200.15438903374564
28,2728,-200.15438903374564
28,2729,-200.15438903374564
28,2730,-200.15438903374564
28,2731,-200.15438903374564
28,2732,-200.15438903374564
28,2733,-200.15438903374564
28,2734,-200.15438903374564
28,2735,-200.15438903374564
28,2736,-200.15438903374564
28,2737,-200.15438903374564
28,2738,-200.15438903374564
28,2739,-200.15438903374564
28,2740,-200.15438903374564
28,2741,-200.15438903374564
28,2742,-200.15438903374564
28,2743,-200.15438903374564
28,2744,-200.15438903374564
28,2745,-200.15438903374564
28,2746,-200.15438903374564
28,2747,-200.15438903374564
28,2748,-200.15438903374564
28,2749,-200.15438903374564
28,2750,-200.15438903374564
28,2751,-200.15438903374564
28,2752,-200.15438903374564
28,2753,-200.15438903374564
28,2754,-200.15438903374564
28,2755,-200.15438903374564
28,2756,-200.15438903374564
28,2757,-200.15438903374564
28,2758,-200.15438903374564
28,2759,-200.15438903374564
28,2760,-200.15438903374564
28,2761,-200.15438903374564
28,2762,-200.15438903374564
28,2763,-200.15438903374564
28,2764,-200.15438903374564
28,2765,-200.15438903374564
28,2766,-200.15438903374564
28,2767,-200.15438903374564
28,2768,-200.15438903374564
28,2769,-200.15438903374564
28,2770,-200.15438903374564
28,2771,-200.15438903374564
28,2772,-200.15438903374564
28,2773,-200.15438903374564
28,2774,-200.15438903374564
28,2775,-200.15438903374564
28,2776,-126.90020881195102
28,2777,-126.90020881195102
28,2778,-126.90020881195102
28,2779,-126.90020881195102
28,2780,-126.90020881195102
28,2781,-126.90020881195102
28,2782,-126.90020881195102
28,2783,-126.90020881195102
28,2784,-126.90020881195102
28,2785,-126.90020881195102
28,2786,-126.90020881195102
28,2787,-126.90020881195102
28,2788,-126.90020881195102
28,2789,-126.90020881195102
28,2790,-126.90020881195102
28,2791,-126.90020881195102
28,2792,-126.90020881195102
28,2793,-126.90020881195102
28,2794,-126.90020881195102
28,2795,-126.90020881195102
28,2796,-126.90020881195102
28,2797,-126.90020881195102
28,2798,-126.90020881195102
28,2799,-126.90020881195102
28,2800,-126.90020881195102
28,2801,-126.90020881195102
28,2802,-126.90020881195102
28,2803,-126.90020881195102
28,2804,-126.90020881195102
28,2805,-126.90020881195102
28,2806,-126.90020881195102
28,2807,-126.90020881195102
28,2808,-126.90020881195102
28,2809,-126.90020881195102
28,2810,-126.90020881195102
28,2811,-126.90020881195102
28,2812,-126.90020881195102
28,2813,-126.90020881195102
28,2814,-126.90020881195102
28,2815,-126.90020881195102
28,2816,-126.90020881195102
28,2817,-126.90020881195102
28,2818,-126.90020881195102
28,2819,-126.90020881195102
28,2820,-126.90020881195102
28,2821,-126.90020881195102
28,2822,-126.90020881195102
28,2823,-126.90020881195102
28,2824,-126.90020881195102
28,2825,-126.90020881195102
29,2826,-126.90020881195102
29,2827,-126.90020881195102
29,2828,-126.90020881195102
29,2829,-126.90020881195102
29,2830,-126.90020881195102
29,2831,-126.90020881195102
29,2832,-126.90020881195102
29,2833,-126.90020881195102
29,2834,-126.90020881195102
29,2835,-126.90020881195102
29,2836,-126.90020881195102
29,2837,-126.90020881195102
29,2838,-126.90020881195102
29,2839,-126.90020881195102
29,2840,-126.90020881195102
29,2841,-126.90020881195102
29,2842,-126.90020881195102
29,2843,-126.90020881195102
29,2844,-126.90020881195102
29,2845,-126.90020881195102
29,2846,-126.90020881195102
29,2847,-126.90020881195102
29,2848,-126.90020881195102
29,2849,-126.90020881195102
29,2850,-126.90020881195102
29,2851,-126.90020881195102
29,2852,-126.90020881195102
29,2853,-126.90020881195102
29,2854,-126.90020881195102
29,2855,-126.90020881195102
29,2856,-126.90020881195102
29,2857,-126.90020881195102
29,2858,-126.90020881195102
29,2859,-126.90020881195102
29,2860,-126.90020881195102
29,2861,-126.90020881195102
29,2862,-126.90020881195102
29,2863,-126.90020881195102
29,2864,-126.90020881195102
29,2865,-126.90020881195102
29,2866,-126.90020881195102
29,2867,-126.90020881195102
29,2868,-126.90020881195102
29,2869,-126.90020881195102
29,2870,-126.90020881195102
29,2871,-126.90020881195102
29,2872,-126.90020881195102
29,2873,-126.90020881195102
29,2874,-126.90020881195102
29,2875,-126.90020881195102
29,2876,-55.145238152362566
29,2877,-55.145238152362566
29,2878,-55.145238152362566
29,2879,-55.145238152362566
29,2880,-55.145238152362566
29,2881,-55.145238152362566
29,2882,-55.145238152362566
29,2883,-55.145238152362566
29,2884,-55.145238152362566
29,2885,-55.145238152362566
29,2886,-55.145238152362566
29,2887,-55.145238152362566
29,2888,-55.145238152362566
29,2889,-55.145238152362566
29,2890,-55.145238152362566
29,2891,-55.145238152362566
29,2892,-55.145238152362566
29,2893,-55.145238152362566
29,2894,-55.145238152362566
29,2895,-55.145238152362566
29,2896,-55.145238152362566
29,2897,-55.145238152362566
29,2898,-55.145238152362566
29,2899,-55.145238152362566
29,2900,-55.145238152362566
29,2901,-55.145238152362566
29,2902,-55.145238152362566
29,2903,-55.145238152362566
29,2904,-55.145238152362566
29,2905,-55.145238152362566
29,2906,-55.145238152362566
29,2907,-55.145238152362566
29,2908,-55.145238152362566
29,2909,-55.145238152362566
29,2910,-55.145238152362566
29,2911,-55.145238152362566
29,2912,-55.145238152362566
29,2913,-55.145238152362566
29,2914,-55.145238152362566
29,2915,-55.145238152362566
29,2916,-55.145238152362566
29,2917,-55.145238152362566
29,2918,-55.145238152362566
29,2919,-55.145238152362566
29,2920,-55.145238152362566
29,2921,-55.145238152362566
29,2922,-55.145238152362566
29,2923,-55.145238152362566
29,2924,-55.145238152362566
29,2925,-55.145238152362566
30,2926,-55.145238152362566
30,2927,-55.145238152362566
30,2928,-55.145238152362566
30,2929,-55.145238152362566
30,2930,-55.145238152362566
30,2931,-55.145238152362566
30,2932,-55.145238152362566
30,2933,-55.145238152362566
30,2934,-55.145238152362566
30,2935,-55.145238152362566
30,2936,-55.145238152362566
30,2937,-55.145238152362566
30,2938,-55.145238152362566
30,2939,-55.145238152362566
30,2940,-55.145238152362566
30,2941,-55.145238152362566
30,2942,-55.145238152362566
30,2943,-55.145238152362566
30,2944,-55.145238152362566
30,2945,-55.145238152362566
30,2946,-55.145238152362566
30,2947,-55.145238152362566
30,2948,-55.145238152362566
30,2949,-55.145238152362566
30,2950,-55.145238152362566
30,2951,-55.145238152362566
30,2952,-55.145238152362566
30,2953,-55.145238152362566
30,2954,-55.145238152362566
30,2955,-55.145238152362566
30,2956,-55.145238152362566
30,2957,-55.145238152362566
30,2958,-55.145238152362566
30,2959,-55.145238152362566
30,2960,-55.145238152362566
30,2961,-55.145238152362566
30,2962,-55.145238152362566
30,2963,-55.145238152362566
30,2964,-55.145238152362566
30,2965,-55.145238152362566
30,2966,-55.145238152362566
30,2967,-55.145238152362566
30,2968,-55.145238152362566
30,2969,-55.145238152362566
30,2970,-55.145238152362566
30,2971,-55.145238152362566
30,2972,-55.145238152362566
30,2973,-55.145238152362566
30,2974,-55.145238152362566
30,2975,-55.145238152362566
30,2976,-55.145238152362566
30,2977,17.139303297112633
30,2978,17.139303297112633
30,2979,17.139303297112633
30,2980,17.139303297112633
30,2981,17.139303297112633
30,2982,17.139303297112633
30,2983,17.139303297112633
30,2984,17.139303297112633
30,2985,17.139303297112633
30,2986,17.139303297112633
30,2987,17.139303297112633
30,2988,17.139303297112633
30,2989,17.139303297112633
30,2990,17.139303297112633
30,2991,17.139303297112633
30,2992,17.139303297112633
30,2993,17.139303297112633
30,2994,17.139303297112633
30,2995,17.139303297112633
30,2996,17.139303297112633
30,2997,17.139303297112633
30,2998,17.139303297112633
30,2999,17.139303297112633
30,3000,17.139303297112633
30,3001,17.139303297112633
30,3002,17.139303297112633
30,3003,17.139303297112633
30,3004,17.139303297112633
30,3005,17.139303297112633
30,3006,17.139303297112633
30,3007,17.139303297112633
30,3008,17.139303297112633
30,3009,17.139303297112633
30,3010,17.139303297112633
30,3011,17.139303297112633
30,3012,17.139303297112633
30,3013,17.139303297112633
30,3014,17.139303297112633
30,3015,17.139303297112633
30,3016,17.139303297112633
30,3017,17.139303297112633
30,3018,17.139303297112633
30,3019,17.139303297112633
30,3020,17.139303297112633
30,3021,17.139303297112633
30,3022,17.139303297112633
30,3023,17.139303297112633
30,3024,17.139303297112633
30,3025,17.139303297112633
30,3026,17.139303297112633
31,3027,17.139303297112633
31,3028,17.139303297112633
31,3029,17.139303297112633
31,3030,17.139303297112633
31,3031,17.139303297112633
31,3032,17.139303297112633
31,3033,17.139303297112633
31,3034,17.139303297112633
31,3035,17.139303297112633
31,3036,17.139303297112633
31,3037,17.139303297112633
31,3038,17.139303297112633
31,3039,17.139303297112633
31,3040,17.139303297112633
31,3041,17.139303297112633
31,3042,17.139303297112633
31,3043,17.139303297112633
31,3044,17.139303297112633
31,3045,17.139303297112633
31,3046,17.139303297112633
31,3047,17.139303297112633
31,3048,17.139303297112633
31,3049,17.139303297112633
31,3050,17.139303297112633
31,3051,17.139303297112633
31,3052,17.139303297112633
31,3053,17.139303297112633
31,3054,17.139303297112633
31,3055,17.139303297112633
31,3056,17.139303297112633
31,3057,17.139303297112633
31,3058,17.139303297112633
31,3059,17.139303297112633
31,3060,17.139303297112633
31,3061,17.139303297112633
31,3062,17.139303297112633
31,3063,17.139303297112633
31,3064,17.139303297112633
31,3065,17.139303297112633
31,3066,17.139303297112633
31,3067,17.139303297112633
31,3068,17.139303297112633
31,3069,17.139303297112633
31,3070,17.139303297112633
31,3071,17.139303297112633
31,3072,17.139303297112633
31,3073,17.139303297112633
31,3074,17.139303297112633
31,3075,17.139303297112633
31,3076,17.139303297112633
31,3077,17.139303297112633
31,3078,89.0723601041655
31,3079,89.0723601041655
31,3080,89.0723601041655
31,3081,89.0723601041655
31,3082,89.0723601041655
31,3083,89.0723601041655
31,3084,89.0723601041655
31,3085,89.0723601041655
31,3086,89.0723601041655
31,3087,89.0723601041655
31,3088,89.0723601041655
31,3089,89.0723601041655
31,3090,89.0723601041655
31,3091,89.0723601041655
31,3092,89.0723601041655
31,3093,89.0723601041655
31,3094,89.0723601041655
31,3095,89.0723601041655
31,3096,89.0723601041655
31,3097,89.0723601041655
31,3098,89.0723601041655
31,3099,89.0723601041655
31,3100,89.0723601041655
31,3101,89.0723601041655
31,3102,89.0723601041655
31,3103,89.0723601041655
31,3104,89.0723601041655
31,3105,89.0723601041655
31,3106,89.0723601041655
31,3107,89.0723601041655
31,3108,89.0723601041655
31,3109,89.0723601041655
31,3110,89.0723601041655
31,3111,89.0723601041655
31,3112,89.0723601041655
31,3113,89.0723601041655
31,3114,89.0723601041655
31,3115,89.0723601041655
31,3116,89.0723601041655
31,3117,89.0723601041655
31,3118,89.0723601041655
31,3119,89.0723601041655
31,3120,89.0723601041655
31,3121,89.0723601041655
31,3122,89.0723601041655
31,3123,89.0723601041655
31,3124,89.0723601041655
31,3125,89.0723601041655
31,3126,89.0723601041655
31,3127,89.0723601041655
32,3128,89.0723601041655
32,3129,89.0723601041655
32,3130,89.0723601041655
32,3131,89.0723601041655
32,3132,89.0723601041655
32,3133,89.0723601041655
32,3134,89.0723601041655
32,3135,89.0723601041655
32,3136,89.0723601041655
32,3137,89.0723601041655
32,3138,89.0723601041655
32,3139,89.0723601041655
32,3140,89.0723601041655
32,3141,89.0723601041655
32,3142,89.0723601041655
32,3143,89.0723601041655
32,3144,89.0723601041655
32,3145,89.0723601041655
32,3146,89.0723601041655
32,3147,89.0723601041655
32,3148,89.0723601041655
32,3149,89.0723601041655
32,3150,89.0723601041655
32,3151,89.0723601041655
32,3152,89.0723601041655
32,3153,89.0723601041655
32,3154,89.0723601041655
32,3155,89.0723601041655
32,3156,89.0723601041655
32,3157,89.0723601041655
32,3158,89.0723601041655
32,3159,89.0723601041655
32,3160,89.0723601041655
32,3161,89.0723601041655
32,3162,89.0723601041655
32,3163,89.0723601041655
32,3164,89.0723601041655
32,3165,89.0723601041655
32,3166,89.0723601041655
32,3167,89.0723601041655
32,3168,89.0723601041655
32,3169,89.0723601041655
32,3170,89.0723601041655
32,3171,89.0723601041655
32,3172,89.0723601041655
32,3173,89.0723601041655
32,3174,89.0723601041655
32,3175,89.0723601041655
32,3176,89.0723601041655
32,3177,89.0723601041655
32,3178,89.0723601041655
32,3179,160.46677132222865
32,3180,160.46677132222865
32,3181,160.46677132222865
32,3182,160.46677132222865
32,3183,160.46677132222865
32,3184,160.46677132222865
32,3185,160.46677132222865
32,3186,160.46677132222865
32,3187,160.46677132222865
32,3188,160.46677132222865
32,3189,160.46677132222865
32,3190,160.46677132222865
32,3191,160.46677132222865
32,3192,160.46677132222865
32,3193,160.46677132222865
32,3194,160.46677132222865
32,3195,160.46677132222865
32,3196,160.46677132222865
32,3197,160.46677132222865
32,3198,160.46677132222865
32,3199,160.46677132222865
32,3200,160.46677132222865
32,3201,160.46677132222865
32,3202,160.46677132222865
32,3203,160.46677132222865
32,3204,160.46677132222865
32,3205,160.46677132222865
32,3206,160.46677132222865
32,3207,160.46677132222865
32,3208,160.46677132222865
32,3209,160.46677132222865
32,3210,160.46677132222865
32,3211,160.46677132222865
32,3212,160.46677132222865
32,3213,160.46677132222865
32,3214,160.46677132222865
32,3215,160.46677132222865
32,3216,160.46677132222865
32,3217,160.46677132222865
32,3218,160.46677132222865
32,3219,160.46677132222865
32,3220,160.46677132222865
32,3221,160.46677132222865
32,3222,160.46677132222865
32,3223,160.46677132222865
32,3224,160.46677132222865
32,3225,160.46677132222865
32,3226,160.46677132222865
32,3227,160.46677132222865
32,3228,160.46677132222865
33,3229,160.46677132222865
33,3230,160.46677132222865
33,3231,160.46677132222865
33,3232,160.46677132222865
33,3233,160.46677132222865
33,3234,160.46677132222865
33,3235,160.46677132222865
33,3236,160.46677132222865
33,3237,160.46677132222865
33,3238,160.46677132222865
33,3239,160.46677132222865
33,3240,160.46677132222865
33,3241,160.46677132222865
33,3242,160.46677132222865
33,3243,160.46677132222865
33,3244,160.46677132222865
33,3245,160.46677132222865
33,3246,160.46677132222865
33,3247,160.46677132222865
33,3248,160.46677132222865
33,3249,160.46677132222865
33,3250,160.46677132222865
33,3251,160.46677132222865
33,3252,160.46677132222865
33,3253,160.46677132222865
33,3254,160.46677132222865
33,3255,160.46677132222865
33,3256,160.46677132222865
33,3257,160.46677132222865
33,3258,160.46677132222865
33,3259,160.46677132222865
33,3260,160.46677132222865
33,3261,160.46677132222865
33,3262,160.46677132222865
33,3263,160.46677132222865
33,3264,160.46677132222865
33,3265,160.46677132222865
33,3266,160.46677132222865
33,3267,160.46677132222865
33,3268,160.46677132222865
33,3269,160.46677132222865
33,3270,160.46677132222865
33,3271,160.46677132222865
33,3272,160.46677132222865
33,3273,160.46677132222865
33,3274,160.46677132222865
33,3275,160.46677132222865
33,3276,160.46677132222865
33,3277,160.46677132222865
33,3278,160.46677132222865
33,3279,160.46677132222865
33,3280,231.11971313356867
33,3281,231.11971313356867
33,3282,231.11971313356867
33,3283,231.11971313356867
33,3284,231.11971313356867
33,3285,231.11971313356867
33,3286,231.11971313356867
33,3287,231.11971313356867
33,3288,231.11971313356867
33,3289,231.11971313356867
33,3290,231.11971313356867
33,3291,231.11971313356867
33,3292,231.11971313356867
33,3293,231.11971313356867
33,3294,231.11971313356867
33,3295,231.11971313356867
33,3296,231.11971313356867
33,3297,231.11971313356867
33,3298,231.11971313356867
33,3299,231.11971313356867
33,3300,231.11971313356867
33,3301,231.11971313356867
33,3302,231.11971313356867
33,3303,231.11971313356867
33,3304,231.11971313356867
33,3305,231.11971313356867
33,3306,231.11971313356867
33,3307,231.11971313356867
33,3308,231.11971313356867
33,3309,231.11971313356867
33,3310,231.11971313356867
33,3311,231.11971313356867
33,3312,231.11971313356867
33,3313,231.11971313356867
33,3314,231.11971313356867
33,3315,231.11971313356867
33,3316,231.11971313356867
33,3317,231.11971313356867
33,3318,231.11971313356867
33,3319,231.11971313356867
33,3320,231.11971313356867
33,3321,231.11971313356867
33,3322,231.11971313356867
33,3323,231.11971313356867
33,3324,231.11971313356867
33,3325,231.11971313356867
33,3326,231.11971313356867
33,3327,231.11971313356867
33,3328,231.11971313356867
34,3329,231.11971313356867
34,3330,231.11971313356867
34,3331,231.11971313356867
34,3332,231.11971313356867
34,3333,231.11971313356867
34,3334,231.11971313356867
34,3335,231.11971313356867
34,3336,231.11971313356867
34,3337,231.11971313356867
34,3338,231.11971313356867
34,3339,231.11971313356867
34,3340,231.11971313356867
34,3341,231.11971313356867
34,3342,231.11971313356867
34,3343,231.11971313356867
34,3344,231.11971313356867
34,3345,231.11971313356867
34,3346,231.11971313356867
34,3347,231.11971313356867
34,3348,231.11971313356867
34,3349,231.11971313356867
34,3350,231.11971313356867
34,3351,231.11971313356867
34,3352,231.11971313356867
34,3353,231.11971313356867
34,3354,231.11971313356867
34,3355,231.11971313356867
34,3356,231.11971313356867
34,3357,231.11971313356867
34,3358,231.11971313356867
34,3359,231.11971313356867
34,3360,231.11971313356867
34,3361,231.11971313356867
34,3362,231.11971313356867
34,3363,231.11971313356867
34,3364,231.11971313356867
34,3365,231.11971313356867
34,3366,231.11971313356867
34,3367,231.11971313356867
34,3368,231.11971313356867
34,3369,231.11971313356867
34,3370,231.11971313356867
34,3371,231.11971313356867
34,3372,231.11971313356867
34,3373,231.11971313356867
34,3374,231.11971313356867
34,3375,231.11971313356867
34,3376,231.11971313356867
34,3377,231.11971313356867
34,3378,231.11971313356867
34,3379,231.11971313356867
34,3380,300.8138003531634
34,3381,300.8138003531634
34,3382,300.8138003531634
34,3383,300.8138003531634
34,3384,300.8138003531634
34,3385,300.8138003531634
34,3386,300.8138003531634
34,3387,300.8138003531634
34,3388,300.8138003531634
34,3389,300.8138003531634
34,3390,300.8138003531634
34,3391,300.8138003531634
34,3392,300.8138003531634
34,3393,300.8138003531634
34,3394,300.8138003531634
34,3395,300.8138003531634
34,3396,300.8138003531634
34,3397,300.8138003531634
34,3398,300.8138003531634
34,3399,300.8138003531634
34,3400,300.8138003531634
34,3401,300.8138003531634
34,3402,300.8138003531634
34,3403,300.8138003531634
34,3404,300.8138003531634
34,3405,300.8138003531634
34,3406,300.8138003531634
34,3407,300.8138003531634
34,3408,300.8138003531634
34,3409,300.8138003531634
34,3410,300.8138003531634
34,3411,300.8138003531634
34,3412,300.8138003531634
34,3413,300.8138003531634
34,3414,300.8138003531634
34,3415,300.8138003531634
34,3416,300.8138003531634
34,3417,300.8138003531634
34,3418,300.8138003531634
34,3419,300.8138003531634
34,3420,300.8138003531634
34,3421,300.8138003531634
34,3422,300.8138003531634
34,3423,300.8138003531634
34,3424,300.8138003531634
34,3425,300.8138003531634
34,3426,300.8138003531634
34,3427,300.8138003531634
34,3428,300.8138003531634
34,3429,300.8138003531634
35,3430,300.8138003531634
35,3431,300.8138003531634
35,3432,300.8138003531634
35,3433,300.8138003531634
35,3434,300.8138003531634
35,3435,300.8138003531634
35,3436,300.8138003531634
35,3437,300.8138003531634
35,3438,300.8138003531634
35,3439,300.8138003531634
35,3440,300.8138003531634
35,3441,300.8138003531634
35,3442,300.8138003531634
35,3443,300.8138003531634
35,3444,300.8138003531634
35,3445,300.8138003531634
35,3446,300.8138003531634
35,3447,300.8138003531634
35,3448,300.8138003531634
35,3449,300.8138003531634
35,3450,300.8138003531634
35,3451,300.8138003531634
35,3452,300.8138003531634
35,3453,300.8138003531634
35,3454,300.8138003531634
35,3455,300.8138003531634
35,3456,300.8138003531634
35,3457,300.8138003531634
35,3458,300.8138003531634
35,3459,300.8138003531634
35,3460,300.8138003531634
35,3461,300.8138003531634
35,3462,300.8138003531634
35,3463,300.8138003531634
35,3464,300.8138003531634
35,3465,300.8138003531634
35,3466,300.8138003531634
35,3467,300.8138003531634
35,3468,300.8138003531634
35,3469,300.8138003531634
35,3470,300.8138003531634
35,3471,300.8138003531634
35,3472,300.8138003531634
35,3473,300.8138003531634
35,3474,300.8138003531634
35,3475,300.8138003531634
35,3476,300.8138003531634
35,3477,300.8138003531634
35,3478,300.8138003531634
35,3479,300.8138003531634
35,3480,300.8138003531634
35,3481,369.32327615829394
35,3482,369.32327615829394
35,3483,369.32327615829394
35,3484,369.32327615829394
35,3485,369.32327615829394
35,3486,369.32327615829394
35,3487,369.32327615829394
35,3488,369.32327615829394
35,3489,369.32327615829394
35,3490,369.32327615829394
35,3491,369.32327615829394
35,3492,369.32327615829394
35,3493,369.32327615829394
35,3494,369.32327615829394
35,3495,369.32327615829394
35,3496,369.32327615829394
35,3497,369.32327615829394
35,3498,369.32327615829394
35,3499,369.32327615829394
35,3500,369.32327615829394
35,3501,369.32327615829394
35,3502,369.32327615829394
35,3503,369.32327615829394
35,3504,369.32327615829394
35,3505,369.32327615829394
35,3506,369.32327615829394
35,3507,369.32327615829394
35,3508,369.32327615829394
35,3509,369.32327615829394
35,3510,369.32327615829394
35,3511,369.32327615829394
35,3512,369.32327615829394
35,3513,369.32327615829394
35,3514,369.32327615829394
35,3515,369.32327615829394
35,3516,369.32327615829394
35,3517,369.32327615829394
35,3518,369.32327615829394
35,3519,369.32327615829394
35,3520,369.32327615829394
35,3521,369.32327615829394
35,3522,369.32327615829394
35,3523,369.32327615829394
35,3524,369.32327615829394
35,3525,369.32327615829394
35,3526,369.32327615829394
35,3527,369.32327615829394
35,3528,369.32327615829394
35,3529,369.32327615829394
35,3530,369.32327615829394
36,3531,369.32327615829394
36,3532,369.32327615829394
36,3533,369.32327615829394
36,3534,369.32327615829394
36,3535,369.32327615829394
36,3536,369.32327615829394
36,3537,369.32327615829394
36,3538,369.32327615829394
36,3539,369.32327615829394
36,3540,369.32327615829394
36,3541,369.32327615829394
36,3542,369.32327615829394
36,3543,369.32327615829394
36,3544,369.32327615829394
36,3545,369.32327615829394
36,3546,369.32327615829394
36,3547,369.32327615829394
36,3548,369.32327615829394
36,3549,369.32327615829394
36,3550,369.32327615829394
36,3551,369.32327615829394
36,3552,369.32327615829394
36,3553,369.32327615829394
36,3554,369.32327615829394
36,3555,369.32327615829394
36,3556,369.32327615829394
36,3557,369.32327615829394
36,3558,369.32327615829394
36,3559,369.32327615829394
36,3560,369.32327615829394
36,3561,369.32327615829394
36,3562,369.32327615829394
36,3563,369.32327615829394
36,3564,369.32327615829394
36,3565,369.32327615829394
36,3566,369.32327615829394
36,3567,369.32327615829394
36,3568,369.32327615829394
36,3569,369.32327615829394
36,3570,369.32327615829394
36,3571,369.32327615829394
36,3572,369.32327615829394
36,3573,369.32327615829394
36,3574,369.32327615829394
36,3575,369.32327615829394
36,3576,369.32327615829394
36,3577,369.32327615829394
36,3578,369.32327615829394
36,3579,369.32327615829394
36,3580,369.32327615829394
36,3581,369.32327615829394
36,3582,436.41530287686476
36,3583,436.41530287686476
36,3584,436.41530287686476
36,3585,436.41530287686476
36,3586,436.41530287686476
36,3587,436.41530287686476
36,3588,436.41530287686476
36,3589,436.41530287686476
36,3590,436.41530287686476
36,3591,436.41530287686476
36,3592,436.41530287686476
36,3593,436.41530287686476
36,3594,436.41530287686476
36,3595,436.41530287686476
36,3596,436.41530287686476
36,3597,436.41530287686476
36,3598,436.41530287686476
36,3599,436.41530287686476
36,3600,436.41530287686476
36,3601,436.41530287686476
36,3602,436.41530287686476
36,3603,436.41530287686476
36,3604,436.41530287686476
36,3605,436.41530287686476
36,3606,436.41530287686476
36,3607,436.41530287686476
36,3608,436.41530287686476
36,3609,436.41530287686476
36,3610,436.41530287686476
36,3611,436.41530287686476
36,3612,436.41530287686476
36,3613,436.41530287686476
36,3614,436.41530287686476
36,3615,436.41530287686476
36,3616,436.41530287686476
36,3617,436.41530287686476
36,3618,436.41530287686476
36,3619,436.41530287686476
36,3620,436.41530287686476
36,3621,436.41530287686476
36,3622,436.41530287686476
36,3623,436.41530287686476
36,3624,436.41530287686476
36,3625,436.41530287686476
36,3626,436.41530287686476
36,3627,436.41530287686476
36,3628,436.41530287686476
36,3629,436.41530287686476
36,3630,436.41530287686476
36,3631,436.41530287686476
37,3632,436.41530287686476
37,3633,436.41530287686476
37,3634,436.41530287686476
37,3635,436.41530287686476
37,3636,436.41530287686476
37,3637,436.41530287686476
37,3638,436.41530287686476
37,3639,436.41530287686476
37,3640,436.41530287686476
37,3641,436.41530287686476
37,3642,436.41530287686476
37,3643,436.41530287686476
37,3644,436.41530287686476
37,3645,436.41530287686476
37,3646,436.41530287686476
37,3647,436.41530287686476
37,3648,436.41530287686476
37,3649,436.41530287686476
37,3650,436.41530287686476
37,3651,436.41530287686476
37,3652,436.41530287686476
37,3653,436.41530287686476
37,3654,436.41530287686476
37,3655,436.41530287686476
37,3656,436.41530287686476
37,3657,436.41530287686476
37,3658,436.41530287686476
37,3659,436.41530287686476
37,3660,436.41530287686476
37,3661,436.41530287686476
37,3662,436.41530287686476
37,3663,436.41530287686476
37,3664,436.41530287686476
37,3665,436.41530287686476
37,3666,436.41530287686476
37,3667,436.41530287686476
37,3668,436.41530287686476
37,3669,436.41530287686476
37,3670,436.41530287686476
37,3671,436.41530287686476
37,3672,436.41530287686476
37,3673,436.41530287686476
37,3674,436.41530287686476
37,3675,436.41530287686476
37,3676,436.41530287686476
37,3677,436.41530287686476
37,3678,436.41530287686476
37,3679,436.41530287686476
37,3680,436.41530287686476
37,3681,436.41530287686476
37,3682,436.41530287686476
37,3683,501.8494782315126
37,3684,501.8494782315126
37,3685,501.8494782315126
37,3686,501.8494782315126
37,3687,501.8494782315126
37,3688,501.8494782315126
37,3689,501.8494782315126
37,3690,501.8494782315126
37,3691,501.8494782315126
37,3692,501.8494782315126
37,3693,501.8494782315126
37,3694,501.8494782315126
37,3695,501.8494782315126
37,3696,501.8494782315126
37,3697,501.8494782315126
37,3698,501.8494782315126
37,3699,501.8494782315126
37,3700,501.8494782315126
37,3701,501.8494782315126
37,3702,501.8494782315126
37,3703,501.8494782315126
37,3704,501.8494782315126
37,3705,501.8494782315126
37,3706,501.8494782315126
37,3707,501.8494782315126
37,3708,501.8494782315126
37,3709,501.8494782315126
37,3710,501.8494782315126
37,3711,501.8494782315126
37,3712,501.8494782315126
37,3713,501.8494782315126
37,3714,501.8494782315126
37,3715,501.8494782315126
37,3716,501.8494782315126
37,3717,501.8494782315126
37,3718,501.8494782315126
37,3719,501.8494782315126
37,3720,501.8494782315126
37,3721,501.8494782315126
37,3722,501.8494782315126
37,3723,501.8494782315126
37,3724,501.8494782315126
37,3725,501.8494782315126
37,3726,501.8494782315126
37,3727,501.8494782315126
37,3728,501.8494782315126
37,3729,501.8494782315126
37,3730,501.8494782315126
37,3731,501.8494782315126
37,3732,501.8494782315126
38,3733,501.8494782315126
38,3734,501.8494782315126
38,3735,501.8494782315126
38,3736,501.8494782315126
38,3737,501.8494782315126
38,3738,501.8494782315126
38,3739,501.8494782315126
38,3740,501.8494782315126
38,3741,501.8494782315126
38,3742,501.8494782315126
38,3743,501.8494782315126
38,3744,501.8494782315126
38,3745,501.8494782315126
38,3746,501.8494782315126
38,3747,501.8494782315126
38,3748,501.8494782315126
38,3749,501.8494782315126
38,3750,501.8494782315126
38,3751,501.8494782315126
38,3752,501.8494782315126
38,3753,501.8494782315126
38,3754,501.8494782315126
38,3755,501.8494782315126
38,3756,501.8494782315126
38,3757,501.8494782315126
38,3758,501.8494782315126
38,3759,501.8494782315126
38,3760,501.8494782315126
38,3761,501.8494782315126
38,3762,501.8494782315126
38,3763,501.8494782315126
38,3764,501.8494782315126
38,3765,501.8494782315126
38,3766,501.8494782315126
38,3767,501.8494782315126
38,3768,501.8494782315126
38,3769,501.8494782315126
38,3770,501.8494782315126
38,3771,501.8494782315126
38,3772,501.8494782315126
38,3773,501.8494782315126
38,3774,501.8494782315126
38,3775,501.8494782315126
38,3776,501.8494782315126
38,3777,501.8494782315126
38,3778,501.8494782315126
38,3779,501.8494782315126
38,3780,501.8494782315126
38,3781,501.8494782315126
38,3782,501.8494782315126
38,3783,501.8494782315126
38,3784,565.3823905902975
38,3785,565.3823905902975
38,3786,565.3823905902975
38,3787,565.3823905902975
38,3788,565.3823905902975
38,3789,565.3823905902975
38,3790,565.3823905902975
38,3791,565.3823905902975
38,3792,565.3823905902975
38,3793,565.3823905902975
38,3794,565.3823905902975
38,3795,565.3823905902975
38,3796,565.3823905902975
38,3797,565.3823905902975
38,3798,565.3823905902975
38,3799,565.3823905902975
38,3800,565.3823905902975
38,3801,565.3823905902975
38,3802,565.3823905902975
38,3803,565.3823905902975
38,3804,565.3823905902975
38,3805,565.3823905902975
38,3806,565.3823905902975
38,3807,565.3823905902975
38,3808,565.3823905902975
38,3809,565.3823905902975
38,3810,565.3823905902975
38,3811,565.3823905902975
38,3812,565.3823905902975
38,3813,565.3823905902975
38,3814,565.3823905902975
38,3815,565.3823905902975
38,3816,565.3823905902975
38,3817,565.3823905902975
38,3818,565.3823905902975
38,3819,565.3823905902975
38,3820,565.3823905902975
38,3821,565.3823905902975
38,3822,565.3823905902975
38,3823,565.3823905902975
38,3824,565.3823905902975
38,3825,565.3823905902975
38,3826,565.3823905902975
38,3827,565.3823905902975
38,3828,565.3823905902975
38,3829,565.3823905902975
38,3830,565.3823905902975
38,3831,565.3823905902975
38,3832,565.3823905902975
38,3833,565.3823905902975
39,3834,565.3823905902975
39,3835,565.3823905902975
39,3836,565.3823905902975
39,3837,565.3823905902975
39,3838,565.3823905902975
39,3839,565.3823905902975
39,3840,565.3823905902975
39,3841,565.3823905902975
39,3842,565.3823905902975
39,3843,565.3823905902975
39,3844,565.3823905902975
39,3845,565.3823905902975
39,3846,565.3823905902975
39,3847,565.3823905902975
39,3848,565.3823905902975
39,3849,565.3823905902975
39,3850,565.3823905902975
39,3851,565.3823905902975
39,3852,565.3823905902975
39,3853,565.3823905902975
39,3854,565.3823905902975
39,3855,565.3823905902975
39,3856,565.3823905902975
39,3857,565.3823905902975
39,3858,565.3823905902975
39,3859,565.3823905902975
39,3860,565.3823905902975
39,3861,565.3823905902975
39,3862,565.3823905902975
39,3863,565.3823905902975
39,3864,565.3823905902975
39,3865,565.3823905902975
39,3866,565.3823905902975
39,3867,565.3823905902975
39,3868,565.3823905902975
39,3869,565.3823905902975
39,3870,565.3823905902975
39,3871,565.3823905902975
39,3872,565.3823905902975
39,3873,565.3823905902975
39,3874,565.3823905902975
39,3875,565.3823905902975
39,3876,565.3823905902975
39,3877,565.3823905902975
39,3878,565.3823905902975
39,3879,565.3823905902975
39,3880,565.3823905902975
39,3881,565.3823905902975
39,3882,565.3823905902975
39,3883,565.3823905902975
39,3884,565.3823905902975
39,3885,626.7682544285203
39,3886,626.7682544285203
39,3887,626.7682544285203
39,3888,626.7682544285203
39,3889,626.7682544285203
39,3890,626.7682544285203
39,3891,626.7682544285203
39,3892,626.7682544285203
39,3893,626.7682544285203
39,3894,626.7682544285203
39,3895,626.7682544285203
39,3896,626.7682544285203
39,3897,626.7682544285203
39,3898,626.7682544285203
39,3899,626.7682544285203
39,3900,626.7682544285203
39,3901,626.7682544285203
39,3902,626.7682544285203
39,3903,626.7682544285203
39,3904,626.7682544285203
39,3905,626.7682544285203
39,3906,626.7682544285203
39,3907,626.7682544285203
39,3908,626.7682544285203
39,3909,626.7682544285203
39,3910,626.7682544285203
39,3911,626.7682544285203
39,3912,626.7682544285203
39,3913,626.7682544285203
39,3914,626.7682544285203
39,3915,626.7682544285203
39,3916,626.7682544285203
39,3917,626.7682544285203
39,3918,626.7682544285203
39,3919,626.7682544285203
39,3920,626.7682544285203
39,3921,626.7682544285203
39,3922,626.7682544285203
39,3923,626.7682544285203
39,3924,626.7682544285203
39,3925,626.7682544285203
39,3926,626.7682544285203
39,3927,626.7682544285203
39,3928,626.7682544285203
39,3929,626.7682544285203
39,3930,626.7682544285203
39,3931,626.7682544285203
39,3932,626.7682544285203
39,3933,626.7682544285203
39,3934,626.7682544285203
40,3935,626.7682544285203
40,3936,626.7682544285203
40,3937,626.7682544285203
40,3938,626.7682544285203
40,3939,626.7682544285203
40,3940,626.7682544285203
40,3941,626.7682544285203
40,3942,626.7682544285203
40,3943,626.7682544285203
40,3944,626.7682544285203
40,3945,626.7682544285203
40,3946,626.7682544285203
40,3947,626.7682544285203
40,3948,626.7682544285203
40,3949,626.7682544285203
40,3950,626.7682544285203
40,3951,626.7682544285203
40,3952,626.7682544285203
40,3953,626.7682544285203
40,3954,626.7682544285203
40,3955,626.7682544285203
40,3956,626.7682544285203
40,3957,626.7682544285203
40,3958,626.7682544285203
40,3959,626.7682544285203
40,3960,626.7682544285203
40,3961,626.7682544285203
40,3962,626.7682544285203
40,3963,626.7682544285203
40,3964,626.7682544285203
40,3965,626.7682544285203
40,3966,626.7682544285203
40,3967,626.7682544285203
40,3968,626.7682544285203
40,3969,626.7682544285203
40,3970,626.7682544285203
40,3971,626.7682544285203
40,3972,626.7682544285203
40,3973,626.7682544285203
40,3974,626.7682544285203
40,3975,626.7682544285203
40,3976,626.7682544285203
40,3977,626.7682544285203
40,3978,626.7682544285203
40,3979,626.7682544285203
40,3980,626.7682544285203
40,3981,626.7682544285203
40,3982,626.7682544285203
40,3983,626.7682544285203
40,3984,626.7682544285203
40,3985,626.7682544285203
40,3986,685.7617139032825
40,3987,685.7617139032825
40,3988,685.7617139032825
40,3989,685.7617139032825
40,3990,685.7617139032825
40,3991,685.7617139032825
40,3992,685.7617139032825
40,3993,685.7617139032825
40,3994,685.7617139032825
40,3995,685.7617139032825
40,3996,685.7617139032825
40,3997,685.7617139032825
40,3998,685.7617139032825
40,3999,685.7617139032825
40,4000,685.7617139032825
40,4001,685.7617139032825
40,4002,685.7617139032825
40,4003,685.7617139032825
40,4004,685.7617139032825
40,4005,685.7617139032825
40,4006,685.7617139032825
40,4007,685.7617139032825
40,4008,685.7617139032825
40,4009,685.7617139032825
40,4010,685.7617139032825
40,4011,685.7617139032825
40,4012,685.7617139032825
40,4013,685.7617139032825
40,4014,685.7617139032825
40,4015,685.7617139032825
40,4016,685.7617139032825
40,4017,685.7617139032825
40,4018,685.7617139032825
40,4019,685.7617139032825
40,4020,685.7617139032825
40,4021,685.7617139032825
40,4022,685.7617139032825
40,4023,685.7617139032825
40,4024,685.7617139032825
40,4025,685.7617139032825
40,4026,685.7617139032825
40,4027,685.7617139032825
40,4028,685.7617139032825
40,4029,685.7617139032825
40,4030,685.7617139032825
40,4031,685.7617139032825
40,4032,685.7617139032825
40,4033,685.7617139032825
40,4034,685.7617139032825
40,4035,685.7617139032825
41,4036,685.7617139032825
41,4037,685.7617139032825
41,4038,685.7617139032825
41,4039,685.7617139032825
41,4040,685.7617139032825
41,4041,685.7617139032825
41,4042,685.7617139032825
41,4043,685.7617139032825
41,4044,685.7617139032825
41,4045,685.7617139032825
41,4046,685.7617139032825
41,4047,685.7617139032825
41,4048,685.7617139032825
41,4049,685.7617139032825
41,4050,685.7617139032825
41,4051,685.7617139032825
41,4052,685.7617139032825
41,4053,685.7617139032825
41,4054,685.7617139032825
41,4055,685.7617139032825
41,4056,685.7617139032825
41,4057,685.7617139032825
41,4058,685.7617139032825
41,4059,685.7617139032825
41,4060,685.7617139032825
41,4061,685.7617139032825
41,4062,685.7617139032825
41,4063,685.7617139032825
41,4064,685.7617139032825
41,4065,685.7617139032825
41,4066,685.7617139032825
41,4067,685.7617139032825
41,4068,685.7617139032825
41,4069,685.7617139032825
41,4070,685.7617139032825
41,4071,685.7617139032825
41,4072,685.7617139032825
41,4073,685.7617139032825
41,4074,685.7617139032825
41,4075,685.7617139032825
41,4076,685.7617139032825
41,4077,685.7617139032825
41,4078,685.7617139032825
41,4079,685.7617139032825
41,4080,685.7617139032825
41,4081,685.7617139032825
41,4082,685.7617139032825
41,4083,685.7617139032825
41,4084,685.7617139032825
41,4085,685.7617139032825
41,4086,685.7617139032825
41,4087,742.122827211953
41,4088,742.122827211953
41,4089,742.122827211953
41,4090,742.122827211953
41,4091,742.122827211953
41,4092,742.122827211953
41,4093,742.122827211953
41,4094,742.122827211953
41,4095,742.122827211953
41,4096,742.122827211953
41,4097,742.122827211953
41,4098,742.122827211953
41,4099,742.122827211953
41,4100,742.122827211953
41,4101,742.122827211953
41,4102,742.122827211953
41,4103,742.122827211953
41,4104,742.122827211953
41,4105,742.122827211953
41,4106,742.122827211953
41,4107,742.122827211953
41,4108,742.122827211953
41,4109,742.122827211953
41,4110,742.122827211953
41,4111,742.122827211953
41,4112,742.122827211953
41,4113,742.122827211953
41,4114,742.122827211953
41,4115,742.122827211953
41,4116,742.122827211953
41,4117,742.122827211953
41,4118,742.122827211953
41,4119,742.122827211953
41,4120,742.122827211953
41,4121,742.122827211953
41,4122,742.122827211953
41,4123,742.122827211953
41,4124,742.122827211953
41,4125,742.122827211953
41,4126,742.122827211953
41,4127,742.122827211953
41,4128,742.122827211953
41,4129,742.122827211953
41,4130,742.122827211953
41,4131,742.122827211953
41,4132,742.122827211953
41,4133,742.122827211953
41,4134,742.122827211953
41,4135,742.122827211953
41,4136,742.122827211953
42,4137,742.122827211953
42,4138,742.122827211953
42,4139,742.122827211953
42,4140,742.122827211953
42,4141,742.122827211953
42,4142,742.122827211953
42,4143,742.122827211953
42,4144,742.122827211953
42,4145,742.122827211953
42,4146,742.122827211953
42,4147,742.122827211953
42,4148,742.122827211953
42,4149,742.122827211953
42,4150,-316.37617278804703
42,4151,-316.37617278804703
42,4152,-316.37617278804703
42,4153,-316.37617278804703
42,4154,-316.37617278804703
42,4155,-316.37617278804703
42,4156,-316.37617278804703
42,4157,-316.37617278804703
42,4158,-316.37617278804703
42,4159,-316.37617278804703
42,4160,-316.37617278804703
42,4161,-316.37617278804703
42,4162,-316.37617278804703
42,4163,-316.37617278804703
42,4164,-316.37617278804703
42,4165,-316.37617278804703
42,4166,-316.37617278804703
42,4167,-316.37617278804703
42,4168,-316.37617278804703
42,4169,-316.37617278804703
42,4170,-316.37617278804703
42,4171,-316.37617278804703
42,4172,-316.37617278804703
42,4173,-316.37617278804703
42,4174,-316.37617278804703
42,4175,-316.37617278804703
42,4176,-316.37617278804703
42,4177,-316.37617278804703
42,4178,-316.37617278804703
42,4179,-316.37617278804703
42,4180,-316.37617278804703
42,4181,-316.37617278804703
42,4182,-316.37617278804703
42,4183,-316.37617278804703
42,4184,-316.37617278804703
42,4185,-316.37617278804703
42,4186,-316.37617278804703
42,4187,-316.37617278804703
42,4188,-262.8812883639531
42,4189,-262.8812883639531
42,4190,-262.8812883639531
42,4191,-262.8812883639531
42,4192,-262.8812883639531
42,4193,-262.8812883639531
42,4194,-262.8812883639531
42,4195,-262.8812883639531
42,4196,-262.8812883639531
42,4197,-262.8812883639531
42,4198,-262.8812883639531
42,4199,-262.8812883639531
42,4200,-262.8812883639531
42,4201,-262.8812883639531
42,4202,-262.8812883639531
42,4203,-262.8812883639531
42,4204,-262.8812883639531
42,4205,-262.8812883639531
42,4206,-262.8812883639531
42,4207,-262.8812883639531
42,4208,-262.8812883639531
42,4209,-262.8812883639531
42,4210,-262.8812883639531
42,4211,-262.8812883639531
42,4212,-262.8812883639531
42,4213,-262.8812883639531
42,4214,-262.8812883639531
42,4215,-262.8812883639531
42,4216,-262.8812883639531
42,4217,-262.8812883639531
42,4218,-262.8812883639531
42,4219,-262.8812883639531
42,4220,-262.8812883639531
42,4221,-262.8812883639531
42,4222,-262.8812883639531
42,4223,-262.8812883639531
42,4224,-262.8812883639531
42,4225,-262.8812883639531
42,4226,-262.8812883639531
42,4227,-262.8812883639531
42,4228,-262.8812883639531
42,4229,-262.8812883639531
42,4230,-262.8812883639531
42,4231,-262.8812883639531
42,4232,-262.8812883639531
42,4233,-262.8812883639531
42,4234,-262.8812883639531
42,4235,-262.8812883639531
42,4236,-262.8812883639531
42,4237,-262.8812883639531
43,4238,-262.8812883639531
43,4239,-262.8812883639531
43,4240,-262.8812883639531
43,4241,-262.8812883639531
43,4242,-262.8812883639531
43,4243,-262.8812883639531
43,4244,-262.8812883639531
43,4245,-262.8812883639531
43,4246,-262.8812883639531
43,4247,-262.8812883639531
43,4248,-262.8812883639531
43,4249,-262.8812883639531
43,4250,-262.8812883639531
43,4251,-262.8812883639531
43,4252,-262.8812883639531
43,4253,-262.8812883639531
43,4254,-262.8812883639531
43,4255,-262.8812883639531
43,4256,-262.8812883639531
43,4257,-262.8812883639531
43,4258,-262.8812883639531
43,4259,-262.8812883639531
43,4260,-262.8812883639531
43,4261,-262.8812883639531
43,4262,-262.8812883639531
43,4263,-262.8812883639531
43,4264,-262.8812883639531
43,4265,-262.8812883639531
43,4266,-262.8812883639531
43,4267,-262.8812883639531
43,4268,-262.8812883639531
43,4269,-262.8812883639531
43,4270,-262.8812883639531
43,4271,-262.8812883639531
43,4272,-262.8812883639531
43,4273,-262.8812883639531
43,4274,-262.8812883639531
43,4275,-262.8812883639531
43,4276,-262.8812883639531
43,4277,-262.8812883639531
43,4278,-262.8812883639531
43,4279,-262.8812883639531
43,4280,-262.8812883639531
43,4281,-262.8812883639531
43,4282,-262.8812883639531
43,4283,-262.8812883639531
43,4284,-262.8812883639531
43,4285,-262.8812883639531
43,4286,-262.8812883639531
43,4287,-262.8812883639531
43,4288,-212.47890987499358
43,4289,-212.47890987499358
43,4290,-212.47890987499358
43,4291,-212.47890987499358
43,4292,-212.47890987499358
43,4293,-212.47890987499358
43,4294,-212.47890987499358
43,4295,-212.47890987499358
43,4296,-212.47890987499358
43,4297,-212.47890987499358
43,4298,-212.47890987499358
43,4299,-212.47890987499358
43,4300,-212.47890987499358
43,4301,-212.47890987499358
43,4302,-212.47890987499358
43,4303,-212.47890987499358
43,4304,-212.47890987499358
43,4305,-212.47890987499358
43,4306,-212.47890987499358
43,4307,-212.47890987499358
43,4308,-212.47890987499358
43,4309,-212.47890987499358
43,4310,-212.47890987499358
43,4311,-212.47890987499358
43,4312,-212.47890987499358
43,4313,-212.47890987499358
43,4314,-212.47890987499358
43,4315,-212.47890987499358
43,4316,-212.47890987499358
43,4317,-212.47890987499358
43,4318,-212.47890987499358
43,4319,-212.47890987499358
43,4320,-212.47890987499358
43,4321,-212.47890987499358
43,4322,-212.47890987499358
43,4323,-212.47890987499358
43,4324,-212.47890987499358
43,4325,-212.47890987499358
43,4326,-212.47890987499358
43,4327,-212.47890987499358
43,4328,-212.47890987499358
43,4329,-212.47890987499358
43,4330,-212.47890987499358
43,4331,-212.47890987499358
43,4332,-212.47890987499358
43,4333,-212.47890987499358
43,4334,-212.47890987499358
43,4335,-212.47890987499358
43,4336,-212.47890987499358
43,4337,-212.47890987499358
44,4338,-212.47890987499358
44,4339,-212.47890987499358
44,4340,-212.47890987499358
44,4341,-212.47890987499358
44,4342,-212.47890987499358
44,4343,-212.47890987499358
44,4344,-212.47890987499358
44,4345,-212.47890987499358
44,4346,-212.47890987499358
44,4347,-212.47890987499358
44,4348,-212.47890987499358
44,4349,-212.47890987499358
44,4350,-212.47890987499358
44,4351,-212.47890987499358
44,4352,-212.47890987499358
44,4353,-212.47890987499358
44,4354,-212.47890987499358
44,4355,-212.47890987499358
44,4356,-212.47890987499358
44,4357,-212.47890987499358
44,4358,-212.47890987499358
44,4359,-212.47890987499358
44,4360,-212.47890987499358
44,4361,-212.47890987499358
44,4362,-212.47890987499358
44,4363,-212.47890987499358
44,4364,-212.47890987499358
44,4365,-212.47890987499358
44,4366,-212.47890987499358
44,4367,-212.47890987499358
44,4368,-212.47890987499358
44,4369,-212.47890987499358
44,4370,-212.47890987499358
44,4371,-212.47890987499358
44,4372,-212.47890987499358
44,4373,-212.47890987499358
44,4374,-212.47890987499358
44,4375,-212.47890987499358
44,4376,-212.47890987499358
44,4377,-212.47890987499358
44,4378,-212.47890987499358
44,4379,-212.47890987499358
44,4380,-212.47890987499358
44,4381,-212.47890987499358
44,4382,-212.47890987499358
44,4383,-212.47890987499358
44,4384,-212.47890987499358
44,4385,-212.47890987499358
44,4386,-212.47890987499358
44,4387,-212.47890987499358
44,4388,-212.47890987499358
44,4389,-165.38731211616366
44,4390,-165.38731211616366
44,4391,-165.38731211616366
44,4392,-165.38731211616366
44,4393,-165.38731211616366
44,4394,-165.38731211616366
44,4395,-165.38731211616366
44,4396,-165.38731211616366
44,4397,-165.38731211616366
44,4398,-165.38731211616366
44,4399,-165.38731211616366
44,4400,-165.38731211616366
44,4401,-165.38731211616366
44,4402,-165.38731211616366
44,4403,-165.38731211616366
44,4404,-165.38731211616366
44,4405,-165.38731211616366
44,4406,-165.38731211616366
44,4407,-165.38731211616366
44,4408,-165.38731211616366
44,4409,-165.38731211616366
44,4410,-165.38731211616366
44,4411,-165.38731211616366
44,4412,-165.38731211616366
44,4413,-165.38731211616366
44,4414,-165.38731211616366
44,4415,-165.38731211616366
44,4416,-165.38731211616366
44,4417,-165.38731211616366
44,4418,-165.38731211616366
44,4419,-165.38731211616366
44,4420,-165.38731211616366
44,4421,-165.38731211616366
44,4422,-165.38731211616366
44,4423,-165.38731211616366
44,4424,-165.38731211616366
44,4425,-165.38731211616366
44,4426,-165.38731211616366
44,4427,-165.38731211616366
44,4428,-165.38731211616366
44,4429,-165.38731211616366
44,4430,-165.38731211616366
44,4431,-165.38731211616366
44,4432,-165.38731211616366
44,4433,-165.38731211616366
44,4434,-165.38731211616366
44,4435,-165.38731211616366
44,4436,-165.38731211616366
44,4437,-165.38731211616366
44,4438,-165.38731211616366
45,4439,-165.38731211616366
45,4440,-165.38731211616366
45,4441,-165.38731211616366
45,4442,-165.38731211616366
45,4443,-165.38731211616366
45,4444,-165.38731211616366
45,4445,-165.38731211616366
45,4446,-165.38731211616366
45,4447,-165.38731211616366
45,4448,-165.38731211616366
45,4449,-165.38731211616366
45,4450,-165.38731211616366
45,4451,-165.38731211616366
45,4452,-165.38731211616366
45,4453,-165.38731211616366
45,4454,-165.38731211616366
45,4455,-165.38731211616366
45,4456,-165.38731211616366
45,4457,-165.38731211616366
45,4458,-165.38731211616366
45,4459,-165.38731211616366
45,4460,-165.38731211616366
45,4461,-165.38731211616366
45,4462,-165.38731211616366
45,4463,-165.38731211616366
45,4464,-165.38731211616366
45,4465,-165.38731211616366
45,4466,-165.38731211616366
45,4467,-165.38731211616366
45,4468,-165.38731211616366
45,4469,-165.38731211616366
45,4470,-165.38731211616366
45,4471,-165.38731211616366
45,4472,-165.38731211616366
45,4473,-165.38731211616366
45,4474,-165.38731211616366
45,4475,-165.38731211616366
45,4476,-165.38731211616366
45,4477,-165.38731211616366
45,4478,-165.38731211616366
45,4479,-165.38731211616366
45,4480,-165.38731211616366
45,4481,-165.38731211616366
45,4482,-165.38731211616366
45,4483,-165.38731211616366
45,4484,-165.38731211616366
45,4485,-165.38731211616366
45,4486,-165.38731211616366
45,4487,-165.38731211616366
45,4488,-165.38731211616366
45,4489,-165.38731211616366
45,4490,-122.06691107872827
45,4491,-122.06691107872827
45,4492,-122.06691107872827
45,4493,-122.06691107872827
45,4494,-122.06691107872827
45,4495,-122.06691107872827
45,4496,-122.06691107872827
45,4497,-122.06691107872827
45,4498,-122.06691107872827
45,4499,-122.06691107872827
45,4500,-122.06691107872827
45,4501,-122.06691107872827
45,4502,-122.06691107872827
45,4503,-122.06691107872827
45,4504,-122.06691107872827
45,4505,-122.06691107872827
45,4506,-122.06691107872827
45,4507,-122.06691107872827
45,4508,-122.06691107872827
45,4509,-122.06691107872827
45,4510,-122.06691107872827
45,4511,-122.06691107872827
45,4512,-122.06691107872827
45,4513,-122.06691107872827
45,4514,-122.06691107872827
45,4515,-122.06691107872827
45,4516,-122.06691107872827
45,4517,-122.06691107872827
45,4518,-122.06691107872827
45,4519,-122.06691107872827
45,4520,-122.06691107872827
45,4521,-122.06691107872827
45,4522,-122.06691107872827
45,4523,-122.06691107872827
45,4524,-122.06691107872827
45,4525,-122.06691107872827
45,4526,-122.06691107872827
45,4527,-122.06691107872827
45,4528,-122.06691107872827
45,4529,-122.06691107872827
45,4530,-122.06691107872827
45,4531,-122.06691107872827
45,4532,-122.06691107872827
45,4533,-122.06691107872827
45,4534,-122.06691107872827
45,4535,-122.06691107872827
45,4536,-122.06691107872827
45,4537,-122.06691107872827
45,4538,-122.06691107872827
45,4539,-122.06691107872827
46,4540,-122.06691107872827
46,4541,-122.06691107872827
46,4542,-122.06691107872827
46,4543,-122.06691107872827
46,4544,-122.06691107872827
46,4545,-122.06691107872827
46,4546,-122.06691107872827
46,4547,-122.06691107872827
46,4548,-122.06691107872827
46,4549,-122.06691107872827
46,4550,-122.06691107872827
46,4551,-122.06691107872827
46,4552,-122.06691107872827
46,4553,-122.06691107872827
46,4554,-122.06691107872827
46,4555,-122.06691107872827
46,4556,-122.06691107872827
46,4557,-122.06691107872827
46,4558,-122.06691107872827
46,4559,-122.06691107872827
46,4560,-122.06691107872827
46,4561,-122.06691107872827
46,4562,-122.06691107872827
46,4563,-122.06691107872827
46,4564,-122.06691107872827
46,4565,-122.06691107872827
46,4566,-122.06691107872827
46,4567,-122.06691107872827
46,4568,-122.06691107872827
46,4569,-122.06691107872827
46,4570,-122.06691107872827
46,4571,-122.06691107872827
46,4572,-122.06691107872827
46,4573,-122.06691107872827
46,4574,-122.06691107872827
46,4575,-122.06691107872827
46,4576,-122.06691107872827
46,4577,-122.06691107872827
46,4578,-122.06691107872827
46,4579,-122.06691107872827
46,4580,-122.06691107872827
46,4581,-122.06691107872827
46,4582,-122.06691107872827
46,4583,-122.06691107872827
46,4584,-122.06691107872827
46,4585,-122.06691107872827
46,4586,-122.06691107872827
46,4587,-122.06691107872827
46,4588,-122.06691107872827
46,4589,-122.06691107872827
46,4590,-122.06691107872827
46,4591,-83.00240222841853
46,4592,-83.00240222841853
46,4593,-83.00240222841853
46,4594,-83.00240222841853
46,4595,-83.00240222841853
46,4596,-83.00240222841853
46,4597,-83.00240222841853
46,4598,-83.00240222841853
46,4599,-83.00240222841853
46,4600,-83.00240222841853
46,4601,-83.00240222841853
46,4602,-83.00240222841853
46,4603,-83.00240222841853
46,4604,-83.00240222841853
46,4605,-83.00240222841853
46,4606,-83.00240222841853
46,4607,-83.00240222841853
46,4608,-83.00240222841853
46,4609,-83.00240222841853
46,4610,-83.00240222841853
46,4611,-83.00240222841853
46,4612,-83.00240222841853
46,4613,-83.00240222841853
46,4614,-83.00240222841853
46,4615,-83.00240222841853
46,4616,-83.00240222841853
46,4617,-83.00240222841853
46,4618,-83.00240222841853
46,4619,-83.00240222841853
46,4620,-83.00240222841853
46,4621,-83.00240222841853
46,4622,-83.00240222841853
46,4623,-83.00240222841853
46,4624,-83.00240222841853
46,4625,-83.00240222841853
46,4626,-83.00240222841853
46,4627,-83.00240222841853
46,4628,-83.00240222841853
46,4629,-83.00240222841853
46,4630,-83.00240222841853
46,4631,-83.00240222841853
46,4632,-83.00240222841853
46,4633,-83.00240222841853
46,4634,-83.00240222841853
46,4635,-83.00240222841853
46,4636,-83.00240222841853
46,4637,-83.00240222841853
46,4638,-83.00240222841853
46,4639,-83.00240222841853
46,4640,-83.00240222841853
47,4641,-83.00240222841853
47,4642,-83.00240222841853
47,4643,-83.00240222841853
47,4644,-83.00240222841853
47,4645,-83.00240222841853
47,4646,-83.00240222841853
47,4647,-83.00240222841853
47,4648,-83.00240222841853
47,4649,-83.00240222841853
47,4650,-83.00240222841853
47,4651,-83.00240222841853
47,4652,-83.00240222841853
47,4653,-83.00240222841853
47,4654,-83.00240222841853
47,4655,-83.00240222841853
47,4656,-83.00240222841853
47,4657,-83.00240222841853
47,4658,-83.00240222841853
47,4659,-83.00240222841853
47,4660,-83.00240222841853
47,4661,-83.00240222841853
47,4662,-83.00240222841853
47,4663,-83.00240222841853
47,4664,-83.00240222841853
47,4665,-83.00240222841853
47,4666,-83.00240222841853
47,4667,-83.00240222841853
47,4668,-83.00240222841853
47,4669,-83.00240222841853
47,4670,-83.00240222841853
47,4671,-83.00240222841853
47,4672,-83.00240222841853
47,4673,-83.00240222841853
47,4674,-83.00240222841853
47,4675,-83.00240222841853
47,4676,-83.00240222841853
47,4677,-83.00240222841853
47,4678,-83.00240222841853
47,4679,-83.00240222841853
47,4680,-83.00240222841853
47,4681,-83.00240222841853
47,4682,-83.00240222841853
47,4683,-83.00240222841853
47,4684,-83.00240222841853
47,4685,-83.00240222841853
47,4686,-83.00240222841853
47,4687,-83.00240222841853
47,4688,-83.00240222841853
47,4689,-83.00240222841853
47,4690,-83.00240222841853
47,4691,-83.00240222841853
47,4692,-48.43944296765463
47,4693,-48.43944296765463
47,4694,-48.43944296765463
47,4695,-48.43944296765463
47,4696,-48.43944296765463
47,4697,-48.43944296765463
47,4698,-48.43944296765463
47,4699,-48.43944296765463
47,4700,-48.43944296765463
47,4701,-48.43944296765463
47,4702,-48.43944296765463
47,4703,-48.43944296765463
47,4704,-48.43944296765463
47,4705,-48.43944296765463
47,4706,-48.43944296765463
47,4707,-48.43944296765463
47,4708,-48.43944296765463
47,4709,-48.43944296765463
47,4710,-48.43944296765463
47,4711,-48.43944296765463
47,4712,-48.43944296765463
47,4713,-48.43944296765463
47,4714,-48.43944296765463
47,4715,-48.43944296765463
47,4716,-48.43944296765463
47,4717,-48.43944296765463
47,4718,-48.43944296765463
47,4719,-48.43944296765463
47,4720,-48.43944296765463
47,4721,-48.43944296765463
47,4722,-48.43944296765463
47,4723,-48.43944296765463
47,4724,-48.43944296765463
47,4725,-48.43944296765463
47,4726,-48.43944296765463
47,4727,-48.43944296765463
47,4728,-48.43944296765463
47,4729,-48.43944296765463
47,4730,-48.43944296765463
47,4731,-48.43944296765463
47,4732,-48.43944296765463
47,4733,-48.43944296765463
47,4734,-48.43944296765463
47,4735,-48.43944296765463
47,4736,-48.43944296765463
47,4737,-48.43944296765463
47,4738,-48.43944296765463
47,4739,-48.43944296765463
47,4740,-48.43944296765463
47,4741,-48.43944296765463
48,4742,-48.43944296765463
48,4743,-48.43944296765463
48,4744,-48.43944296765463
48,4745,-48.43944296765463
48,4746,-48.43944296765463
48,4747,-48.43944296765463
48,4748,-48.43944296765463
48,4749,-48.43944296765463
48,4750,-48.43944296765463
48,4751,-48.43944296765463
48,4752,-48.43944296765463
48,4753,-48.43944296765463
48,4754,-48.43944296765463
48,4755,-48.43944296765463
48,4756,-48.43944296765463
48,4757,-48.43944296765463
48,4758,-48.43944296765463
48,4759,-48.43944296765463
48,4760,-48.43944296765463
48,4761,-48.43944296765463
48,4762,-48.43944296765463
48,4763,-48.43944296765463
48,4764,-48.43944296765463
48,4765,-48.43944296765463
48,4766,-48.43944296765463
48,4767,-48.43944296765463
48,4768,-48.43944296765463
48,4769,-48.43944296765463
48,4770,-48.43944296765463
48,4771,-48.43944296765463
48,4772,-48.43944296765463
48,4773,-48.43944296765463
48,4774,-48.43944296765463
48,4775,-48.43944296765463
48,4776,-48.43944296765463
48,4777,-48.43944296765463
48,4778,-48.43944296765463
48,4779,-48.43944296765463
48,4780,-48.43944296765463
48,4781,-48.43944296765463
48,4782,-48.43944296765463
48,4783,-48.43944296765463
48,4784,-48.43944296765463
48,4785,-48.43944296765463
48,4786,-48.43944296765463
48,4787,-48.43944296765463
48,4788,-48.43944296765463
48,4789,-48.43944296765463
48,4790,-48.43944296765463
48,4791,-48.43944296765463
48,4792,-48.43944296765463
48,4793,-18.58302140841782
48,4794,-18.58302140841782
48,4795,-18.58302140841782
48,4796,-18.58302140841782
48,4797,-18.58302140841782
48,4798,-18.58302140841782
48,4799,-18.58302140841782
48,4800,-18.58302140841782
48,4801,-18.58302140841782
48,4802,-18.58302140841782
48,4803,-18.58302140841782
48,4804,-18.58302140841782
48,4805,-18.58302140841782
48,4806,-18.58302140841782
48,4807,-18.58302140841782
48,4808,-18.58302140841782
48,4809,-18.58302140841782
48,4810,-18.58302140841782
48,4811,-18.58302140841782
48,4812,-18.58302140841782
48,4813,-18.58302140841782
48,4814,-18.58302140841782
48,4815,-18.58302140841782
48,4816,-18.58302140841782
48,4817,-18.58302140841782
48,4818,-18.58302140841782
48,4819,-18.58302140841782
48,4820,-18.58302140841782
48,4821,-18.58302140841782
48,4822,-18.58302140841782
48,4823,-18.58302140841782
48,4824,-18.58302140841782
48,4825,-18.58302140841782
48,4826,-18.58302140841782
48,4827,-18.58302140841782
48,4828,-18.58302140841782
48,4829,-18.58302140841782
48,4830,-18.58302140841782
48,4831,-18.58302140841782
48,4832,-18.58302140841782
48,4833,-18.58302140841782
48,4834,-18.58302140841782
48,4835,-18.58302140841782
48,4836,-18.58302140841782
48,4837,-18.58302140841782
48,4838,-18.58302140841782
48,4839,-18.58302140841782
48,4840,-18.58302140841782
48,4841,-18.58302140841782
48,4842,-18.58302140841782
49,4843,-18.58302140841782
49,4844,-18.58302140841782
49,4845,-18.58302140841782
49,4846,-18.58302140841782
49,4847,-18.58302140841782
49,4848,-18.58302140841782
49,4849,-18.58302140841782
49,4850,-18.58302140841782
49,4851,-18.58302140841782
49,4852,-18.58302140841782
49,4853,-18.58302140841782
49,4854,-18.58302140841782
49,4855,-18.58302140841782
49,4856,-18.58302140841782
49,4857,-18.58302140841782
49,4858,-18.58302140841782
49,4859,-18.58302140841782
49,4860,-18.58302140841782
49,4861,-18.58302140841782
49,4862,-18.58302140841782
49,4863,-18.58302140841782
49,4864,-18.58302140841782
49,4865,-18.58302140841782
49,4866,-18.58302140841782
49,4867,-18.58302140841782
49,4868,-18.58302140841782
49,4869,-18.58302140841782
49,4870,-18.58302140841782
49,4871,-18.58302140841782
49,4872,-18.58302140841782
49,4873,-18.58302140841782
49,4874,-18.58302140841782
49,4875,-18.58302140841782
49,4876,-18.58302140841782
49,4877,-18.58302140841782
49,4878,-18.58302140841782
49,4879,-18.58302140841782
49,4880,-18.58302140841782
49,4881,-18.58302140841782
49,4882,-18.58302140841782
49,4883,-18.58302140841782
49,4884,-18.58302140841782
49,4885,-18.58302140841782
49,4886,-18.58302140841782
49,4887,-18.58302140841782
49,4888,-18.58302140841782
49,4889,-18.58302140841782
49,4890,-18.58302140841782
49,4891,-18.58302140841782
49,4892,-18.58302140841782
49,4893,-18.58302140841782
49,4894,5.778686477167071
49,4895,5.778686477167071
49,4896,5.778686477167071
49,4897,5.778686477167071
49,4898,5.778686477167071
49,4899,5.778686477167071
49,4900,5.778686477167071
49,4901,5.778686477167071
49,4902,5.778686477167071
49,4903,5.778686477167071
49,4904,5.778686477167071
49,4905,5.778686477167071
49,4906,5.778686477167071
49,4907,5.778686477167071
49,4908,5.778686477167071
49,4909,5.778686477167071
49,4910,5.778686477167071
49,4911,5.778686477167071
49,4912,5.778686477167071
49,4913,5.778686477167071
49,4914,5.778686477167071
49,4915,5.778686477167071
49,4916,5.778686477167071
49,4917,5.778686477167071
49,4918,5.778686477167071
49,4919,5.778686477167071
49,4920,5.778686477167071
49,4921,5.778686477167071
49,4922,5.778686477167071
49,4923,5.778686477167071
49,4924,5.778686477167071
49,4925,5.778686477167071
49,4926,5.778686477167071
49,4927,5.778686477167071
49,4928,5.778686477167071
49,4929,5.778686477167071
49,4930,5.778686477167071
49,4931,5.778686477167071
49,4932,5.778686477167071
49,4933,5.778686477167071
49,4934,5.778686477167071
49,4935,5.778686477167071
49,4936,5.778686477167071
49,4937,5.778686477167071
49,4938,5.778686477167071
49,4939,5.778686477167071
49,4940,5.778686477167071
49,4941,5.778686477167071
49,4942,5.778686477167071
49,4943,5.778686477167071
50,4944,5.778686477167071
50,4945,5.778686477167071
50,4946,5.778686477167071
50,4947,5.778686477167071
50,4948,5.778686477167071
50,4949,5.778686477167071
50,4950,5.778686477167071
50,4951,5.778686477167071
50,4952,5.778686477167071
50,4953,5.778686477167071
50,4954,5.778686477167071
50,4955,5.778686477167071
50,4956,5.778686477167071
50,4957,5.778686477167071
50,4958,5.778686477167071
50,4959,5.778686477167071
50,4960,5.778686477167071
50,4961,5.778686477167071
50,4962,5.778686477167071
50,4963,5.778686477167071
50,4964,5.778686477167071
50,4965,5.778686477167071
50,4966,5.778686477167071
50,4967,5.778686477167071
50,4968,5.778686477167071
50,4969,5.778686477167071
50,4970,5.778686477167071
50,4971,5.778686477167071
50,4972,5.778686477167071
50,4973,5.778686477167071
50,4974,5.778686477167071
50,4975,5.778686477167071
50,4976,5.778686477167071
50,4977,5.778686477167071
50,4978,5.778686477167071
50,4979,5.778686477167071
50,4980,5.778686477167071
50,4981,5.778686477167071
50,4982,5.778686477167071
50,4983,5.778686477167071
50,4984,5.778686477167071
50,4985,5.778686477167071
50,4986,5.778686477167071
50,4987,5.778686477167071
50,4988,5.778686477167071
50,4989,5.778686477167071
50,4990,5.778686477167071
50,4991,5.778686477167071
50,4992,5.778686477167071
50,4993,5.778686477167071
50,4994,5.778686477167071
50,4995,23.143944884666322
50,4996,23.143944884666322
50,4997,23.143944884666322
50,4998,23.143944884666322
50,4999,23.143944884666322
50,5000,23.143944884666322
50,5001,23.143944884666322
50,5002,23.143944884666322
50,5003,23.143944884666322
50,5004,23.143944884666322
50,5005,23.143944884666322
50,5006,23.143944884666322
50,5007,23.143944884666322
50,5008,23.143944884666322
50,5009,23.143944884666322
50,5010,23.143944884666322
50,5011,23.143944884666322
50,5012,23.143944884666322
50,5013,23.143944884666322
50,5014,23.143944884666322
50,5015,23.143944884666322
50,5016,23.143944884666322
50,5017,23.143944884666322
50,5018,23.143944884666322
50,5019,23.143944884666322
50,5020,23.143944884666322
50,5021,23.143944884666322
50,5022,23.143944884666322
50,5023,23.143944884666322
50,5024,23.143944884666322
50,5025,23.143944884666322
50,5026,23.143944884666322
50,5027,23.143944884666322
50,5028,23.143944884666322
50,5029,23.143944884666322
50,5030,23.143944884666322
50,5031,23.143944884666322
50,5032,23.143944884666322
50,5033,23.143944884666322
50,5034,23.143944884666322
50,5035,23.143944884666322
50,5036,23.143944884666322
50,5037,23.143944884666322
50,5038,23.143944884666322
50,5039,23.143944884666322
50,5040,23.143944884666322
50,5041,23.143944884666322
50,5042,23.143944884666322
50,5043,23.143944884666322
50,5044,23.143944884666322
51,5045,23.143944884666322
51,5046,23.143944884666322
51,5047,23.143944884666322
51,5048,23.143944884666322
51,5049,23.143944884666322
51,5050,23.143944884666322
51,5051,23.143944884666322
51,5052,23.143944884666322
51,5053,23.143944884666322
51,5054,23.143944884666322
51,5055,23.143944884666322
51,5056,23.143944884666322
51,5057,23.143944884666322
51,5058,23.143944884666322
51,5059,23.143944884666322
51,5060,23.143944884666322
51,5061,23.143944884666322
51,5062,23.143944884666322
51,5063,23.143944884666322
51,5064,23.143944884666322
51,5065,23.143944884666322
51,5066,23.143944884666322
51,5067,23.143944884666322
51,5068,23.143944884666322
51,5069,23.143944884666322
51,5070,23.143944884666322
51,5071,23.143944884666322
51,5072,23.143944884666322
51,5073,23.143944884666322
51,5074,23.143944884666322
51,5075,23.143944884666322
51,5076,23.143944884666322
51,5077,23.143944884666322
51,5078,23.143944884666322
51,5079,23.143944884666322
51,5080,23.143944884666322
51,5081,23.143944884666322
51,5082,23.143944884666322
51,5083,23.143944884666322
51,5084,23.143944884666322
51,5085,23.143944884666322
51,5086,23.143944884666322
51,5087,23.143944884666322
51,5088,23.143944884666322
51,5089,23.143944884666322
51,5090,23.143944884666322
51,5091,23.143944884666322
51,5092,23.143944884666322
51,5093,23.143944884666322
51,5094,23.143944884666322
51,5095,23.143944884666322
51,5096,32.38252658454879
51,5097,32.38252658454879
51,5098,32.38252658454879
51,5099,32.38252658454879
51,5100,32.38252658454879
51,5101,32.38252658454879
51,5102,32.38252658454879
51,5103,32.38252658454879
51,5104,32.38252658454879
51,5105,32.38252658454879
51,5106,32.38252658454879
51,5107,32.38252658454879
51,5108,32.38252658454879
51,5109,32.38252658454879
51,5110,32.38252658454879
51,5111,32.38252658454879
51,5112,32.38252658454879
51,5113,32.38252658454879
51,5114,32.38252658454879
51,5115,32.38252658454879
51,5116,32.38252658454879
51,5117,32.38252658454879
51,5118,32.38252658454879
51,5119,32.38252658454879
51,5120,32.38252658454879
51,5121,32.38252658454879
51,5122,32.38252658454879
51,5123,32.38252658454879
51,5124,32.38252658454879
51,5125,32.38252658454879
51,5126,32.38252658454879
51,5127,32.38252658454879
51,5128,32.38252658454879
51,5129,32.38252658454879
51,5130,32.38252658454879
51,5131,32.38252658454879
51,5132,32.38252658454879
51,5133,32.38252658454879
51,5134,32.38252658454879
51,5135,32.38252658454879
51,5136,32.38252658454879
51,5137,32.38252658454879
51,5138,32.38252658454879
51,5139,32.38252658454879
51,5140,32.38252658454879
51,5141,32.38252658454879
51,5142,32.38252658454879
51,5143,32.38252658454879
51,5144,32.38252658454879
51,5145,32.38252658454879
52,5146,32.38252658454879
52,5147,32.38252658454879
52,5148,32.38252658454879
52,5149,32.38252658454879
52,5150,32.38252658454879
52,5151,32.38252658454879
52,5152,32.38252658454879
52,5153,32.38252658454879
52,5154,32.38252658454879
52,5155,32.38252658454879
52,5156,32.38252658454879
52,5157,32.38252658454879
52,5158,32.38252658454879
52,5159,32.38252658454879
52,5160,32.38252658454879
52,5161,32.38252658454879
52,5162,32.38252658454879
52,5163,32.38252658454879
52,5164,32.38252658454879
52,5165,32.38252658454879
52,5166,32.38252658454879
52,5167,32.38252658454879
52,5168,32.38252658454879
52,5169,32.38252658454879
52,5170,32.38252658454879
52,5171,32.38252658454879
52,5172,32.38252658454879
52,5173,32.38252658454879
52,5174,32.38252658454879
52,5175,32.38252658454879
52,5176,32.38252658454879
52,5177,32.38252658454879
52,5178,32.38252658454879
52,5179,32.38252658454879
52,5180,32.38252658454879
52,5181,32.38252658454879
52,5182,32.38252658454879
52,5183,32.38252658454879
52,5184,32.38252658454879
52,5185,32.38252658454879
52,5186,32.38252658454879
52,5187,32.38252658454879
52,5188,32.38252658454879
52,5189,32.38252658454879
52,5190,32.38252658454879
52,5191,32.38252658454879
52,5192,32.38252658454879
52,5193,32.38252658454879
52,5194,32.38252658454879
52,5195,32.38252658454879
52,5196,33.13303738754083
52,5197,33.13303738754083
52,5198,33.13303738754083
52,5199,33.13303738754083
52,5200,33.13303738754083
52,5201,33.13303738754083
52,5202,33.13303738754083
52,5203,33.13303738754083
52,5204,33.13303738754083
52,5205,33.13303738754083
52,5206,33.13303738754083
52,5207,33.13303738754083
52,5208,33.13303738754083
52,5209,33.13303738754083
52,5210,33.13303738754083
52,5211,33.13303738754083
52,5212,33.13303738754083
52,5213,33.13303738754083
52,5214,33.13303738754083
52,5215,33.13303738754083
52,5216,33.13303738754083
52,5217,33.13303738754083
52,5218,33.13303738754083
52,5219,33.13303738754083
52,5220,33.13303738754083
52,5221,33.13303738754083
52,5222,33.13303738754083
52,5223,33.13303738754083
52,5224,33.13303738754083
52,5225,33.13303738754083
52,5226,33.13303738754083
52,5227,33.13303738754083
52,5228,33.13303738754083
52,5229,33.13303738754083
52,5230,33.13303738754083
52,5231,33.13303738754083
52,5232,33.13303738754083
52,5233,33.13303738754083
52,5234,33.13303738754083
52,5235,33.13303738754083
52,5236,33.13303738754083
52,5237,33.13303738754083
52,5238,33.13303738754083
52,5239,33.13303738754083
52,5240,33.13303738754083
52,5241,33.13303738754083
52,5242,33.13303738754083
52,5243,33.13303738754083
52,5244,33.13303738754083
52,5245,33.13303738754083
53,5246,33.13303738754083
53,5247,33.13303738754083
53,5248,33.13303738754083
53,5249,33.13303738754083
53,5250,33.13303738754083
53,5251,33.13303738754083
53,5252,33.13303738754083
53,5253,33.13303738754083
53,5254,33.13303738754083
53,5255,33.13303738754083
53,5256,33.13303738754083
53,5257,33.13303738754083
53,5258,33.13303738754083
53,5259,33.13303738754083
53,5260,33.13303738754083
53,5261,33.13303738754083
53,5262,33.13303738754083
53,5263,33.13303738754083
53,5264,33.13303738754083
53,5265,33.13303738754083
53,5266,33.13303738754083
53,5267,33.13303738754083
53,5268,33.13303738754083
53,5269,33.13303738754083
53,5270,33.13303738754083
53,5271,33.13303738754083
53,5272,33.13303738754083
53,5273,33.13303738754083
53,5274,33.13303738754083
53,5275,33.13303738754083
53,5276,33.13303738754083
53,5277,33.13303738754083
53,5278,33.13303738754083
53,5279,33.13303738754083
53,5280,33.13303738754083
53,5281,33.13303738754083
53,5282,33.13303738754083
53,5283,33.13303738754083
53,5284,33.13303738754083
53,5285,33.13303738754083
53,5286,33.13303738754083
53,5287,33.13303738754083
53,5288,33.13303738754083
53,5289,33.13303738754083
53,5290,33.13303738754083
53,5291,33.13303738754083
53,5292,33.13303738754083
53,5293,33.13303738754083
53,5294,33.13303738754083
53,5295,33.13303738754083
53,5296,33.13303738754083
53,5297,25.99336597017531
53,5298,25.99336597017531
53,5299,25.99336597017531
53,5300,25.99336597017531
53,5301,25.99336597017531
53,5302,25.99336597017531
53,5303,25.99336597017531
53,5304,25.99336597017531
53,5305,25.99336597017531
53,5306,25.99336597017531
53,5307,25.99336597017531
53,5308,25.99336597017531
53,5309,25.99336597017531
53,5310,25.99336597017531
53,5311,25.99336597017531
53,5312,25.99336597017531
53,5313,25.99336597017531
53,5314,25.99336597017531
53,5315,25.99336597017531
53,5316,25.99336597017531
53,5317,25.99336597017531
53,5318,25.99336597017531
53,5319,25.99336597017531
53,5320,25.99336597017531
53,5321,25.99336597017531
53,5322,25.99336597017531
53,5323,25.99336597017531
53,5324,25.99336597017531
53,5325,25.99336597017531
53,5326,25.99336597017531
53,5327,25.99336597017531
53,5328,25.99336597017531
53,5329,25.99336597017531
53,5330,25.99336597017531
53,5331,25.99336597017531
53,5332,25.99336597017531
53,5333,25.99336597017531
53,5334,25.99336597017531
53,5335,25.99336597017531
53,5336,25.99336597017531
53,5337,25.99336597017531
53,5338,25.99336597017531
53,5339,25.99336597017531
53,5340,25.99336597017531
53,5341,25.99336597017531
53,5342,25.99336597017531
53,5343,25.99336597017531
53,5344,25.99336597017531
53,5345,25.99336597017531
53,5346,25.99336597017531
54,5347,25.99336597017531
54,5348,25.99336597017531
54,5349,25.99336597017531
54,5350,25.99336597017531
54,5351,25.99336597017531
54,5352,25.99336597017531
54,5353,25.99336597017531
54,5354,25.99336597017531
54,5355,25.99336597017531
54,5356,25.99336597017531
54,5357,25.99336597017531
54,5358,25.99336597017531
54,5359,25.99336597017531
54,5360,25.99336597017531
54,5361,25.99336597017531
54,5362,25.99336597017531
54,5363,25.99336597017531
54,5364,25.99336597017531
54,5365,25.99336597017531
54,5366,25.99336597017531
54,5367,25.99336597017531
54,5368,25.99336597017531
54,5369,25.99336597017531
54,5370,25.99336597017531
54,5371,25.99336597017531
54,5372,25.99336597017531
54,5373,25.99336597017531
54,5374,25.99336597017531
54,5375,25.99336597017531
54,5376,25.99336597017531
54,5377,25.99336597017531
54,5378,25.99336597017531
54,5379,25.99336597017531
54,5380,25.99336597017531
54,5381,25.99336597017531
54,5382,25.99336597017531
54,5383,25.99336597017531
54,5384,25.99336597017531
54,5385,25.99336597017531
54,5386,25.99336597017531
54,5387,25.99336597017531
54,5388,25.99336597017531
54,5389,25.99336597017531
54,5390,25.99336597017531
54,5391,25.99336597017531
54,5392,25.99336597017531
54,5393,25.99336597017531
54,5394,25.99336597017531
54,5395,25.99336597017531
54,5396,25.99336597017531
54,5397,25.99336597017531
54,5398,13.73545380004218
54,5399,13.73545380004218
54,5400,13.73545380004218
54,5401,13.73545380004218
54,5402,13.73545380004218
54,5403,13.73545380004218
54,5404,13.73545380004218
54,5405,13.73545380004218
54,5406,13.73545380004218
54,5407,13.73545380004218
54,5408,13.73545380004218
54,5409,13.73545380004218
54,5410,13.73545380004218
54,5411,13.73545380004218
54,5412,13.73545380004218
54,5413,13.73545380004218
54,5414,13.73545380004218
54,5415,13.73545380004218
54,5416,13.73545380004218
54,5417,13.73545380004218
54,5418,13.73545380004218
54,5419,13.73545380004218
54,5420,13.73545380004218
54,5421,13.73545380004218
54,5422,13.73545380004218
54,5423,13.73545380004218
54,5424,13.73545380004218
54,5425,13.73545380004218
54,5426,13.73545380004218
54,5427,13.73545380004218
54,5428,13.73545380004218
54,5429,13.73545380004218
54,5430,13.73545380004218
54,5431,13.73545380004218
54,5432,13.73545380004218
54,5433,13.73545380004218
54,5434,13.73545380004218
54,5435,13.73545380004218
54,5436,13.73545380004218
54,5437,13.73545380004218
54,5438,13.73545380004218
54,5439,13.73545380004218
54,5440,13.73545380004218
54,5441,13.73545380004218
54,5442,13.73545380004218
54,5443,13.73545380004218
54,5444,13.73545380004218
54,5445,13.73545380004218
54,5446,13.73545380004218
54,5447,13.73545380004218
55,5448,13.73545380004218
55,5449,13.73545380004218
55,5450,13.73545380004218
55,5451,13.73545380004218
55,5452,13.73545380004218
55,5453,13.73545380004218
55,5454,13.73545380004218
55,5455,13.73545380004218
55,5456,13.73545380004218
55,5457,13.73545380004218
55,5458,13.73545380004218
55,5459,13.73545380004218
55,5460,13.73545380004218
55,5461,13.73545380004218
55,5462,13.73545380004218
55,5463,13.73545380004218
55,5464,13.73545380004218
55,5465,13.73545380004218
55,5466,13.73545380004218
55,5467,13.73545380004218
55,5468,13.73545380004218
55,5469,13.73545380004218
55,5470,13.73545380004218
55,5471,13.73545380004218
55,5472,13.73545380004218
55,5473,13.73545380004218
55,5474,13.73545380004218
55,5475,13.73545380004218
55,5476,13.73545380004218
55,5477,13.73545380004218
55,5478,13.73545380004218
55,5479,13.73545380004218
55,5480,13.73545380004218
55,5481,13.73545380004218
55,5482,13.73545380004218
55,5483,13.73545380004218
55,5484,13.73545380004218
55,5485,13.73545380004218
55,5486,13.73545380004218
55,5487,13.73545380004218
55,5488,13.73545380004218
55,5489,13.73545380004218
55,5490,13.73545380004218
55,5491,13.73545380004218
55,5492,13.73545380004218
55,5493,13.73545380004218
55,5494,13.73545380004218
55,5495,13.73545380004218
55,5496,13.73545380004218
55,5497,13.73545380004218
55,5498,13.73545380004218
55,5499,2.882554727565557
55,5500,2.882554727565557
55,5501,2.882554727565557
55,5502,2.882554727565557
55,5503,2.882554727565557
55,5504,2.882554727565557
55,5505,2.882554727565557
55,5506,2.882554727565557
55,5507,2.882554727565557
55,5508,2.882554727565557
55,5509,2.882554727565557
55,5510,2.882554727565557
55,5511,2.882554727565557
55,5512,2.882554727565557
55,5513,2.882554727565557
55,5514,2.882554727565557
55,5515,2.882554727565557
55,5516,2.882554727565557
55,5517,2.882554727565557
55,5518,2.882554727565557
55,5519,2.882554727565557
55,5520,2.882554727565557
55,5521,2.882554727565557
55,5522,2.882554727565557
55,5523,2.882554727565557
55,5524,2.882554727565557
55,5525,2.882554727565557
55,5526,2.882554727565557
55,5527,2.882554727565557
55,5528,2.882554727565557
55,5529,2.882554727565557
55,5530,2.882554727565557
55,5531,2.882554727565557
55,5532,2.882554727565557
55,5533,2.882554727565557
55,5534,2.882554727565557
55,5535,2.882554727565557
55,5536,2.882554727565557
55,5537,2.882554727565557
55,5538,2.882554727565557
55,5539,2.882554727565557
55,5540,2.882554727565557
55,5541,2.882554727565557
55,5542,2.882554727565557
55,5543,2.882554727565557
55,5544,2.882554727565557
55,5545,2.882554727565557
55,5546,2.882554727565557
55,5547,2.882554727565557
55,5548,2.882554727565557
56,5549,2.882554727565557
56,5550,2.882554727565557
56,5551,2.882554727565557
56,5552,2.882554727565557
56,5553,2.882554727565557
56,5554,2.882554727565557
56,5555,2.882554727565557
56,5556,2.882554727565557
56,5557,2.882554727565557
56,5558,2.882554727565557
56,5559,2.882554727565557
56,5560,2.882554727565557
56,5561,2.882554727565557
56,5562,2.882554727565557
56,5563,2.882554727565557
56,5564,2.882554727565557
56,5565,2.882554727565557
56,5566,2.882554727565557
56,5567,2.882554727565557
56,5568,2.882554727565557
56,5569,2.882554727565557
56,5570,2.882554727565557
56,5571,2.882554727565557
56,5572,2.882554727565557
56,5573,2.882554727565557
56,5574,2.882554727565557
56,5575,2.882554727565557
56,5576,2.882554727565557
56,5577,2.882554727565557
56,5578,2.882554727565557
56,5579,2.882554727565557
56,5580,2.882554727565557
56,5581,2.882554727565557
56,5582,2.882554727565557
56,5583,2.882554727565557
56,5584,2.882554727565557
56,5585,2.882554727565557
56,5586,2.882554727565557
56,5587,2.882554727565557
56,5588,2.882554727565557
56,5589,2.882554727565557
56,5590,2.882554727565557
56,5591,2.882554727565557
56,5592,2.882554727565557
56,5593,2.882554727565557
56,5594,2.882554727565557
56,5595,2.882554727565557
56,5596,2.882554727565557
56,5597,2.882554727565557
56,5598,2.882554727565557
56,5599,2.882554727565557
56,5600,2.8171601615945008e-06
56,5601,2.8171601615945008e-06
56,5602,2.8171601615945008e-06
56,5603,2.8171601615945008e-06
56,5604,2.8171601615945008e-06
56,5605,2.8171601615945008e-06
56,5606,2.8171601615945008e-06
56,5607,2.8171601615945008e-06
56,5608,2.8171601615945008e-06
56,5609,2.8171601615945008e-06
56,5610,2.8171601615945008e-06
56,5611,2.8171601615945008e-06
56,5612,2.8171601615945008e-06
56,5613,2.8171601615945008e-06
56,5614,2.8171601615945008e-06
56,5615,2.8171601615945008e-06
56,5616,2.8171601615945008e-06
56,5617,2.8171601615945008e-06
56,5618,2.8171601615945008e-06
56,5619,2.8171601615945008e-06
56,5620,2.8171601615945008e-06
56,5621,2.8171601615945008e-06
56,5622,2.8171601615945008e-06
56,5623,2.8171601615945008e-06
56,5624,2.8171601615945008e-06
56,5625,2.8171601615945008e-06
56,5626,2.8171601615945008e-06
56,5627,2.8171601615945008e-06
56,5628,2.8171601615945008e-06
56,5629,2.8171601615945008e-06
56,5630,2.8171601615945008e-06
56,5631,2.8171601615945008e-06
56,5632,2.8171601615945008e-06
56,5633,2.8171601615945008e-06
56,5634,2.8171601615945008e-06
56,5635,2.8171601615945008e-06
56,5636,2.8171601615945008e-06
56,5637,2.8171601615945008e-06
56,5638,2.8171601615945008e-06
56,5639,2.8171601615945008e-06
56,5640,2.8171601615945008e-06
56,5641,2.8171601615945008e-06
56,5642,2.8171601615945008e-06
56,5643,2.8171601615945008e-06
56,5644,2.8171601615945008e-06
56,5645,2.8171601615945008e-06
56,5646,2.8171601615945008e-06
56,5647,2.8171601615945008e-06
56,5648,2.8171601615945008e-06
56,5649,2.8171601615945008e-06
