Station,Length,Moment
0,0,0.0
0,1,0.0
0,2,0.0
0,3,0.0
0,4,0.0
0,5,0.0
0,6,0.0
0,7,0.0
0,8,0.0
0,9,0.0
0,10,0.0
0,11,0.0
0,12,0.0
0,13,0.0
0,14,0.0
0,15,0.0
0,16,0.0
0,17,0.0
0,18,0.0
0,19,0.0
0,20,0.0
0,21,0.0
0,22,0.0
0,23,0.0
0,24,0.0
0,25,0.0
0,26,0.0
0,27,0.0
0,28,0.0
0,29,0.0
0,30,0.0
0,31,0.0
0,32,0.0
0,33,0.0
0,34,0.0
0,35,0.0
0,36,0.0
0,37,0.0
0,38,0.0
0,39,0.0
0,40,0.0
0,41,0.0
0,42,0.0
0,43,0.0
0,44,0.0
0,45,0.0
0,46,0.0
0,47,0.0
0,48,0.0
0,49,0.0
0,50,0.0
0,51,-0.0023060415283243205
0,52,-0.004612083056648641
0,53,-0.006918124584972962
0,54,-0.009224166113297282
0,55,-0.011530207641621602
0,56,-0.013836249169945922
0,57,-0.016142290698270244
0,58,-0.018448332226594564
0,59,-0.020754373754918884
0,60,-0.023060415283243204
0,61,-0.025366456811567524
0,62,-0.027672498339891844
0,63,-0.029978539868216164
0,64,-0.03228458139654049
0,65,-0.03459062292486481
0,66,-0.036896664453189135
0,67,-0.03920270598151346
0,68,-0.04150874750983778
0,69,-0.043814789038162105
0,70,-0.04612083056648643
0,71,-0.04842687209481075
0,72,-0.050732913623135076
0,73,-0.0530389551514594
0,74,-0.05534499667978372
0,75,-0.057651038208108046
0,76,-0.05995707973643237
0,77,-0.06226312126475669
0,78,-0.06456916279308102
0,79,-0.06687520432140534
0,80,-0.06918124584972966
0,81,-0.07148728737805399
0,82,-0.07379332890637831
0,83,-0.07609937043470263
0,84,-0.07840541196302696
0,85,-0.08071145349135128
0,86,-0.0830174950196756
0,87,-0.08532353654799993
0,88,-0.08762957807632425
0,89,-0.08993561960464858
0,90,-0.0922416611329729
0,91,-0.09454770266129722
0,92,-0.09685374418962155
0,93,-0.09915978571794587
0,94,-0.1014658272462702
0,95,-0.10377186877459452
0,96,-0.10607791030291884
0,97,-0.10838395183124316
0,98,-0.11068999335956749
0,99,-0.11299603488789181
0,100,-0.11530207641621613
1,101,-0.11760811794454046
1,102,-0.11991415947286478
1,103,-0.1222202010011891
1,104,-0.12452624252951343
1,105,-0.12683228405783775
1,106,-0.12913832558616206
1,107,-0.13144436711448637
1,108,-0.13375040864281068
1,109,-0.136056450171135
1,110,-0.1383624916994593
1,111,-0.1406685332277836
1,112,-0.14297457475610792
1,113,-0.14528061628443223
1,114,-0.14758665781275654
1,115,-0.14989269934108085
1,116,-0.15219874086940516
1,117,-0.15450478239772947
1,118,-0.15681082392605378
1,119,-0.1591168654543781
1,120,-0.1614229069827024
1,121,-0.1637289485110267
1,122,-0.16603499003935102
1,123,-0.16834103156767533
1,124,-0.17064707309599964
1,125,-0.17295311462432394
1,126,-0.17525915615264825
1,127,-0.17756519768097256
1,128,-0.17987123920929687
1,129,-0.18217728073762118
1,130,-0.1844833222659455
1,131,-0.1867893637942698
1,132,-0.1890954053225941
1,133,-0.19140144685091842
1,134,-0.19370748837924273
1,135,-0.19601352990756704
1,136,-0.19831957143589135
1,137,-0.20062561296421566
1,138,-0.20293165449253997
1,139,-0.20523769602086428
1,140,-0.2075437375491886
1,141,-0.2098497790775129
1,142,-0.2121558206058372
1,143,-0.21446186213416152
1,144,-0.21676790366248583
1,145,-0.21907394519081014
1,146,-0.22137998671913445
1,147,-0.22368602824745876
1,148,-0.22599206977578307
1,149,-0.22829811130410738
1,150,-0.23060415283243169
1,151,-0.232910194360756
1,152,-0.2450374945617922
1,153,-0.2571647947628284
1,154,-0.2692920949638646
1,155,-0.2814193951649008
1,156,-0.29354669536593697
1,157,-0.30567399556697317
1,158,-0.31780129576800936
1,159,-0.32992859596904556
1,160,-0.34205589617008175
1,161,-0.35418319637111795
1,162,-0.36631049657215414
1,163,-0.37843779677319034
1,164,-0.39056509697422653
1,165,-0.40269239717526273
1,166,-0.4148196973762989
1,167,-0.4269469975773351
1,168,-0.4390742977783713
1,169,-0.4512015979794075
1,170,-0.4633288981804437
1,171,-0.4754561983814799
1,172,-0.4875834985825161
1,173,-0.4997107987835523
1,174,-0.5118380989845884
1,175,-0.5239653991856246
1,176,-0.5360926993866607
1,177,-0.5482199995876968
1,178,-0.560347299788733
1,179,-0.5724745999897691
1,180,-0.5846019001908053
1,181,-0.5967292003918414
1,182,-0.6088565005928775
1,183,-0.6209838007939137
1,184,-0.6331111009949498
1,185,-0.645238401195986
1,186,-0.6573657013970221
1,187,-0.6694930015980582
1,188,-0.6816203017990944
1,189,-0.6937476020001305
1,190,-0.7058749022011667
1,191,-0.7180022024022028
1,192,-0.730129502603239
1,193,-0.7422568028042751
1,194,-0.7543841030053112
1,195,-0.7665114032063474
1,196,-0.7786387034073835
1,197,-0.7907660036084196
1,198,-0.8028933038094558
1,199,-0.8150206040104919
1,200,-0.8271479042115281
1,201,-0.8392752044125642
2,202,-0.8514025046136003
2,203,-0.8635298048146365
2,204,-0.8756571050156726
2,205,-0.8877844052167088
2,206,-0.8999117054177449
2,207,-0.912039005618781
2,208,-0.9241663058198172
2,209,-0.9362936060208533
2,210,-0.9484209062218895
2,211,-0.9605482064229256
2,212,-0.9726755066239617
2,213,-0.9848028068249979
2,214,-0.996930107026034
2,215,-1.0090574072270702
2,216,-1.0211847074281064
2,217,-1.0333120076291427
2,218,-1.045439307830179
2,219,-1.0575666080312152
2,220,-1.0696939082322514
2,221,-1.0818212084332877
2,222,-1.093948508634324
2,223,-1.1060758088353602
2,224,-1.1182031090363964
2,225,-1.1303304092374327
2,226,-1.142457709438469
2,227,-1.1545850096395052
2,228,-1.1667123098405414
2,229,-1.1788396100415777
2,230,-1.190966910242614
2,231,-1.2030942104436502
2,232,-1.2152215106446864
2,233,-1.2273488108457227
2,234,-1.239476111046759
2,235,-1.2516034112477952
2,236,-1.2637307114488314
2,237,-1.2758580116498677
2,238,-1.287985311850904
2,239,-1.3001126120519402
2,240,-1.3122399122529764
2,241,-1.3243672124540127
2,242,-1.336494512655049
2,243,-1.3486218128560852
2,244,-1.3607491130571214
2,245,-1.3728764132581577
2,246,-1.385003713459194
2,247,-1.3971310136602302
2,248,-1.4092583138612664
2,249,-1.4213856140623027
2,250,-1.433512914263339
2,251,-1.4456402144643752
2,252,-1.4577675146654114
2,253,-1.485082752505889
2,254,-1.5123979903463665
2,255,-1.539713228186844
2,256,-1.5670284660273215
2,257,-1.594343703867799
2,258,-1.6216589417082765
2,259,-1.648974179548754
2,260,-1.6762894173892315
2,261,-1.703604655229709
2,262,-1.7309198930701866
2,263,-1.758235130910664
2,264,-1.7855503687511416
2,265,-1.812865606591619
2,266,-1.8401808444320966
2,267,-1.8674960822725741
2,268,-1.8948113201130516
2,269,-1.9221265579535292
2,270,-1.9494417957940067
2,271,-1.9767570336344842
2,272,-2.0040722714749615
2,273,-2.0313875093154388
2,274,-2.058702747155916
2,275,-2.0860179849963933
2,276,-2.1133332228368706
2,277,-2.140648460677348
2,278,-2.167963698517825
2,279,-2.1952789363583025
2,280,-2.22259417419878
2,281,-2.249909412039257
2,282,-2.2772246498797344
2,283,-2.3045398877202117
2,284,-2.331855125560689
2,285,-2.3591703634011663
2,286,-2.3864856012416436
2,287,-2.413800839082121
2,288,-2.441116076922598
2,289,-2.4684313147630754
2,290,-2.4957465526035527
2,291,-2.52306179044403
2,292,-2.5503770282845073
2,293,-2.5776922661249846
2,294,-2.605007503965462
2,295,-2.632322741805939
2,296,-2.6596379796464165
2,297,-2.6869532174868938
2,298,-2.714268455327371
2,299,-2.7415836931678483
2,300,-2.7688989310083256
2,301,-2.796214168848803
2,302,-2.82352940668928
3,303,-2.8508446445297575
3,304,-2.878159882370235
3,305,-2.905475120210712
3,306,-2.9327903580511894
3,307,-2.9601055958916667
3,308,-2.987420833732144
3,309,-3.0147360715726212
3,310,-3.0420513094130985
3,311,-3.069366547253576
3,312,-3.096681785094053
3,313,-3.1239970229345304
3,314,-3.1513122607750077
3,315,-3.178627498615485
3,316,-3.2059427364559623
3,317,-3.2332579742964396
3,318,-3.260573212136917
3,319,-3.287888449977394
3,320,-3.3152036878178714
3,321,-3.3425189256583487
3,322,-3.369834163498826
3,323,-3.3971494013393033
3,324,-3.4244646391797806
3,325,-3.451779877020258
3,326,-3.479095114860735
3,327,-3.5064103527012125
3,328,-3.5337255905416898
3,329,-3.561040828382167
3,330,-3.5883560662226444
3,331,-3.6156713040631216
3,332,-3.642986541903599
3,333,-3.6703017797440762
3,334,-3.6976170175845535
3,335,-3.724932255425031
3,336,-3.752247493265508
3,337,-3.7795627311059854
3,338,-3.8068779689464627
3,339,-3.83419320678694
3,340,-3.8615084446274173
3,341,-3.8888236824678946
3,342,-3.916138920308372
3,343,-3.943454158148849
3,344,-3.9707693959893264
3,345,-3.9980846338298037
3,346,-4.025399871670281
3,347,-4.052715109510759
3,348,-4.0800303473512365
3,349,-4.107345585191714
3,350,-4.134660823032192
3,351,-4.16197606087267
3,352,-4.189291298713147
3,353,-4.216606536553625
3,354,-4.2616376901401685
3,355,-4.306668843726712
3,356,-4.351699997313255
3,357,-4.396731150899798
3,358,-4.441762304486342
3,359,-4.486793458072885
3,360,-4.531824611659428
3,361,-4.576855765245972
3,362,-4.621886918832515
3,363,-4.666918072419058
3,364,-4.7119492260056015
3,365,-4.756980379592145
3,366,-4.802011533178688
3,367,-4.847042686765231
3,368,-4.892073840351775
3,369,-4.937104993938318
3,370,-4.982136147524861
3,371,-5.027167301111405
3,372,-5.072198454697948
3,373,-5.117229608284491
3,374,-5.1622607618710346
3,375,-5.207291915457578
3,376,-5.252323069044121
3,377,-5.2973542226306645
3,378,-5.342385376217208
3,379,-5.387416529803751
3,380,-5.432447683390294
3,381,-5.477478836976838
3,382,-5.522509990563381
3,383,-5.567541144149924
3,384,-5.612572297736468
3,385,-5.657603451323011
3,386,-5.702634604909554
3,387,-5.7476657584960975
3,388,-5.792696912082641
3,389,-5.837728065669184
3,390,-5.882759219255727
3,391,-5.927790372842271
3,392,-5.972821526428814
3,393,-6.017852680015357
3,394,-6.062883833601901
3,395,-6.107914987188444
3,396,-6.152946140774987
3,397,-6.1979772943615306
3,398,-6.243008447948074
3,399,-6.288039601534617
3,400,-6.3330707551211605
3,401,-6.378101908707704
3,402,-6.423133062294247
3,403,-6.46816421588079
4,404,-6.513195369467334
4,405,-6.558226523053877
4,406,-6.60325767664042
4,407,-6.648288830226964
4,408,-6.693319983813507
4,409,-6.73835113740005
4,410,-6.7833822909865935
4,411,-6.828413444573137
4,412,-6.87344459815968
4,413,-6.918475751746223
4,414,-6.963506905332767
4,415,-7.00853805891931
4,416,-7.053569212505853
4,417,-7.098600366092397
4,418,-7.14363151967894
4,419,-7.188662673265483
4,420,-7.2336938268520266
4,421,-7.27872498043857
4,422,-7.323756134025113
4,423,-7.3687872876116565
4,424,-7.4138184411982
4,425,-7.458849594784743
4,426,-7.503880748371286
4,427,-7.54891190195783
4,428,-7.593943055544373
4,429,-7.638974209130916
4,430,-7.68400536271746
4,431,-7.729036516304003
4,432,-7.774067669890546
4,433,-7.8190988234770895
4,434,-7.864129977063633
4,435,-7.909161130650176
4,436,-7.954192284236719
4,437,-7.999223437823263
4,438,-8.044254591409807
4,439,-8.089285744996351
4,440,-8.134316898582895
4,441,-8.17934805216944
4,442,-8.224379205755984
4,443,-8.269410359342528
4,444,-8.314441512929072
4,445,-8.359472666515616
4,446,-8.40450382010216
4,447,-8.449534973688705
4,448,-8.494566127275249
4,449,-8.539597280861793
4,450,-8.584628434448337
4,451,-8.629659588034881
4,452,-8.674690741621426
4,453,-8.71972189520797
4,454,-8.764753048794514
4,455,-8.828175954218343
4,456,-8.891598859642173
4,457,-8.955021765066002
4,458,-9.018444670489831
4,459,-9.08186757591366
4,460,-9.14529048133749
4,461,-9.20871338676132
4,462,-9.272136292185149
4,463,-9.335559197608978
4,464,-9.398982103032807
4,465,-9.462405008456637
4,466,-9.525827913880466
4,467,-9.589250819304295
4,468,-9.652673724728125
4,469,-9.716096630151954
4,470,-9.779519535575783
4,471,-9.842942440999613
4,472,-9.906365346423442
4,473,-9.969788251847271
4,474,-10.0332111572711
4,475,-10.09663406269493
4,476,-10.16005696811876
4,477,-10.223479873542589
4,478,-10.286902778966418
4,479,-10.350325684390247
4,480,-10.413748589814077
4,481,-10.477171495237906
4,482,-10.540594400661735
4,483,-10.604017306085565
4,484,-10.667440211509394
4,485,-10.730863116933223
4,486,-10.794286022357053
4,487,-10.857708927780882
4,488,-10.921131833204711
4,489,-10.98455473862854
4,490,-11.04797764405237
4,491,-11.1114005494762
4,492,-11.174823454900029
4,493,-11.238246360323858
4,494,-11.301669265747687
4,495,-11.365092171171517
4,496,-11.428515076595346
4,497,-11.491937982019175
4,498,-11.555360887443005
4,499,-11.618783792866834
4,500,-11.682206698290663
4,501,-11.745629603714493
4,502,-11.809052509138322
4,503,-11.872475414562151
5,504,-11.93589831998598
5,505,-11.99932122540981
5,506,-12.06274413083364
5,507,-12.126167036257469
5,508,-12.189589941681298
5,509,-12.253012847105127
5,510,-12.316435752528957
5,511,-12.379858657952786
5,512,-12.443281563376615
5,513,-12.506704468800445
5,514,-12.570127374224274
5,515,-12.633550279648103
5,516,-12.696973185071933
5,517,-12.760396090495762
5,518,-12.823818995919591
5,519,-12.88724190134342
5,520,-12.95066480676725
5,521,-13.01408771219108
5,522,-13.077510617614909
5,523,-13.140933523038738
5,524,-13.204356428462567
5,525,-13.267779333886397
5,526,-13.331202239310226
5,527,-13.394625144734055
5,528,-13.458048050157885
5,529,-13.521470955581714
5,530,-13.584893861005543
5,531,-13.648316766429373
5,532,-13.711739671853202
5,533,-13.775162577277031
5,534,-13.83858548270086
5,535,-13.90200838812469
5,536,-13.96543129354852
5,537,-14.028854198972349
5,538,-14.092277104396178
5,539,-14.155700009820007
5,540,-14.219122915243837
5,541,-14.282545820667666
5,542,-14.345968726091495
5,543,-14.409391631515325
5,544,-14.472814536939154
5,545,-14.536237442362983
5,546,-14.599660347786813
5,547,-14.663083253210642
5,548,-14.726506158634471
5,549,-14.7899290640583
5,550,-14.85335196948213
5,551,-14.91677487490596
5,552,-14.980197780329789
5,553,-15.043620685753618
5,554,-15.107043591177447
5,555,-15.188744664371738
5,556,-15.270445737566028
5,557,-15.352146810760319
5,558,-15.43384788395461
5,559,-15.5155489571489
5,560,-15.59725003034319
5,561,-15.67895110353748
5,562,-15.76065217673177
5,563,-15.842353249926061
5,564,-15.924054323120352
5,565,-16.005755396314644
5,566,-16.087456469508936
5,567,-16.16915754270323
5,568,-16.25085861589752
5,569,-16.332559689091813
5,570,-16.414260762286105
5,571,-16.495961835480397
5,572,-16.57766290867469
5,573,-16.65936398186898
5,574,-16.741065055063274
5,575,-16.822766128257566
5,576,-16.904467201451858
5,577,-16.98616827464615
5,578,-17.067869347840443
5,579,-17.149570421034735
5,580,-17.231271494229027
5,581,-17.31297256742332
5,582,-17.39467364061761
5,583,-17.476374713811904
5,584,-17.558075787006196
5,585,-17.639776860200488
5,586,-17.72147793339478
5,587,-17.803179006589072
5,588,-17.884880079783365
5,589,-17.966581152977657
5,590,-18.04828222617195
5,591,-18.12998329936624
5,592,-18.211684372560534
5,593,-18.293385445754826
5,594,-18.375086518949118
5,595,-18.45678759214341
5,596,-18.538488665337702
5,597,-18.620189738531995
5,598,-18.701890811726287
5,599,-18.78359188492058
5,600,-18.86529295811487
5,601,-18.946994031309163
5,602,-19.028695104503456
5,603,-19.110396177697748
5,604,-19.19209725089204
6,605,-19.273798324086332
6,606,-19.355499397280624
6,607,-19.437200470474917
6,608,-19.51890154366921
6,609,-19.6006026168635
6,610,-19.682303690057793
6,611,-19.764004763252085
6,612,-19.845705836446378
6,613,-19.92740690964067
6,614,-20.009107982834962
6,615,-20.090809056029254
6,616,-20.172510129223546
6,617,-20.25421120241784
6,618,-20.33591227561213
6,619,-20.417613348806423
6,620,-20.499314422000715
6,621,-20.581015495195008
6,622,-20.6627165683893
6,623,-20.744417641583592
6,624,-20.826118714777884
6,625,-20.907819787972176
6,626,-20.98952086116647
6,627,-21.07122193436076
6,628,-21.152923007555053
6,629,-21.234624080749345
6,630,-21.316325153943637
6,631,-21.39802622713793
6,632,-21.47972730033222
6,633,-21.561428373526514
6,634,-21.643129446720806
6,635,-21.7248305199151
6,636,-21.80653159310939
6,637,-21.888232666303683
6,638,-21.969933739497975
6,639,-22.051634812692267
6,640,-22.13333588588656
6,641,-22.21503695908085
6,642,-22.296738032275144
6,643,-22.378439105469436
6,644,-22.46014017866373
6,645,-22.54184125185802
6,646,-22.623542325052313
6,647,-22.705243398246605
6,648,-22.786944471440897
6,649,-22.86864554463519
6,650,-22.95034661782948
6,651,-23.032047691023774
6,652,-23.113748764218066
6,653,-23.195449837412358
6,654,-23.27715091060665
6,655,-23.358851983800943
6,656,-23.458414008075152
6,657,-23.557976032349362
6,658,-23.657538056623572
6,659,-23.757100080897782
6,660,-23.856662105171992
6,661,-23.956224129446202
6,662,-24.055786153720412
6,663,-24.15534817799462
6,664,-24.25491020226883
6,665,-24.35447222654304
6,666,-24.45403425081725
6,667,-24.55359627509146
6,668,-24.65315829936567
6,669,-24.75272032363988
6,670,-24.85228234791409
6,671,-24.9518443721883
6,672,-25.05140639646251
6,673,-25.15096842073672
6,674,-25.25053044501093
6,675,-25.35009246928514
6,676,-25.44965449355935
6,677,-25.54921651783356
6,678,-25.64877854210777
6,679,-25.74834056638198
6,680,-25.84790259065619
6,681,-25.9474646149304
6,682,-26.04702663920461
6,683,-26.14658866347882
6,684,-26.24615068775303
6,685,-26.34571271202724
6,686,-26.44527473630145
6,687,-26.54483676057566
6,688,-26.64439878484987
6,689,-26.74396080912408
6,690,-26.84352283339829
6,691,-26.9430848576725
6,692,-27.04264688194671
6,693,-27.14220890622092
6,694,-27.24177093049513
6,695,-27.34133295476934
6,696,-27.44089497904355
6,697,-27.54045700331776
6,698,-27.64001902759197
6,699,-27.73958105186618
6,700,-27.839143076140388
6,701,-27.938705100414598
6,702,-28.038267124688808
6,703,-28.137829148963018
6,704,-28.237391173237228
6,705,-28.336953197511438
7,706,-28.436515221785648
7,707,-28.536077246059858
7,708,-28.635639270334067
7,709,-28.735201294608277
7,710,-28.834763318882487
7,711,-28.934325343156697
7,712,-29.033887367430907
7,713,-29.133449391705117
7,714,-29.233011415979327
7,715,-29.332573440253537
7,716,-29.432135464527747
7,717,-29.531697488801957
7,718,-29.631259513076166
7,719,-29.730821537350376
7,720,-29.830383561624586
7,721,-29.929945585898796
7,722,-30.029507610173006
7,723,-30.129069634447216
7,724,-30.228631658721426
7,725,-30.328193682995636
7,726,-30.427755707269846
7,727,-30.527317731544056
7,728,-30.626879755818265
7,729,-30.726441780092475
7,730,-30.826003804366685
7,731,-30.925565828640895
7,732,-31.025127852915105
7,733,-31.124689877189315
7,734,-31.224251901463525
7,735,-31.323813925737735
7,736,-31.423375950011945
7,737,-31.522937974286155
7,738,-31.622499998560365
7,739,-31.722062022834574
7,740,-31.821624047108784
7,741,-31.921186071382994
7,742,-32.020748095657204
7,743,-32.12031011993142
7,744,-32.21987214420563
7,745,-32.319434168479845
7,746,-32.41899619275406
7,747,-32.51855821702827
7,748,-32.618120241302485
7,749,-32.7176822655767
7,750,-32.81724428985091
7,751,-32.916806314125125
7,752,-33.01636833839934
7,753,-33.11593036267355
7,754,-33.215492386947766
7,755,-33.31505441122198
7,756,-33.41461643549619
7,757,-33.53188433525565
7,758,-33.6491522350151
7,759,-33.766420134774556
7,760,-33.88368803453401
7,761,-34.000955934293465
7,762,-34.11822383405292
7,763,-34.235491733812374
7,764,-34.35275963357183
7,765,-34.47002753333128
7,766,-34.58729543309074
7,767,-34.70456333285019
7,768,-34.82183123260965
7,769,-34.9390991323691
7,770,-35.056367032128556
7,771,-35.17363493188801
7,772,-35.290902831647465
7,773,-35.40817073140692
7,774,-35.525438631166374
7,775,-35.64270653092583
7,776,-35.75997443068528
7,777,-35.87724233044474
7,778,-35.99451023020419
7,779,-36.111778129963646
7,780,-36.2290460297231
7,781,-36.346313929482555
7,782,-36.46358182924201
7,783,-36.580849729001464
7,784,-36.69811762876092
7,785,-36.81538552852037
7,786,-36.93265342827983
7,787,-37.04992132803928
7,788,-37.16718922779874
7,789,-37.28445712755819
7,790,-37.401725027317646
7,791,-37.5189929270771
7,792,-37.636260826836555
7,793,-37.75352872659601
7,794,-37.870796626355464
7,795,-37.98806452611492
7,796,-38.10533242587437
7,797,-38.22260032563383
7,798,-38.33986822539328
7,799,-38.457136125152736
7,800,-38.57440402491219
7,801,-38.691671924671645
7,802,-38.8089398244311
7,803,-38.926207724190554
7,804,-39.04347562395001
7,805,-39.16074352370946
7,806,-39.27801142346892
8,807,-39.39527932322837
8,808,-39.51254722298783
8,809,-39.62981512274728
8,810,-39.747083022506736
8,811,-39.86435092226619
8,812,-39.981618822025645
8,813,-40.0988867217851
8,814,-40.216154621544554
8,815,-40.33342252130401
8,816,-40.45069042106346
8,817,-40.56795832082292
8,818,-40.68522622058237
8,819,-40.80249412034183
8,820,-40.91976202010128
8,821,-41.037029919860736
8,822,-41.15429781962019
8,823,-41.271565719379645
8,824,-41.3888336191391
8,825,-41.506101518898554
8,826,-41.62336941865801
8,827,-41.74063731841746
8,828,-41.85790521817692
8,829,-41.97517311793637
8,830,-42.092441017695826
8,831,-42.20970891745528
8,832,-42.326976817214735
8,833,-42.44424471697419
8,834,-42.561512616733644
8,835,-42.6787805164931
8,836,-42.79604841625255
8,837,-42.91331631601201
8,838,-43.03058421577146
8,839,-43.14785211553092
8,840,-43.26512001529037
8,841,-43.382387915049826
8,842,-43.49965581480928
8,843,-43.616923714568735
8,844,-43.73419161432819
8,845,-43.851459514087644
8,846,-43.9687274138471
8,847,-44.08599531360655
8,848,-44.20326321336601
8,849,-44.32053111312546
8,850,-44.437799012884916
8,851,-44.55506691264437
8,852,-44.672334812403825
8,853,-44.78960271216328
8,854,-44.906870611922734
8,855,-45.02413851168219
8,856,-45.14140641144164
8,857,-45.2586743112011
8,858,-45.39411841141775
8,859,-45.5295625116344
8,860,-45.665006611851055
8,861,-45.80045071206771
8,862,-45.93589481228436
8,863,-46.07133891250101
8,864,-46.206783012717665
8,865,-46.34222711293432
8,866,-46.47767121315097
8,867,-46.61311531336762
8,868,-46.748559413584275
8,869,-46.88400351380093
8,870,-47.01944761401758
8,871,-47.15489171423423
8,872,-47.290335814450884
8,873,-47.42577991466754
8,874,-47.56122401488419
8,875,-47.69666811510084
8,876,-47.832112215317494
8,877,-47.96755631553415
8,878,-48.1030004157508
8,879,-48.23844451596745
8,880,-48.373888616184104
8,881,-48.509332716400756
8,882,-48.64477681661741
8,883,-48.78022091683406
8,884,-48.91566501705071
8,885,-49.051109117267366
8,886,-49.18655321748402
8,887,-49.32199731770067
8,888,-49.45744141791732
8,889,-49.592885518133976
8,890,-49.72832961835063
8,891,-49.86377371856728
8,892,-49.99921781878393
8,893,-50.134661919000585
8,894,-50.27010601921724
8,895,-50.40555011943389
8,896,-50.54099421965054
8,897,-50.676438319867195
8,898,-50.81188242008385
8,899,-50.9473265203005
8,900,-51.08277062051715
8,901,-51.218214720733805
8,902,-51.35365882095046
8,903,-51.48910292116711
8,904,-51.62454702138376
8,905,-51.759991121600414
8,906,-51.89543522181707
8,907,-52.03087932203372
9,908,-52.16632342225037
9,909,-52.301767522467024
9,910,-52.43721162268368
9,911,-52.57265572290033
9,912,-52.70809982311698
9,913,-52.843543923333634
9,914,-52.978988023550286
9,915,-53.11443212376694
9,916,-53.24987622398359
9,917,-53.385320324200244
9,918,-53.520764424416896
9,919,-53.65620852463355
9,920,-53.7916526248502
9,921,-53.92709672506685
9,922,-54.062540825283506
9,923,-54.19798492550016
9,924,-54.33342902571681
9,925,-54.46887312593346
9,926,-54.604317226150116
9,927,-54.73976132636677
9,928,-54.87520542658342
9,929,-55.01064952680007
9,930,-55.146093627016725
9,931,-55.28153772723338
9,932,-55.41698182745003
9,933,-55.55242592766668
9,934,-55.687870027883335
9,935,-55.82331412809999
9,936,-55.95875822831664
9,937,-56.09420232853329
9,938,-56.229646428749945
9,939,-56.3650905289666
9,940,-56.50053462918325
9,941,-56.6359787293999
9,942,-56.771422829616554
9,943,-56.90686692983321
9,944,-57.04231103004986
9,945,-57.17775513026651
9,946,-57.313199230483164
9,947,-57.44864333069982
9,948,-57.58408743091647
9,949,-57.71953153113312
9,950,-57.854975631349774
9,951,-57.990419731566426
9,952,-58.12586383178308
9,953,-58.26130793199973
9,954,-58.396752032216384
9,955,-58.532196132433036
9,956,-58.66764023264969
9,957,-58.80308433286634
9,958,-58.93852843308299
9,959,-59.09275932583808
9,960,-59.24699021859317
9,961,-59.401221111348256
9,962,-59.555452004103344
9,963,-59.70968289685843
9,964,-59.86391378961352
9,965,-60.01814468236861
9,966,-60.172375575123695
9,967,-60.32660646787878
9,968,-60.48083736063387
9,969,-60.63506825338896
9,970,-60.789299146144046
9,971,-60.943530038899134
9,972,-61.09776093165422
9,973,-61.25199182440931
9,974,-61.4062227171644
9,975,-61.560453609919485
9,976,-61.71468450267457
9,977,-61.86891539542966
9,978,-62.02314628818475
9,979,-62.177377180939835
9,980,-62.33160807369492
9,981,-62.48583896645001
9,982,-62.6400698592051
9,983,-62.794300751960186
9,984,-62.948531644715274
9,985,-63.10276253747036
9,986,-63.25699343022545
9,987,-63.41122432298054
9,988,-63.565455215735625
9,989,-63.71968610849071
9,990,-63.8739170012458
9,991,-64.0281478940009
9,992,-64.18237878675599
9,993,-64.33660967951108
9,994,-64.49084057226618
9,995,-64.64507146502127
9,996,-64.79930235777637
9,997,-64.95353325053146
9,998,-65.10776414328656
9,999,-65.26199503604165
9,1000,-65.41622592879675
9,1001,-65.57045682155184
9,1002,-65.72468771430694
9,1003,-65.87891860706203
9,1004,-66.03314949981713
9,1005,-66.18738039257222
9,1006,-66.34161128532732
9,1007,-66.49584217808241
9,1008,-66.65007307083751
10,1009,-66.8043039635926
10,1010,-66.9585348563477
10,1011,-67.11276574910279
10,1012,-67.26699664185789
10,1013,-67.42122753461298
10,1014,-67.57545842736808
10,1015,-67.72968932012317
10,1016,-67.88392021287827
10,1017,-68.03815110563336
10,1018,-68.19238199838846
10,1019,-68.34661289114355
10,1020,-68.50084378389865
10,1021,-68.65507467665374
10,1022,-68.80930556940883
10,1023,-68.96353646216393
10,1024,-69.11776735491902
10,1025,-69.27199824767412
10,1026,-69.42622914042921
10,1027,-69.58046003318431
10,1028,-69.7346909259394
10,1029,-69.8889218186945
10,1030,-70.0431527114496
10,1031,-70.19738360420469
10,1032,-70.35161449695978
10,1033,-70.50584538971488
10,1034,-70.66007628246997
10,1035,-70.81430717522507
10,1036,-70.96853806798016
10,1037,-71.12276896073526
10,1038,-71.27699985349035
10,1039,-71.43123074624545
10,1040,-71.58546163900054
10,1041,-71.73969253175564
10,1042,-71.89392342451073
10,1043,-72.04815431726583
10,1044,-72.20238521002092
10,1045,-72.35661610277602
10,1046,-72.51084699553111
10,1047,-72.6650778882862
10,1048,-72.8193087810413
10,1049,-72.9735396737964
10,1050,-73.12777056655149
10,1051,-73.28200145930658
10,1052,-73.43623235206168
10,1053,-73.59046324481677
10,1054,-73.74469413757187
10,1055,-73.89892503032696
10,1056,-74.05315592308206
10,1057,-74.20738681583715
10,1058,-74.36161770859225
10,1059,-74.51584860134734
10,1060,-74.68921964419741
10,1061,-74.86259068704747
10,1062,-75.03596172989754
10,1063,-75.2093327727476
10,1064,-75.38270381559767
10,1065,-75.55607485844773
10,1066,-75.7294459012978
10,1067,-75.90281694414786
10,1068,-76.07618798699792
10,1069,-76.24955902984799
10,1070,-76.42293007269805
10,1071,-76.59630111554812
10,1072,-76.76967215839818
10,1073,-76.94304320124824
10,1074,-77.11641424409831
10,1075,-77.28978528694837
10,1076,-77.46315632979844
10,1077,-77.6365273726485
10,1078,-77.80989841549857
10,1079,-77.98326945834863
10,1080,-78.1566405011987
10,1081,-78.33001154404876
10,1082,-78.50338258689882
10,1083,-78.67675362974889
10,1084,-78.85012467259895
10,1085,-79.02349571544902
10,1086,-79.19686675829908
10,1087,-79.37023780114914
10,1088,-79.54360884399921
10,1089,-79.71697988684927
10,1090,-79.89035092969934
10,1091,-80.0637219725494
10,1092,-80.23709301539947
10,1093,-80.41046405824953
10,1094,-80.5838351010996
10,1095,-80.75720614394966
10,1096,-80.93057718679972
10,1097,-81.10394822964979
10,1098,-81.27731927249985
10,1099,-81.45069031534992
10,1100,-81.62406135819998
10,1101,-81.79743240105005
10,1102,-81.97080344390011
10,1103,-82.14417448675017
10,1104,-82.31754552960024
10,1105,-82.4909165724503
10,1106,-82.66428761530037
10,1107,-82.83765865815043
10,1108,-83.0110297010005
10,1109,-83.18440074385056
11,1110,-83.35777178670062
11,1111,-83.53114282955069
11,1112,-83.70451387240075
11,1113,-83.87788491525082
11,1114,-84.05125595810088
11,1115,-84.22462700095095
11,1116,-84.39799804380101
11,1117,-84.57136908665107
11,1118,-84.74474012950114
11,1119,-84.9181111723512
11,1120,-85.09148221520127
11,1121,-85.26485325805133
11,1122,-85.4382243009014
11,1123,-85.61159534375146
11,1124,-85.78496638660152
11,1125,-85.95833742945159
11,1126,-86.13170847230165
11,1127,-86.30507951515172
11,1128,-86.47845055800178
11,1129,-86.65182160085185
11,1130,-86.82519264370191
11,1131,-86.99856368655198
11,1132,-87.17193472940204
11,1133,-87.3453057722521
11,1134,-87.51867681510217
11,1135,-87.69204785795223
11,1136,-87.8654189008023
11,1137,-88.03878994365236
11,1138,-88.21216098650243
11,1139,-88.38553202935249
11,1140,-88.55890307220255
11,1141,-88.73227411505262
11,1142,-88.90564515790268
11,1143,-89.07901620075275
11,1144,-89.25238724360281
11,1145,-89.42575828645288
11,1146,-89.59912932930294
11,1147,-89.772500372153
11,1148,-89.94587141500307
11,1149,-90.11924245785313
11,1150,-90.2926135007032
11,1151,-90.46598454355326
11,1152,-90.63935558640333
11,1153,-90.81272662925339
11,1154,-90.98609767210345
11,1155,-91.15946871495352
11,1156,-91.33283975780358
11,1157,-91.50621080065365
11,1158,-91.67958184350371
11,1159,-91.85295288635378
11,1160,-92.02632392920384
11,1161,-92.21901725340135
11,1162,-92.41171057759885
11,1163,-92.60440390179636
11,1164,-92.79709722599387
11,1165,-92.98979055019137
11,1166,-93.18248387438888
11,1167,-93.37517719858639
11,1168,-93.56787052278389
11,1169,-93.7605638469814
11,1170,-93.9532571711789
11,1171,-94.14595049537641
11,1172,-94.33864381957392
11,1173,-94.53133714377142
11,1174,-94.72403046796893
11,1175,-94.91672379216644
11,1176,-95.10941711636394
11,1177,-95.30211044056145
11,1178,-95.49480376475896
11,1179,-95.68749708895646
11,1180,-95.88019041315397
11,1181,-96.07288373735148
11,1182,-96.26557706154898
11,1183,-96.45827038574649
11,1184,-96.650963709944
11,1185,-96.8436570341415
11,1186,-97.036350358339
11,1187,-97.22904368253651
11,1188,-97.42173700673402
11,1189,-97.61443033093153
11,1190,-97.80712365512903
11,1191,-97.99981697932654
11,1192,-98.19251030352405
11,1193,-98.38520362772155
11,1194,-98.57789695191906
11,1195,-98.77059027611656
11,1196,-98.96328360031407
11,1197,-99.15597692451158
11,1198,-99.34867024870908
11,1199,-99.54136357290659
11,1200,-99.7340568971041
11,1201,-99.9267502213016
11,1202,-100.11944354549911
11,1203,-100.31213686969662
11,1204,-100.50483019389412
11,1205,-100.69752351809163
11,1206,-100.89021684228914
11,1207,-101.08291016648664
11,1208,-101.27560349068415
11,1209,-101.46829681488165
11,1210,-101.66099013907916
12,1211,-101.85368346327667
12,1212,-102.04637678747417
12,1213,-102.23907011167168
12,1214,-102.43176343586919
12,1215,-102.62445676006669
12,1216,-102.8171500842642
12,1217,-103.0098434084617
12,1218,-103.20253673265921
12,1219,-103.39523005685672
12,1220,-103.58792338105422
12,1221,-103.78061670525173
12,1222,-103.97331002944924
12,1223,-104.16600335364674
12,1224,-104.35869667784425
12,1225,-104.55139000204176
12,1226,-104.74408332623926
12,1227,-104.93677665043677
12,1228,-105.12946997463428
12,1229,-105.32216329883178
12,1230,-105.51485662302929
12,1231,-105.7075499472268
12,1232,-105.9002432714243
12,1233,-106.09293659562181
12,1234,-106.28562991981931
12,1235,-106.47832324401682
12,1236,-106.67101656821433
12,1237,-106.86370989241183
12,1238,-107.05640321660934
12,1239,-107.24909654080685
12,1240,-107.44178986500435
12,1241,-107.63448318920186
12,1242,-107.82717651339937
12,1243,-108.01986983759687
12,1244,-108.21256316179438
12,1245,-108.40525648599188
12,1246,-108.59794981018939
12,1247,-108.7906431343869
12,1248,-108.9833364585844
12,1249,-109.17602978278191
12,1250,-109.36872310697942
12,1251,-109.56141643117692
12,1252,-109.75410975537443
12,1253,-109.94680307957194
12,1254,-110.13949640376944
12,1255,-110.33218972796695
12,1256,-110.52488305216445
12,1257,-110.71757637636196
12,1258,-110.91026970055947
12,1259,-111.10296302475697
12,1260,-111.29565634895448
12,1261,-111.48834967315199
12,1262,-111.70060942409407
12,1263,-111.91286917503615
12,1264,-112.12512892597823
12,1265,-112.33738867692031
12,1266,-112.5496484278624
12,1267,-112.76190817880448
12,1268,-112.97416792974656
12,1269,-113.18642768068864
12,1270,-113.39868743163072
12,1271,-113.6109471825728
12,1272,-113.82320693351488
12,1273,-114.03546668445696
12,1274,-114.24772643539904
12,1275,-114.45998618634113
12,1276,-114.67224593728321
12,1277,-114.88450568822529
12,1278,-115.09676543916737
12,1279,-115.30902519010945
12,1280,-115.52128494105153
12,1281,-115.73354469199361
12,1282,-115.9458044429357
12,1283,-116.15806419387778
12,1284,-116.37032394481986
12,1285,-116.58258369576194
12,1286,-116.79484344670402
12,1287,-117.0071031976461
12,1288,-117.21936294858818
12,1289,-117.43162269953027
12,1290,-117.64388245047235
12,1291,-117.85614220141443
12,1292,-118.06840195235651
12,1293,-118.28066170329859
12,1294,-118.49292145424067
12,1295,-118.70518120518275
12,1296,-118.91744095612484
12,1297,-119.12970070706692
12,1298,-119.341960458009
12,1299,-119.55422020895108
12,1300,-119.76647995989316
12,1301,-119.97873971083524
12,1302,-120.19099946177732
12,1303,-120.4032592127194
12,1304,-120.61551896366149
12,1305,-120.82777871460357
12,1306,-121.04003846554565
12,1307,-121.25229821648773
12,1308,-121.46455796742981
12,1309,-121.6768177183719
12,1310,-121.88907746931397
12,1311,-122.10133722025606
13,1312,-122.31359697119814
13,1313,-122.52585672214022
13,1314,-122.7381164730823
13,1315,-122.95037622402438
13,1316,-123.16263597496646
13,1317,-123.37489572590854
13,1318,-123.58715547685063
13,1319,-123.79941522779271
13,1320,-124.01167497873479
13,1321,-124.22393472967687
13,1322,-124.43619448061895
13,1323,-124.64845423156103
13,1324,-124.86071398250311
13,1325,-125.0729737334452
13,1326,-125.28523348438728
13,1327,-125.49749323532936
13,1328,-125.70975298627144
13,1329,-125.92201273721352
13,1330,-126.1342724881556
13,1331,-126.34653223909768
13,1332,-126.55879199003977
13,1333,-126.77105174098185
13,1334,-126.98331149192393
13,1335,-127.19557124286601
13,1336,-127.40783099380809
13,1337,-127.62009074475017
13,1338,-127.83235049569225
13,1339,-128.04461024663433
13,1340,-128.25686999757642
13,1341,-128.4691297485185
13,1342,-128.68138949946058
13,1343,-128.89364925040266
13,1344,-129.10590900134474
13,1345,-129.31816875228682
13,1346,-129.5304285032289
13,1347,-129.742688254171
13,1348,-129.95494800511307
13,1349,-130.16720775605515
13,1350,-130.37946750699723
13,1351,-130.5917272579393
13,1352,-130.8039870088814
13,1353,-131.01624675982347
13,1354,-131.22850651076556
13,1355,-131.44076626170764
13,1356,-131.65302601264972
13,1357,-131.8652857635918
13,1358,-132.07754551453388
13,1359,-132.28980526547596
13,1360,-132.50206501641804
13,1361,-132.71432476736013
13,1362,-132.9265845183022
13,1363,-133.15873122341424
13,1364,-133.39087792852627
13,1365,-133.6230246336383
13,1366,-133.85517133875032
13,1367,-134.08731804386235
13,1368,-134.31946474897438
13,1369,-134.5516114540864
13,1370,-134.78375815919844
13,1371,-135.01590486431047
13,1372,-135.2480515694225
13,1373,-135.48019827453453
13,1374,-135.71234497964656
13,1375,-135.9444916847586
13,1376,-136.17663838987062
13,1377,-136.40878509498265
13,1378,-136.64093180009468
13,1379,-136.8730785052067
13,1380,-137.10522521031874
13,1381,-137.33737191543077
13,1382,-137.5695186205428
13,1383,-137.80166532565482
13,1384,-138.03381203076685
13,1385,-138.26595873587888
13,1386,-138.4981054409909
13,1387,-138.73025214610294
13,1388,-138.96239885121497
13,1389,-139.194545556327
13,1390,-139.42669226143903
13,1391,-139.65883896655106
13,1392,-139.8909856716631
13,1393,-140.12313237677512
13,1394,-140.35527908188715
13,1395,-140.58742578699918
13,1396,-140.8195724921112
13,1397,-141.05171919722324
13,1398,-141.28386590233526
13,1399,-141.5160126074473
13,1400,-141.74815931255932
13,1401,-141.98030601767135
13,1402,-142.21245272278338
13,1403,-142.4445994278954
13,1404,-142.67674613300744
13,1405,-142.90889283811947
13,1406,-143.1410395432315
13,1407,-143.37318624834353
13,1408,-143.60533295345556
13,1409,-143.8374796585676
13,1410,-144.06962636367962
13,1411,-144.30177306879165
14,1412,-144.53391977390368
14,1413,-144.7660664790157
14,1414,-144.99821318412774
14,1415,-145.23035988923976
14,1416,-145.4625065943518
14,1417,-145.69465329946382
14,1418,-145.92680000457585
14,1419,-146.15894670968788
14,1420,-146.3910934147999
14,1421,-146.62324011991194
14,1422,-146.85538682502397
14,1423,-147.087533530136
14,1424,-147.31968023524803
14,1425,-147.55182694036006
14,1426,-147.7839736454721
14,1427,-148.01612035058412
14,1428,-148.24826705569615
14,1429,-148.48041376080818
14,1430,-148.7125604659202
14,1431,-148.94470717103223
14,1432,-149.17685387614426
14,1433,-149.4090005812563
14,1434,-149.64114728636832
14,1435,-149.87329399148035
14,1436,-150.10544069659238
14,1437,-150.3375874017044
14,1438,-150.56973410681644
14,1439,-150.80188081192847
14,1440,-151.0340275170405
14,1441,-151.26617422215253
14,1442,-151.49832092726456
14,1443,-151.7304676323766
14,1444,-151.96261433748862
14,1445,-152.19476104260065
14,1446,-152.42690774771268
14,1447,-152.6590544528247
14,1448,-152.89120115793673
14,1449,-153.12334786304876
14,1450,-153.3554945681608
14,1451,-153.58764127327282
14,1452,-153.81978797838485
14,1453,-154.05193468349688
14,1454,-154.2840813886089
14,1455,-154.51622809372094
14,1456,-154.74837479883297
14,1457,-154.980521503945
14,1458,-155.21266820905703
14,1459,-155.44481491416906
14,1460,-155.6769616192811
14,1461,-155.90910832439312
14,1462,-156.14125502950515
14,1463,-156.39352024568583
14,1464,-156.64578546186652
14,1465,-156.8980506780472
14,1466,-157.1503158942279
14,1467,-157.4025811104086
14,1468,-157.65484632658928
14,1469,-157.90711154276997
14,1470,-158.15937675895066
14,1471,-158.41164197513135
14,1472,-158.66390719131203
14,1473,-158.91617240749272
14,1474,-159.1684376236734
14,1475,-159.4207028398541
14,1476,-159.6729680560348
14,1477,-159.92523327221548
14,1478,-160.17749848839617
14,1479,-160.42976370457686
14,1480,-160.68202892075755
14,1481,-160.93429413693823
14,1482,-161.18655935311892
14,1483,-161.4388245692996
14,1484,-161.6910897854803
14,1485,-161.943355001661
14,1486,-162.19562021784168
14,1487,-162.44788543402237
14,1488,-162.70015065020306
14,1489,-162.95241586638375
14,1490,-163.20468108256443
14,1491,-163.45694629874512
14,1492,-163.7092115149258
14,1493,-163.9614767311065
14,1494,-164.2137419472872
14,1495,-164.46600716346788
14,1496,-164.71827237964857
14,1497,-164.97053759582926
14,1498,-165.22280281200995
14,1499,-165.47506802819063
14,1500,-165.72733324437132
14,1501,-165.979598460552
14,1502,-166.2318636767327
14,1503,-166.4841288929134
14,1504,-166.73639410909408
14,1505,-166.98865932527477
14,1506,-167.24092454145546
14,1507,-167.49318975763615
14,1508,-167.74545497381683
14,1509,-167.99772018999752
14,1510,-168.2499854061782
14,1511,-168.5022506223589
14,1512,-168.7545158385396
15,1513,-169.00678105472028
15,1514,-169.25904627090097
15,1515,-169.51131148708166
15,1516,-169.76357670326234
15,1517,-170.01584191944303
15,1518,-170.26810713562372
15,1519,-170.5203723518044
15,1520,-170.7726375679851
15,1521,-171.0249027841658
15,1522,-171.27716800034648
15,1523,-171.52943321652717
15,1524,-171.78169843270786
15,1525,-172.03396364888854
15,1526,-172.28622886506923
15,1527,-172.53849408124992
15,1528,-172.7907592974306
15,1529,-173.0430245136113
15,1530,-173.295289729792
15,1531,-173.54755494597268
15,1532,-173.79982016215337
15,1533,-174.05208537833406
15,1534,-174.30435059451474
15,1535,-174.55661581069543
15,1536,-174.80888102687612
15,1537,-175.0611462430568
15,1538,-175.3134114592375
15,1539,-175.5656766754182
15,1540,-175.81794189159888
15,1541,-176.07020710777957
15,1542,-176.32247232396026
15,1543,-176.57473754014094
15,1544,-176.82700275632163
15,1545,-177.07926797250232
15,1546,-177.331533188683
15,1547,-177.5837984048637
15,1548,-177.8360636210444
15,1549,-178.08832883722508
15,1550,-178.34059405340577
15,1551,-178.59285926958646
15,1552,-178.84512448576714
15,1553,-179.09738970194783
15,1554,-179.34965491812852
15,1555,-179.6019201343092
15,1556,-179.8541853504899
15,1557,-180.1064505666706
15,1558,-180.35871578285128
15,1559,-180.61098099903197
15,1560,-180.86324621521265
15,1561,-181.11551143139334
15,1562,-181.36777664757403
15,1563,-181.62004186375472
15,1564,-181.892594161338
15,1565,-182.16514645892127
15,1566,-182.43769875650455
15,1567,-182.71025105408782
15,1568,-182.9828033516711
15,1569,-183.25535564925437
15,1570,-183.52790794683764
15,1571,-183.80046024442092
15,1572,-184.0730125420042
15,1573,-184.34556483958747
15,1574,-184.61811713717074
15,1575,-184.89066943475402
15,1576,-185.1632217323373
15,1577,-185.43577402992057
15,1578,-185.70832632750384
15,1579,-185.98087862508712
15,1580,-186.2534309226704
15,1581,-186.52598322025366
15,1582,-186.79853551783694
15,1583,-187.0710878154202
15,1584,-187.3436401130035
15,1585,-187.61619241058676
15,1586,-187.88874470817004
15,1587,-188.1612970057533
15,1588,-188.4338493033366
15,1589,-188.70640160091986
15,1590,-188.97895389850314
15,1591,-189.2515061960864
15,1592,-189.52405849366968
15,1593,-189.79661079125296
15,1594,-190.06916308883623
15,1595,-190.3417153864195
15,1596,-190.61426768400278
15,1597,-190.88681998158606
15,1598,-191.15937227916933
15,1599,-191.4319245767526
15,1600,-191.70447687433588
15,1601,-191.97702917191916
15,1602,-192.24958146950243
15,1603,-192.5221337670857
15,1604,-192.79468606466898
15,1605,-193.06723836225225
15,1606,-193.33979065983553
15,1607,-193.6123429574188
15,1608,-193.88489525500208
15,1609,-194.15744755258535
15,1610,-194.42999985016863
15,1611,-194.7025521477519
15,1612,-194.97510444533518
15,1613,-195.24765674291845
16,1614,-195.52020904050173
16,1615,-195.792761338085
16,1616,-196.06531363566828
16,1617,-196.33786593325155
16,1618,-196.61041823083482
16,1619,-196.8829705284181
16,1620,-197.15552282600137
16,1621,-197.42807512358465
16,1622,-197.70062742116792
16,1623,-197.9731797187512
16,1624,-198.24573201633447
16,1625,-198.51828431391775
16,1626,-198.79083661150102
16,1627,-199.0633889090843
16,1628,-199.33594120666757
16,1629,-199.60849350425084
16,1630,-199.88104580183412
16,1631,-200.1535980994174
16,1632,-200.42615039700067
16,1633,-200.69870269458394
16,1634,-200.97125499216722
16,1635,-201.2438072897505
16,1636,-201.51635958733377
16,1637,-201.78891188491704
16,1638,-202.06146418250032
16,1639,-202.3340164800836
16,1640,-202.60656877766687
16,1641,-202.87912107525014
16,1642,-203.15167337283341
16,1643,-203.4242256704167
16,1644,-203.69677796799996
16,1645,-203.96933026558324
16,1646,-204.2418825631665
16,1647,-204.5144348607498
16,1648,-204.78698715833306
16,1649,-205.05953945591634
16,1650,-205.3320917534996
16,1651,-205.6046440510829
16,1652,-205.87719634866616
16,1653,-206.14974864624944
16,1654,-206.4223009438327
16,1655,-206.69485324141598
16,1656,-206.96740553899926
16,1657,-207.23995783658253
16,1658,-207.5125101341658
16,1659,-207.78506243174908
16,1660,-208.05761472933236
16,1661,-208.33016702691563
16,1662,-208.6027193244989
16,1663,-208.87527162208218
16,1664,-209.14782391966546
16,1665,-209.44078593736148
16,1666,-209.7337479550575
16,1667,-210.02670997275354
16,1668,-210.31967199044956
16,1669,-210.6126340081456
16,1670,-210.90559602584162
16,1671,-211.19855804353764
16,1672,-211.49152006123367
16,1673,-211.7844820789297
16,1674,-212.07744409662573
16,1675,-212.37040611432175
16,1676,-212.66336813201778
16,1677,-212.9563301497138
16,1678,-213.24929216740983
16,1679,-213.54225418510586
16,1680,-213.8352162028019
16,1681,-214.12817822049792
16,1682,-214.42114023819394
16,1683,-214.71410225588997
16,1684,-215.007064273586
16,1685,-215.30002629128202
16,1686,-215.59298830897805
16,1687,-215.88595032667408
16,1688,-216.1789123443701
16,1689,-216.47187436206613
16,1690,-216.76483637976216
16,1691,-217.05779839745819
16,1692,-217.3507604151542
16,1693,-217.64372243285024
16,1694,-217.93668445054627
16,1695,-218.2296464682423
16,1696,-218.52260848593832
16,1697,-218.81557050363435
16,1698,-219.10853252133037
16,1699,-219.4014945390264
16,1700,-219.69445655672243
16,1701,-219.98741857441846
16,1702,-220.28038059211448
16,1703,-220.5733426098105
16,1704,-220.86630462750654
16,1705,-221.15926664520256
16,1706,-221.4522286628986
16,1707,-221.74519068059462
16,1708,-222.03815269829065
16,1709,-222.33111471598667
16,1710,-222.6240767336827
16,1711,-222.91703875137873
16,1712,-223.21000076907475
16,1713,-223.50296278677078
16,1714,-223.7959248044668
17,1715,-224.08888682216283
17,1716,-224.38184883985886
17,1717,-224.6748108575549
17,1718,-224.96777287525092
17,1719,-225.26073489294694
17,1720,-225.55369691064297
17,1721,-225.846658928339
17,1722,-226.13962094603502
17,1723,-226.43258296373105
17,1724,-226.72554498142708
17,1725,-227.0185069991231
17,1726,-227.31146901681913
17,1727,-227.60443103451516
17,1728,-227.89739305221119
17,1729,-228.1903550699072
17,1730,-228.48331708760324
17,1731,-228.77627910529927
17,1732,-229.0692411229953
17,1733,-229.36220314069132
17,1734,-229.65516515838735
17,1735,-229.94812717608337
17,1736,-230.2410891937794
17,1737,-230.53405121147543
17,1738,-230.82701322917146
17,1739,-231.11997524686748
17,1740,-231.4129372645635
17,1741,-231.70589928225954
17,1742,-231.99886129995556
17,1743,-232.2918233176516
17,1744,-232.58478533534762
17,1745,-232.87774735304365
17,1746,-233.17070937073967
17,1747,-233.4636713884357
17,1748,-233.75663340613173
17,1749,-234.04959542382775
17,1750,-234.34255744152378
17,1751,-234.6355194592198
17,1752,-234.92848147691583
17,1753,-235.22144349461186
17,1754,-235.5144055123079
17,1755,-235.80736753000392
17,1756,-236.10032954769994
17,1757,-236.39329156539597
17,1758,-236.686253583092
17,1759,-236.97921560078802
17,1760,-237.27217761848405
17,1761,-237.56513963618008
17,1762,-237.8581016538761
17,1763,-238.15106367157213
17,1764,-238.44402568926816
17,1765,-238.7369877069642
17,1766,-239.0504491777725
17,1767,-239.3639106485808
17,1768,-239.6773721193891
17,1769,-239.9908335901974
17,1770,-240.30429506100572
17,1771,-240.61775653181402
17,1772,-240.93121800262233
17,1773,-241.24467947343064
17,1774,-241.55814094423894
17,1775,-241.87160241504725
17,1776,-242.18506388585556
17,1777,-242.49852535666386
17,1778,-242.81198682747217
17,1779,-243.12544829828047
17,1780,-243.43890976908878
17,1781,-243.7523712398971
17,1782,-244.0658327107054
17,1783,-244.3792941815137
17,1784,-244.692755652322
17,1785,-245.0062171231303
17,1786,-245.31967859393862
17,1787,-245.63314006474693
17,1788,-245.94660153555523
17,1789,-246.26006300636354
17,1790,-246.57352447717184
17,1791,-246.88698594798015
17,1792,-247.20044741878846
17,1793,-247.51390888959676
17,1794,-247.82737036040507
17,1795,-248.14083183121338
17,1796,-248.45429330202168
17,1797,-248.76775477283
17,1798,-249.0812162436383
17,1799,-249.3946777144466
17,1800,-249.7081391852549
17,1801,-250.0216006560632
17,1802,-250.33506212687152
17,1803,-250.64852359767983
17,1804,-250.96198506848813
17,1805,-251.27544653929644
17,1806,-251.58890801010475
17,1807,-251.90236948091305
17,1808,-252.21583095172136
17,1809,-252.52929242252966
17,1810,-252.84275389333797
17,1811,-253.15621536414628
17,1812,-253.46967683495458
17,1813,-253.7831383057629
17,1814,-254.0965997765712
17,1815,-254.4100612473795
18,1816,-254.7235227181878
18,1817,-255.03698418899612
18,1818,-255.35044565980442
18,1819,-255.66390713061273
18,1820,-255.97736860142103
18,1821,-256.2908300722293
18,1822,-256.6042915430376
18,1823,-256.9177530138459
18,1824,-257.23121448465423
18,1825,-257.54467595546254
18,1826,-257.85813742627084
18,1827,-258.17159889707915
18,1828,-258.48506036788746
18,1829,-258.79852183869576
18,1830,-259.11198330950407
18,1831,-259.4254447803124
18,1832,-259.7389062511207
18,1833,-260.052367721929
18,1834,-260.3658291927373
18,1835,-260.6792906635456
18,1836,-260.9927521343539
18,1837,-261.3062136051622
18,1838,-261.6196750759705
18,1839,-261.9331365467788
18,1840,-262.24659801758713
18,1841,-262.56005948839544
18,1842,-262.87352095920374
18,1843,-263.18698243001205
18,1844,-263.50044390082036
18,1845,-263.81390537162866
18,1846,-264.12736684243697
18,1847,-264.4408283132453
18,1848,-264.7542897840536
18,1849,-265.0677512548619
18,1850,-265.3812127256702
18,1851,-265.6946741964785
18,1852,-266.0081356672868
18,1853,-266.3215971380951
18,1854,-266.6350586089034
18,1855,-266.9485200797117
18,1856,-267.26198155052003
18,1857,-267.57544302132834
18,1858,-267.88890449213665
18,1859,-268.20236596294495
18,1860,-268.51582743375326
18,1861,-268.82928890456157
18,1862,-269.14275037536987
18,1863,-269.4562118461782
18,1864,-269.7696733169865
18,1865,-270.0831347877948
18,1866,-270.3965962586031
18,1867,-270.7306257891638
18,1868,-271.0646553197245
18,1869,-271.39868485028524
18,1870,-271.73271438084595
18,1871,-272.06674391140666
18,1872,-272.4007734419674
18,1873,-272.7348029725281
18,1874,-273.0688325030888
18,1875,-273.4028620336495
18,1876,-273.7368915642102
18,1877,-274.07092109477094
18,1878,-274.40495062533165
18,1879,-274.73898015589236
18,1880,-275.0730096864531
18,1881,-275.4070392170138
18,1882,-275.7410687475745
18,1883,-276.0750982781352
18,1884,-275.8886116625259
18,1885,-275.70212504691654
18,1886,-275.5156384313072
18,1887,-275.32915181569786
18,1888,-275.1426652000885
18,1889,-274.9561785844792
18,1890,-274.76969196886984
18,1891,-274.5832053532605
18,1892,-274.39671873765116
18,1893,-274.2102321220418
18,1894,-274.0237455064325
18,1895,-273.83725889082314
18,1896,-273.6507722752138
18,1897,-273.46428565960446
18,1898,-273.2777990439951
18,1899,-273.0913124283858
18,1900,-272.90482581277644
18,1901,-272.7183391971671
18,1902,-272.53185258155776
18,1903,-272.3453659659484
18,1904,-272.1588793503391
18,1905,-271.97239273472974
18,1906,-271.7859061191204
18,1907,-271.59941950351106
18,1908,-271.4129328879017
18,1909,-271.2264462722924
18,1910,-271.03995965668304
18,1911,-270.8534730410737
18,1912,-270.66698642546436
18,1913,-270.480499809855
18,1914,-270.2940131942457
18,1915,-270.10752657863634
18,1916,-269.921039963027
19,1917,-269.73455334741766
19,1918,-269.5480667318083
19,1919,-269.361580116199
19,1920,-269.17509350058964
19,1921,-268.9886068849803
19,1922,-268.80212026937096
19,1923,-268.6156336537616
19,1924,-268.4291470381523
19,1925,-268.24266042254294
19,1926,-268.0561738069336
19,1927,-267.86968719132426
19,1928,-267.6832005757149
19,1929,-267.4967139601056
19,1930,-267.31022734449624
19,1931,-267.1237407288869
19,1932,-266.93725411327756
19,1933,-266.7507674976682
19,1934,-266.5642808820589
19,1935,-266.37779426644954
19,1936,-266.1913076508402
19,1937,-266.00482103523086
19,1938,-265.8183344196215
19,1939,-265.6318478040122
19,1940,-265.44536118840284
19,1941,-265.2588745727935
19,1942,-265.07238795718416
19,1943,-264.8859013415748
19,1944,-264.6994147259655
19,1945,-264.51292811035614
19,1946,-264.3264414947468
19,1947,-264.13995487913746
19,1948,-263.9534682635281
19,1949,-263.7669816479188
19,1950,-263.58049503230944
19,1951,-263.3940084167001
19,1952,-263.20752180109076
19,1953,-263.0210351854814
19,1954,-262.8345485698721
19,1955,-262.64806195426274
19,1956,-262.4615753386534
19,1957,-262.27508872304406
19,1958,-262.0886021074347
19,1959,-261.9021154918254
19,1960,-261.71562887621604
19,1961,-261.5291422606067
19,1962,-261.34265564499736
19,1963,-261.156169029388
19,1964,-260.9696824137787
19,1965,-260.78319579816934
19,1966,-260.59670918256
19,1967,-260.41022256695067
19,1968,-260.2443570286153
19,1969,-260.07849149027993
19,1970,-259.91262595194456
19,1971,-259.7467604136092
19,1972,-259.5808948752738
19,1973,-259.41502933693846
19,1974,-259.2491637986031
19,1975,-259.0832982602677
19,1976,-258.91743272193236
19,1977,-258.751567183597
19,1978,-258.5857016452616
19,1979,-258.41983610692625
19,1980,-258.2539705685909
19,1981,-258.0881050302555
19,1982,-257.92223949192015
19,1983,-257.7563739535848
19,1984,-257.5905084152494
19,1985,-257.42464287691405
19,1986,-257.2587773385787
19,1987,-257.0929118002433
19,1988,-256.92704626190795
19,1989,-256.7611807235726
19,1990,-256.5953151852372
19,1991,-256.42944964690184
19,1992,-256.2635841085665
19,1993,-256.0977185702311
19,1994,-255.9318530318957
19,1995,-255.76598749356032
19,1996,-255.60012195522492
19,1997,-255.43425641688953
19,1998,-255.26839087855413
19,1999,-255.10252534021873
19,2000,-254.93665980188334
19,2001,-254.77079426354794
19,2002,-254.60492872521255
19,2003,-254.43906318687715
19,2004,-254.27319764854175
19,2005,-254.10733211020636
19,2006,-253.94146657187096
19,2007,-253.77560103353557
19,2008,-253.60973549520017
19,2009,-253.44386995686477
19,2010,-253.27800441852938
19,2011,-253.11213888019398
19,2012,-252.94627334185859
19,2013,-252.7804078035232
19,2014,-252.6145422651878
19,2015,-252.4486767268524
19,2016,-252.282811188517
19,2017,-252.1169456501816
20,2018,-251.9510801118462
20,2019,-251.7852145735108
20,2020,-251.61934903517542
20,2021,-251.45348349684002
20,2022,-251.28761795850463
20,2023,-251.12175242016923
20,2024,-250.95588688183383
20,2025,-250.79002134349844
20,2026,-250.62415580516304
20,2027,-250.45829026682765
20,2028,-250.29242472849225
20,2029,-250.12655919015685
20,2030,-249.96069365182146
20,2031,-249.79482811348606
20,2032,-249.62896257515067
20,2033,-249.46309703681527
20,2034,-249.29723149847987
20,2035,-249.13136596014448
20,2036,-248.96550042180908
20,2037,-248.7996348834737
20,2038,-248.6337693451383
20,2039,-248.4679038068029
20,2040,-248.3020382684675
20,2041,-248.1361727301321
20,2042,-247.9703071917967
20,2043,-247.8044416534613
20,2044,-247.63857611512591
20,2045,-247.47271057679052
20,2046,-247.30684503845512
20,2047,-247.14097950011973
20,2048,-246.97511396178433
20,2049,-246.80924842344893
20,2050,-246.64338288511354
20,2051,-246.47751734677814
20,2052,-246.31165180844275
20,2053,-246.14578627010735
20,2054,-245.97992073177195
20,2055,-245.81405519343656
20,2056,-245.64818965510116
20,2057,-245.48232411676577
20,2058,-245.31645857843037
20,2059,-245.15059304009498
20,2060,-244.98472750175958
20,2061,-244.81886196342418
20,2062,-244.6529964250888
20,2063,-244.4871308867534
20,2064,-244.321265348418
20,2065,-244.1553998100826
20,2066,-243.9895342717472
20,2067,-243.8236687334118
20,2068,-243.6578031950764
20,2069,-243.5125997276313
20,2070,-243.3673962601862
20,2071,-243.2221927927411
20,2072,-243.076989325296
20,2073,-242.9317858578509
20,2074,-242.7865823904058
20,2075,-242.6413789229607
20,2076,-242.4961754555156
20,2077,-242.3509719880705
20,2078,-242.2057685206254
20,2079,-242.0605650531803
20,2080,-241.9153615857352
20,2081,-241.7701581182901
20,2082,-241.624954650845
20,2083,-241.4797511833999
20,2084,-241.3345477159548
20,2085,-241.1893442485097
20,2086,-241.0441407810646
20,2087,-240.8989373136195
20,2088,-240.7537338461744
20,2089,-240.6085303787293
20,2090,-240.4633269112842
20,2091,-240.3181234438391
20,2092,-240.172919976394
20,2093,-240.0277165089489
20,2094,-239.8825130415038
20,2095,-239.7373095740587
20,2096,-239.5921061066136
20,2097,-239.4469026391685
20,2098,-239.3016991717234
20,2099,-239.1564957042783
20,2100,-239.0112922368332
20,2101,-238.8660887693881
20,2102,-238.720885301943
20,2103,-238.5756818344979
20,2104,-238.4304783670528
20,2105,-238.2852748996077
20,2106,-238.1400714321626
20,2107,-237.9948679647175
20,2108,-237.8496644972724
20,2109,-237.7044610298273
20,2110,-237.55925756238221
20,2111,-237.41405409493711
20,2112,-237.26885062749201
20,2113,-237.12364716004691
20,2114,-236.97844369260181
20,2115,-236.83324022515671
20,2116,-236.68803675771161
20,2117,-236.54283329026651
20,2118,-236.39762982282141
21,2119,-236.25242635537631
21,2120,-236.10722288793121
21,2121,-235.96201942048611
21,2122,-235.81681595304102
21,2123,-235.67161248559592
21,2124,-235.52640901815082
21,2125,-235.38120555070572
21,2126,-235.23600208326062
21,2127,-235.09079861581552
21,2128,-234.94559514837042
21,2129,-234.80039168092532
21,2130,-234.65518821348022
21,2131,-234.50998474603512
21,2132,-234.36478127859002
21,2133,-234.21957781114492
21,2134,-234.07437434369982
21,2135,-233.92917087625472
21,2136,-233.78396740880962
21,2137,-233.63876394136452
21,2138,-233.49356047391942
21,2139,-233.34835700647432
21,2140,-233.20315353902922
21,2141,-233.05795007158412
21,2142,-232.91274660413902
21,2143,-232.76754313669392
21,2144,-232.62233966924882
21,2145,-232.47713620180372
21,2146,-232.33193273435862
21,2147,-232.18672926691352
21,2148,-232.04152579946842
21,2149,-231.89632233202332
21,2150,-231.75111886457822
21,2151,-231.60591539713312
21,2152,-231.46071192968802
21,2153,-231.31550846224292
21,2154,-231.17030499479782
21,2155,-231.02510152735272
21,2156,-230.87989805990762
21,2157,-230.73469459246252
21,2158,-230.58949112501742
21,2159,-230.44428765757232
21,2160,-230.29908419012722
21,2161,-230.15388072268212
21,2162,-230.00867725523702
21,2163,-229.86347378779192
21,2164,-229.71827032034682
21,2165,-229.57306685290172
21,2166,-229.42786338545662
21,2167,-229.28265991801152
21,2168,-229.13745645056642
21,2169,-228.99225298312132
21,2170,-228.86774416070907
21,2171,-228.7432353382968
21,2172,-228.61872651588456
21,2173,-228.4942176934723
21,2174,-228.36970887106006
21,2175,-228.2452000486478
21,2176,-228.12069122623555
21,2177,-227.9961824038233
21,2178,-227.87167358141105
21,2179,-227.7471647589988
21,2180,-227.62265593658654
21,2181,-227.4981471141743
21,2182,-227.37363829176203
21,2183,-227.24912946934978
21,2184,-227.12462064693753
21,2185,-227.00011182452528
21,2186,-226.87560300211302
21,2187,-226.75109417970077
21,2188,-226.62658535728852
21,2189,-226.50207653487627
21,2190,-226.377567712464
21,2191,-226.25305889005176
21,2192,-226.1285500676395
21,2193,-226.00404124522726
21,2194,-225.879532422815
21,2195,-225.75502360040275
21,2196,-225.6305147779905
21,2197,-225.50600595557825
21,2198,-225.381497133166
21,2199,-225.25698831075374
21,2200,-225.1324794883415
21,2201,-225.00797066592924
21,2202,-224.88346184351698
21,2203,-224.75895302110473
21,2204,-224.63444419869248
21,2205,-224.50993537628023
21,2206,-224.38542655386797
21,2207,-224.26091773145572
21,2208,-224.13640890904347
21,2209,-224.01190008663121
21,2210,-223.88739126421896
21,2211,-223.7628824418067
21,2212,-223.63837361939446
21,2213,-223.5138647969822
21,2214,-223.38935597456995
21,2215,-223.2648471521577
21,2216,-223.14033832974545
21,2217,-223.0158295073332
21,2218,-222.89132068492094
21,2219,-222.7668118625087
22,2220,-222.64230304009644
22,2221,-222.51779421768418
22,2222,-222.39328539527193
22,2223,-222.26877657285968
22,2224,-222.14426775044743
22,2225,-222.01975892803517
22,2226,-221.89525010562292
22,2227,-221.77074128321067
22,2228,-221.64623246079842
22,2229,-221.52172363838616
22,2230,-221.3972148159739
22,2231,-221.27270599356166
22,2232,-221.1481971711494
22,2233,-221.02368834873715
22,2234,-220.8991795263249
22,2235,-220.77467070391265
22,2236,-220.6501618815004
22,2237,-220.52565305908814
22,2238,-220.4011442366759
22,2239,-220.27663541426364
22,2240,-220.15212659185138
22,2241,-220.02761776943913
22,2242,-219.90310894702688
22,2243,-219.77860012461463
22,2244,-219.65409130220237
22,2245,-219.52958247979012
22,2246,-219.40507365737787
22,2247,-219.28056483496562
22,2248,-219.15605601255336
22,2249,-219.0315471901411
22,2250,-218.90703836772886
22,2251,-218.7825295453166
22,2252,-218.65802072290435
22,2253,-218.5335119004921
22,2254,-218.40900307807985
22,2255,-218.2844942556676
22,2256,-218.15998543325534
22,2257,-218.0354766108431
22,2258,-217.91096778843084
22,2259,-217.78645896601859
22,2260,-217.66195014360633
22,2261,-217.53744132119408
22,2262,-217.41293249878183
22,2263,-217.28842367636958
22,2264,-217.16391485395732
22,2265,-217.03940603154507
22,2266,-216.91489720913282
22,2267,-216.79038838672056
22,2268,-216.6658795643083
22,2269,-216.54137074189606
22,2270,-216.4168619194838
22,2271,-216.3130720661587
22,2272,-216.20928221283359
22,2273,-216.10549235950847
22,2274,-216.00170250618336
22,2275,-215.89791265285825
22,2276,-215.79412279953314
22,2277,-215.69033294620803
22,2278,-215.58654309288292
22,2279,-215.4827532395578
22,2280,-215.3789633862327
22,2281,-215.2751735329076
22,2282,-215.17138367958248
22,2283,-215.06759382625737
22,2284,-214.96380397293225
22,2285,-214.86001411960714
22,2286,-214.75622426628203
22,2287,-214.65243441295692
22,2288,-214.5486445596318
22,2289,-214.4448547063067
22,2290,-214.3410648529816
22,2291,-214.23727499965648
22,2292,-214.13348514633137
22,2293,-214.02969529300626
22,2294,-213.92590543968115
22,2295,-213.82211558635603
22,2296,-213.71832573303092
22,2297,-213.6145358797058
22,2298,-213.5107460263807
22,2299,-213.4069561730556
22,2300,-213.30316631973048
22,2301,-213.19937646640537
22,2302,-213.09558661308026
22,2303,-212.99179675975515
22,2304,-212.88800690643004
22,2305,-212.78421705310492
22,2306,-212.6804271997798
22,2307,-212.5766373464547
22,2308,-212.4728474931296
22,2309,-212.36905763980448
22,2310,-212.26526778647937
22,2311,-212.16147793315426
22,2312,-212.05768807982915
22,2313,-211.95389822650404
22,2314,-211.85010837317893
22,2315,-211.74631851985382
22,2316,-211.6425286665287
22,2317,-211.5387388132036
22,2318,-211.43494895987848
22,2319,-211.33115910655337
22,2320,-211.22736925322826
23,2321,-211.12357939990315
23,2322,-211.01978954657804
23,2323,-210.91599969325293
23,2324,-210.81220983992782
23,2325,-210.7084199866027
23,2326,-210.6046301332776
23,2327,-210.50084027995248
23,2328,-210.39705042662737
23,2329,-210.29326057330226
23,2330,-210.18947071997715
23,2331,-210.08568086665204
23,2332,-209.98189101332693
23,2333,-209.87810116000182
23,2334,-209.7743113066767
23,2335,-209.6705214533516
23,2336,-209.5667316000265
23,2337,-209.46294174670138
23,2338,-209.35915189337626
23,2339,-209.25536204005115
23,2340,-209.15157218672604
23,2341,-209.04778233340093
23,2342,-208.94399248007582
23,2343,-208.8402026267507
23,2344,-208.7364127734256
23,2345,-208.6326229201005
23,2346,-208.52883306677538
23,2347,-208.42504321345027
23,2348,-208.32125336012516
23,2349,-208.21746350680004
23,2350,-208.11367365347493
23,2351,-208.00988380014982
23,2352,-207.9060939468247
23,2353,-207.8023040934996
23,2354,-207.6985142401745
23,2355,-207.59472438684938
23,2356,-207.49093453352427
23,2357,-207.38714468019916
23,2358,-207.28335482687405
23,2359,-207.17956497354893
23,2360,-207.07577512022382
23,2361,-206.9719852668987
23,2362,-206.8681954135736
23,2363,-206.7644055602485
23,2364,-206.66061570692338
23,2365,-206.55682585359827
23,2366,-206.45303600027316
23,2367,-206.34924614694805
23,2368,-206.24545629362294
23,2369,-206.14166644029783
23,2370,-206.03787658697271
23,2371,-205.95482394879326
23,2372,-205.8717713106138
23,2373,-205.78871867243436
23,2374,-205.7056660342549
23,2375,-205.62261339607545
23,2376,-205.539560757896
23,2377,-205.45650811971655
23,2378,-205.3734554815371
23,2379,-205.29040284335764
23,2380,-205.2073502051782
23,2381,-205.12429756699873
23,2382,-205.04124492881928
23,2383,-204.95819229063983
23,2384,-204.87513965246038
23,2385,-204.79208701428092
23,2386,-204.70903437610147
23,2387,-204.62598173792202
23,2388,-204.54292909974257
23,2389,-204.4598764615631
23,2390,-204.37682382338366
23,2391,-204.2937711852042
23,2392,-204.21071854702475
23,2393,-204.1276659088453
23,2394,-204.04461327066585
23,2395,-203.9615606324864
23,2396,-203.87850799430694
23,2397,-203.7954553561275
23,2398,-203.71240271794804
23,2399,-203.62935007976859
23,2400,-203.54629744158913
23,2401,-203.46324480340968
23,2402,-203.38019216523023
23,2403,-203.29713952705077
23,2404,-203.21408688887132
23,2405,-203.13103425069187
23,2406,-203.04798161251242
23,2407,-202.96492897433296
23,2408,-202.8818763361535
23,2409,-202.79882369797406
23,2410,-202.7157710597946
23,2411,-202.63271842161515
23,2412,-202.5496657834357
23,2413,-202.46661314525625
23,2414,-202.3835605070768
23,2415,-202.30050786889734
23,2416,-202.2174552307179
23,2417,-202.13440259253844
23,2418,-202.05134995435898
23,2419,-201.96829731617953
23,2420,-201.88524467800008
24,2421,-201.80219203982062
24,2422,-201.71913940164117
24,2423,-201.63608676346172
24,2424,-201.55303412528227
24,2425,-201.4699814871028
24,2426,-201.38692884892336
24,2427,-201.3038762107439
24,2428,-201.22082357256446
24,2429,-201.137770934385
24,2430,-201.05471829620555
24,2431,-200.9716656580261
24,2432,-200.88861301984664
24,2433,-200.8055603816672
24,2434,-200.72250774348774
24,2435,-200.6394551053083
24,2436,-200.55640246712883
24,2437,-200.47334982894938
24,2438,-200.39029719076993
24,2439,-200.30724455259048
24,2440,-200.22419191441102
24,2441,-200.14113927623157
24,2442,-200.05808663805212
24,2443,-199.97503399987266
24,2444,-199.8919813616932
24,2445,-199.80892872351376
24,2446,-199.7258760853343
24,2447,-199.64282344715485
24,2448,-199.5597708089754
24,2449,-199.47671817079595
24,2450,-199.3936655326165
24,2451,-199.31061289443704
24,2452,-199.2275602562576
24,2453,-199.14450761807814
24,2454,-199.06145497989868
24,2455,-198.97840234171923
24,2456,-198.89534970353978
24,2457,-198.81229706536033
24,2458,-198.72924442718087
24,2459,-198.64619178900142
24,2460,-198.56313915082197
24,2461,-198.48008651264252
24,2462,-198.39703387446306
24,2463,-198.3139812362836
24,2464,-198.23092859810416
24,2465,-198.1478759599247
24,2466,-198.06482332174525
24,2467,-197.9817706835658
24,2468,-197.89871804538635
24,2469,-197.8156654072069
24,2470,-197.73261276902744
24,2471,-197.649560130848
24,2472,-197.5872593628602
24,2473,-197.52495859487243
24,2474,-197.46265782688465
24,2475,-197.40035705889687
24,2476,-197.3380562909091
24,2477,-197.27575552292132
24,2478,-197.21345475493354
24,2479,-197.15115398694576
24,2480,-197.08885321895798
24,2481,-197.0265524509702
24,2482,-196.96425168298242
24,2483,-196.90195091499464
24,2484,-196.83965014700686
24,2485,-196.77734937901909
24,2486,-196.7150486110313
24,2487,-196.65274784304353
24,2488,-196.59044707505575
24,2489,-196.52814630706797
24,2490,-196.4658455390802
24,2491,-196.4035447710924
24,2492,-196.34124400310463
24,2493,-196.27894323511686
24,2494,-196.21664246712908
24,2495,-196.1543416991413
24,2496,-196.09204093115352
24,2497,-196.02974016316574
24,2498,-195.96743939517796
24,2499,-195.90513862719018
24,2500,-195.8428378592024
24,2501,-195.78053709121463
24,2502,-195.71823632322685
24,2503,-195.65593555523907
24,2504,-195.5936347872513
24,2505,-195.5313340192635
24,2506,-195.46903325127573
24,2507,-195.40673248328795
24,2508,-195.34443171530017
24,2509,-195.2821309473124
24,2510,-195.21983017932462
24,2511,-195.15752941133684
24,2512,-195.09522864334906
24,2513,-195.03292787536128
24,2514,-194.9706271073735
24,2515,-194.90832633938572
24,2516,-194.84602557139794
24,2517,-194.78372480341017
24,2518,-194.7214240354224
24,2519,-194.6591232674346
24,2520,-194.59682249944683
24,2521,-194.53452173145905
25,2522,-194.47222096347127
25,2523,-194.4099201954835
25,2524,-194.34761942749572
25,2525,-194.28531865950794
25,2526,-194.22301789152016
25,2527,-194.16071712353238
25,2528,-194.0984163555446
25,2529,-194.03611558755682
25,2530,-193.97381481956904
25,2531,-193.91151405158126
25,2532,-193.84921328359349
25,2533,-193.7869125156057
25,2534,-193.72461174761793
25,2535,-193.66231097963015
25,2536,-193.60001021164237
25,2537,-193.5377094436546
25,2538,-193.4754086756668
25,2539,-193.41310790767903
25,2540,-193.35080713969126
25,2541,-193.28850637170348
25,2542,-193.2262056037157
25,2543,-193.16390483572792
25,2544,-193.10160406774014
25,2545,-193.03930329975236
25,2546,-192.97700253176458
25,2547,-192.9147017637768
25,2548,-192.85240099578903
25,2549,-192.79010022780125
25,2550,-192.72779945981347
25,2551,-192.6654986918257
25,2552,-192.6031979238379
25,2553,-192.54089715585013
25,2554,-192.47859638786235
25,2555,-192.41629561987457
25,2556,-192.3539948518868
25,2557,-192.29169408389902
25,2558,-192.22939331591124
25,2559,-192.16709254792346
25,2560,-192.10479177993568
25,2561,-192.0424910119479
25,2562,-191.98019024396012
25,2563,-191.91788947597234
25,2564,-191.85558870798457
25,2565,-191.7932879399968
25,2566,-191.730987172009
25,2567,-191.66868640402123
25,2568,-191.60638563603345
25,2569,-191.54408486804567
25,2570,-191.4817841000579
25,2571,-191.41948333207012
25,2572,-191.35718256408234
25,2573,-191.3156434399104
25,2574,-191.27410431573844
25,2575,-191.2325651915665
25,2576,-191.19102606739455
25,2577,-191.1494869432226
25,2578,-191.10794781905065
25,2579,-191.0664086948787
25,2580,-191.02486957070676
25,2581,-190.9833304465348
25,2582,-190.94179132236286
25,2583,-190.9002521981909
25,2584,-190.85871307401897
25,2585,-190.81717394984702
25,2586,-190.77563482567507
25,2587,-190.73409570150312
25,2588,-190.69255657733117
25,2589,-190.65101745315923
25,2590,-190.60947832898728
25,2591,-190.56793920481533
25,2592,-190.52640008064338
25,2593,-190.48486095647144
25,2594,-190.4433218322995
25,2595,-190.40178270812754
25,2596,-190.3602435839556
25,2597,-190.31870445978365
25,2598,-190.2771653356117
25,2599,-190.23562621143975
25,2600,-190.1940870872678
25,2601,-190.15254796309586
25,2602,-190.1110088389239
25,2603,-190.06946971475196
25,2604,-190.02793059058
25,2605,-189.98639146640807
25,2606,-189.94485234223612
25,2607,-189.90331321806417
25,2608,-189.86177409389222
25,2609,-189.82023496972027
25,2610,-189.77869584554833
25,2611,-189.73715672137638
25,2612,-189.69561759720443
25,2613,-189.65407847303248
25,2614,-189.61253934886054
25,2615,-189.5710002246886
25,2616,-189.52946110051664
25,2617,-189.4879219763447
25,2618,-189.44638285217275
25,2619,-189.4048437280008
25,2620,-189.36330460382885
25,2621,-189.3217654796569
25,2622,-189.28022635548496
26,2623,-189.238687231313
26,2624,-189.19714810714106
26,2625,-189.1556089829691
26,2626,-189.11406985879717
26,2627,-189.07253073462522
26,2628,-189.03099161045327
26,2629,-188.98945248628132
26,2630,-188.94791336210938
26,2631,-188.90637423793743
26,2632,-188.86483511376548
26,2633,-188.82329598959353
26,2634,-188.78175686542158
26,2635,-188.74021774124964
26,2636,-188.6986786170777
26,2637,-188.65713949290574
26,2638,-188.6156003687338
26,2639,-188.57406124456185
26,2640,-188.5325221203899
26,2641,-188.49098299621795
26,2642,-188.449443872046
26,2643,-188.40790474787406
26,2644,-188.3663656237021
26,2645,-188.32482649953016
26,2646,-188.2832873753582
26,2647,-188.24174825118627
26,2648,-188.20020912701432
26,2649,-188.15867000284237
26,2650,-188.11713087867042
26,2651,-188.07559175449848
26,2652,-188.03405263032653
26,2653,-187.99251350615458
26,2654,-187.95097438198263
26,2655,-187.90943525781069
26,2656,-187.86789613363874
26,2657,-187.8263570094668
26,2658,-187.78481788529484
26,2659,-187.7432787611229
26,2660,-187.70173963695095
26,2661,-187.660200512779
26,2662,-187.61866138860705
26,2663,-187.5771222644351
26,2664,-187.53558314026316
26,2665,-187.4940440160912
26,2666,-187.45250489191926
26,2667,-187.4109657677473
26,2668,-187.36942664357537
26,2669,-187.32788751940342
26,2670,-187.28634839523147
26,2671,-187.24480927105952
26,2672,-187.20327014688758
26,2673,-187.16173102271563
26,2674,-187.1409597664895
26,2675,-187.12018851026335
26,2676,-187.0994172540372
26,2677,-187.07864599781107
26,2678,-187.05787474158493
26,2679,-187.03710348535878
26,2680,-187.01633222913264
26,2681,-186.9955609729065
26,2682,-186.97478971668036
26,2683,-186.95401846045422
26,2684,-186.93324720422808
26,2685,-186.91247594800194
26,2686,-186.8917046917758
26,2687,-186.87093343554966
26,2688,-186.85016217932352
26,2689,-186.82939092309738
26,2690,-186.80861966687124
26,2691,-186.7878484106451
26,2692,-186.76707715441896
26,2693,-186.74630589819282
26,2694,-186.72553464196668
26,2695,-186.70476338574053
26,2696,-186.6839921295144
26,2697,-186.66322087328825
26,2698,-186.6424496170621
26,2699,-186.62167836083597
26,2700,-186.60090710460983
26,2701,-186.5801358483837
26,2702,-186.55936459215755
26,2703,-186.5385933359314
26,2704,-186.51782207970527
26,2705,-186.49705082347913
26,2706,-186.476279567253
26,2707,-186.45550831102685
26,2708,-186.4347370548007
26,2709,-186.41396579857457
26,2710,-186.39319454234843
26,2711,-186.37242328612228
26,2712,-186.35165202989614
26,2713,-186.33088077367
26,2714,-186.31010951744386
26,2715,-186.28933826121772
26,2716,-186.26856700499158
26,2717,-186.24779574876544
26,2718,-186.2270244925393
26,2719,-186.20625323631316
26,2720,-186.18548198008702
26,2721,-186.16471072386088
26,2722,-186.14393946763474
26,2723,-186.1231682114086
27,2724,-186.10239695518246
27,2725,-186.08162569895632
27,2726,-186.06085444273018
27,2727,-186.04008318650403
27,2728,-186.0193119302779
27,2729,-185.99854067405175
27,2730,-185.9777694178256
27,2731,-185.95699816159947
27,2732,-185.93622690537333
27,2733,-185.9154556491472
27,2734,-185.89468439292105
27,2735,-185.8739131366949
27,2736,-185.85314188046877
27,2737,-185.83237062424263
27,2738,-185.8115993680165
27,2739,-185.79082811179035
27,2740,-185.7700568555642
27,2741,-185.74928559933807
27,2742,-185.72851434311193
27,2743,-185.70774308688578
27,2744,-185.68697183065964
27,2745,-185.6662005744335
27,2746,-185.64542931820736
27,2747,-185.62465806198122
27,2748,-185.60388680575508
27,2749,-185.58311554952894
27,2750,-185.5623442933028
27,2751,-185.54157303707666
27,2752,-185.52080178085052
27,2753,-185.50003052462438
27,2754,-185.47925926839824
27,2755,-185.4584880121721
27,2756,-185.43771675594596
27,2757,-185.41694549971982
27,2758,-185.39617424349368
27,2759,-185.37540298726753
27,2760,-185.3546317310414
27,2761,-185.33386047481525
27,2762,-185.3130892185891
27,2763,-185.29231796236297
27,2764,-185.27154670613683
27,2765,-185.2507754499107
27,2766,-185.23000419368455
27,2767,-185.2092329374584
27,2768,-185.18846168123227
27,2769,-185.16769042500613
27,2770,-185.14691916878
27,2771,-185.12614791255385
27,2772,-185.1053766563277
27,2773,-185.08460540010157
27,2774,-185.06383414387543
27,2775,-185.04306288764928
27,2776,-185.04326876204757
27,2777,-185.04347463644586
27,2778,-185.04368051084415
27,2779,-185.04388638524244
27,2780,-185.04409225964073
27,2781,-185.04429813403902
27,2782,-185.04450400843731
27,2783,-185.0447098828356
27,2784,-185.0449157572339
27,2785,-185.04512163163218
27,2786,-185.04532750603047
27,2787,-185.04553338042876
27,2788,-185.04573925482705
27,2789,-185.04594512922534
27,2790,-185.04615100362363
27,2791,-185.04635687802192
27,2792,-185.04656275242021
27,2793,-185.0467686268185
27,2794,-185.0469745012168
27,2795,-185.04718037561508
27,2796,-185.04738625001337
27,2797,-185.04759212441166
27,2798,-185.04779799880995
27,2799,-185.04800387320824
27,2800,-185.04820974760653
27,2801,-185.04841562200482
27,2802,-185.04862149640311
27,2803,-185.0488273708014
27,2804,-185.0490332451997
27,2805,-185.04923911959798
27,2806,-185.04944499399627
27,2807,-185.04965086839456
27,2808,-185.04985674279285
27,2809,-185.05006261719114
27,2810,-185.05026849158943
27,2811,-185.05047436598772
27,2812,-185.05068024038601
27,2813,-185.0508861147843
27,2814,-185.0510919891826
27,2815,-185.05129786358088
27,2816,-185.05150373797917
27,2817,-185.05170961237746
27,2818,-185.05191548677575
27,2819,-185.05212136117404
27,2820,-185.05232723557233
27,2821,-185.05253310997062
27,2822,-185.05273898436891
27,2823,-185.0529448587672
27,2824,-185.0531507331655
27,2825,-185.05335660756379
28,2826,-185.05356248196208
28,2827,-185.05376835636037
28,2828,-185.05397423075866
28,2829,-185.05418010515695
28,2830,-185.05438597955524
28,2831,-185.05459185395353
28,2832,-185.05479772835182
28,2833,-185.0550036027501
28,2834,-185.0552094771484
28,2835,-185.05541535154669
28,2836,-185.05562122594498
28,2837,-185.05582710034327
28,2838,-185.05603297474156
28,2839,-185.05623884913985
28,2840,-185.05644472353814
28,2841,-185.05665059793643
28,2842,-185.05685647233472
28,2843,-185.057062346733
28,2844,-185.0572682211313
28,2845,-185.05747409552959
28,2846,-185.05767996992788
28,2847,-185.05788584432617
28,2848,-185.05809171872446
28,2849,-185.05829759312275
28,2850,-185.05850346752104
28,2851,-185.05870934191933
28,2852,-185.05891521631762
28,2853,-185.0591210907159
28,2854,-185.0593269651142
28,2855,-185.05953283951249
28,2856,-185.05973871391078
28,2857,-185.05994458830907
28,2858,-185.06015046270736
28,2859,-185.06035633710565
28,2860,-185.06056221150394
28,2861,-185.06076808590223
28,2862,-185.06097396030052
28,2863,-185.0611798346988
28,2864,-185.0613857090971
28,2865,-185.06159158349539
28,2866,-185.06179745789368
28,2867,-185.06200333229197
28,2868,-185.06220920669026
28,2869,-185.06241508108855
28,2870,-185.06262095548684
28,2871,-185.06282682988513
28,2872,-185.06303270428342
28,2873,-185.0632385786817
28,2874,-185.06344445308
28,2875,-185.06365032747829
28,2876,-185.08442158370443
28,2877,-185.10519283993057
28,2878,-185.1259640961567
28,2879,-185.14673535238285
28,2880,-185.167506608609
28,2881,-185.18827786483513
28,2882,-185.20904912106127
28,2883,-185.2298203772874
28,2884,-185.25059163351355
28,2885,-185.2713628897397
28,2886,-185.29213414596583
28,2887,-185.31290540219197
28,2888,-185.3336766584181
28,2889,-185.35444791464425
28,2890,-185.3752191708704
28,2891,-185.39599042709654
28,2892,-185.41676168332268
28,2893,-185.43753293954882
28,2894,-185.45830419577496
28,2895,-185.4790754520011
28,2896,-185.49984670822724
28,2897,-185.52061796445338
28,2898,-185.54138922067952
28,2899,-185.56216047690566
28,2900,-185.5829317331318
28,2901,-185.60370298935794
28,2902,-185.62447424558408
28,2903,-185.64524550181022
28,2904,-185.66601675803636
28,2905,-185.6867880142625
28,2906,-185.70755927048864
28,2907,-185.72833052671479
28,2908,-185.74910178294093
28,2909,-185.76987303916707
28,2910,-185.7906442953932
28,2911,-185.81141555161935
28,2912,-185.8321868078455
28,2913,-185.85295806407163
28,2914,-185.87372932029777
28,2915,-185.8945005765239
28,2916,-185.91527183275005
28,2917,-185.9360430889762
28,2918,-185.95681434520233
28,2919,-185.97758560142847
28,2920,-185.9983568576546
28,2921,-186.01912811388075
28,2922,-186.0398993701069
28,2923,-186.06067062633304
28,2924,-186.08144188255918
28,2925,-186.10221313878532
29,2926,-186.12298439501146
29,2927,-186.1437556512376
29,2928,-186.16452690746374
29,2929,-186.18529816368988
29,2930,-186.20606941991602
29,2931,-186.22684067614216
29,2932,-186.2476119323683
29,2933,-186.26838318859444
29,2934,-186.28915444482058
29,2935,-186.30992570104672
29,2936,-186.33069695727286
29,2937,-186.351468213499
29,2938,-186.37223946972514
29,2939,-186.39301072595129
29,2940,-186.41378198217743
29,2941,-186.43455323840357
29,2942,-186.4553244946297
29,2943,-186.47609575085585
29,2944,-186.496867007082
29,2945,-186.51763826330813
29,2946,-186.53840951953427
29,2947,-186.5591807757604
29,2948,-186.57995203198655
29,2949,-186.6007232882127
29,2950,-186.62149454443883
29,2951,-186.64226580066497
29,2952,-186.6630370568911
29,2953,-186.68380831311725
29,2954,-186.7045795693434
29,2955,-186.72535082556954
29,2956,-186.74612208179568
29,2957,-186.76689333802182
29,2958,-186.78766459424796
29,2959,-186.8084358504741
29,2960,-186.82920710670024
29,2961,-186.84997836292638
29,2962,-186.87074961915252
29,2963,-186.89152087537866
29,2964,-186.9122921316048
29,2965,-186.93306338783094
29,2966,-186.95383464405708
29,2967,-186.97460590028322
29,2968,-186.99537715650936
29,2969,-187.0161484127355
29,2970,-187.03691966896164
29,2971,-187.05769092518779
29,2972,-187.07846218141393
29,2973,-187.09923343764007
29,2974,-187.1200046938662
29,2975,-187.14077595009235
29,2976,-187.1615472063185
29,2977,-187.20308633049044
29,2978,-187.24462545466238
29,2979,-187.28616457883433
29,2980,-187.32770370300628
29,2981,-187.36924282717823
29,2982,-187.41078195135017
29,2983,-187.45232107552212
29,2984,-187.49386019969407
29,2985,-187.53539932386602
29,2986,-187.57693844803796
29,2987,-187.6184775722099
29,2988,-187.66001669638186
29,2989,-187.7015558205538
29,2990,-187.74309494472575
29,2991,-187.7846340688977
29,2992,-187.82617319306965
29,2993,-187.8677123172416
29,2994,-187.90925144141355
29,2995,-187.9507905655855
29,2996,-187.99232968975744
29,2997,-188.0338688139294
29,2998,-188.07540793810134
29,2999,-188.11694706227328
29,3000,-188.15848618644523
29,3001,-188.20002531061718
29,3002,-188.24156443478913
29,3003,-188.28310355896107
29,3004,-188.32464268313302
29,3005,-188.36618180730497
29,3006,-188.40772093147692
29,3007,-188.44926005564886
29,3008,-188.4907991798208
29,3009,-188.53233830399276
29,3010,-188.5738774281647
29,3011,-188.61541655233665
29,3012,-188.6569556765086
29,3013,-188.69849480068055
29,3014,-188.7400339248525
29,3015,-188.78157304902444
29,3016,-188.8231121731964
29,3017,-188.86465129736834
29,3018,-188.9061904215403
29,3019,-188.94772954571224
29,3020,-188.98926866988418
29,3021,-189.03080779405613
29,3022,-189.07234691822808
29,3023,-189.11388604240003
29,3024,-189.15542516657197
29,3025,-189.19696429074392
29,3026,-189.23850341491587
30,3027,-189.28004253908782
30,3028,-189.32158166325976
30,3029,-189.3631207874317
30,3030,-189.40465991160366
30,3031,-189.4461990357756
30,3032,-189.48773815994755
30,3033,-189.5292772841195
30,3034,-189.57081640829145
30,3035,-189.6123555324634
30,3036,-189.65389465663534
30,3037,-189.6954337808073
30,3038,-189.73697290497924
30,3039,-189.7785120291512
30,3040,-189.82005115332313
30,3041,-189.86159027749508
30,3042,-189.90312940166703
30,3043,-189.94466852583898
30,3044,-189.98620765001093
30,3045,-190.02774677418287
30,3046,-190.06928589835482
30,3047,-190.11082502252677
30,3048,-190.15236414669872
30,3049,-190.19390327087066
30,3050,-190.2354423950426
30,3051,-190.27698151921456
30,3052,-190.3185206433865
30,3053,-190.36005976755845
30,3054,-190.4015988917304
30,3055,-190.44313801590235
30,3056,-190.4846771400743
30,3057,-190.52621626424624
30,3058,-190.5677553884182
30,3059,-190.60929451259014
30,3060,-190.6508336367621
30,3061,-190.69237276093403
30,3062,-190.73391188510598
30,3063,-190.77545100927793
30,3064,-190.81699013344988
30,3065,-190.85852925762183
30,3066,-190.90006838179377
30,3067,-190.94160750596572
30,3068,-190.98314663013767
30,3069,-191.02468575430962
30,3070,-191.06622487848156
30,3071,-191.1077640026535
30,3072,-191.14930312682546
30,3073,-191.1908422509974
30,3074,-191.23238137516935
30,3075,-191.2739204993413
30,3076,-191.31545962351325
30,3077,-191.3569987476852
30,3078,-191.41929951567298
30,3079,-191.48160028366075
30,3080,-191.54390105164853
30,3081,-191.6062018196363
30,3082,-191.6685025876241
30,3083,-191.73080335561187
30,3084,-191.79310412359965
30,3085,-191.85540489158743
30,3086,-191.9177056595752
30,3087,-191.98000642756298
30,3088,-192.04230719555076
30,3089,-192.10460796353854
30,3090,-192.16690873152632
30,3091,-192.2292094995141
30,3092,-192.29151026750188
30,3093,-192.35381103548966
30,3094,-192.41611180347743
30,3095,-192.4784125714652
30,3096,-192.540713339453
30,3097,-192.60301410744077
30,3098,-192.66531487542855
30,3099,-192.72761564341633
30,3100,-192.7899164114041
30,3101,-192.8522171793919
30,3102,-192.91451794737966
30,3103,-192.97681871536744
30,3104,-193.03911948335522
30,3105,-193.101420251343
30,3106,-193.16372101933078
30,3107,-193.22602178731856
30,3108,-193.28832255530634
30,3109,-193.35062332329412
30,3110,-193.4129240912819
30,3111,-193.47522485926967
30,3112,-193.53752562725745
30,3113,-193.59982639524523
30,3114,-193.662127163233
30,3115,-193.7244279312208
30,3116,-193.78672869920857
30,3117,-193.84902946719635
30,3118,-193.91133023518412
30,3119,-193.9736310031719
30,3120,-194.03593177115968
30,3121,-194.09823253914746
30,3122,-194.16053330713524
30,3123,-194.22283407512302
30,3124,-194.2851348431108
30,3125,-194.34743561109858
30,3126,-194.40973637908635
30,3127,-194.47203714707413
31,3128,-194.5343379150619
31,3129,-194.5966386830497
31,3130,-194.65893945103747
31,3131,-194.72124021902525
31,3132,-194.78354098701303
31,3133,-194.8458417550008
31,3134,-194.90814252298858
31,3135,-194.97044329097636
31,3136,-195.03274405896414
31,3137,-195.09504482695192
31,3138,-195.1573455949397
31,3139,-195.21964636292748
31,3140,-195.28194713091526
31,3141,-195.34424789890303
31,3142,-195.4065486668908
31,3143,-195.4688494348786
31,3144,-195.53115020286637
31,3145,-195.59345097085415
31,3146,-195.65575173884193
31,3147,-195.7180525068297
31,3148,-195.7803532748175
31,3149,-195.84265404280526
31,3150,-195.90495481079304
31,3151,-195.96725557878082
31,3152,-196.0295563467686
31,3153,-196.09185711475638
31,3154,-196.15415788274416
31,3155,-196.21645865073194
31,3156,-196.27875941871972
31,3157,-196.3410601867075
31,3158,-196.40336095469527
31,3159,-196.46566172268305
31,3160,-196.52796249067083
31,3161,-196.5902632586586
31,3162,-196.6525640266464
31,3163,-196.71486479463417
31,3164,-196.77716556262195
31,3165,-196.83946633060972
31,3166,-196.9017670985975
31,3167,-196.96406786658528
31,3168,-197.02636863457306
31,3169,-197.08866940256084
31,3170,-197.15097017054862
31,3171,-197.2132709385364
31,3172,-197.27557170652418
31,3173,-197.33787247451195
31,3174,-197.40017324249973
31,3175,-197.4624740104875
31,3176,-197.5247747784753
31,3177,-197.58707554646307
31,3178,-197.64937631445085
31,3179,-197.7324289526303
31,3180,-197.81548159080975
31,3181,-197.8985342289892
31,3182,-197.98158686716866
31,3183,-198.0646395053481
31,3184,-198.14769214352756
31,3185,-198.23074478170702
31,3186,-198.31379741988647
31,3187,-198.39685005806592
31,3188,-198.47990269624538
31,3189,-198.56295533442483
31,3190,-198.64600797260428
31,3191,-198.72906061078373
31,3192,-198.8121132489632
31,3193,-198.89516588714264
31,3194,-198.9782185253221
31,3195,-199.06127116350154
31,3196,-199.144323801681
31,3197,-199.22737643986045
31,3198,-199.3104290780399
31,3199,-199.39348171621936
31,3200,-199.4765343543988
31,3201,-199.55958699257826
31,3202,-199.6426396307577
31,3203,-199.72569226893717
31,3204,-199.80874490711662
31,3205,-199.89179754529607
31,3206,-199.97485018347552
31,3207,-200.05790282165498
31,3208,-200.14095545983443
31,3209,-200.22400809801388
31,3210,-200.30706073619334
31,3211,-200.3901133743728
31,3212,-200.47316601255224
31,3213,-200.5562186507317
31,3214,-200.63927128891115
31,3215,-200.7223239270906
31,3216,-200.80537656527005
31,3217,-200.8884292034495
31,3218,-200.97148184162896
31,3219,-201.0545344798084
31,3220,-201.13758711798786
31,3221,-201.22063975616732
31,3222,-201.30369239434677
31,3223,-201.38674503252622
31,3224,-201.46979767070567
31,3225,-201.55285030888513
31,3226,-201.63590294706458
31,3227,-201.71895558524403
31,3228,-201.80200822342348
32,3229,-201.88506086160294
32,3230,-201.9681134997824
32,3231,-202.05116613796184
32,3232,-202.1342187761413
32,3233,-202.21727141432075
32,3234,-202.3003240525002
32,3235,-202.38337669067965
32,3236,-202.4664293288591
32,3237,-202.54948196703856
32,3238,-202.632534605218
32,3239,-202.71558724339747
32,3240,-202.79863988157692
32,3241,-202.88169251975637
32,3242,-202.96474515793582
32,3243,-203.04779779611528
32,3244,-203.13085043429473
32,3245,-203.21390307247418
32,3246,-203.29695571065363
32,3247,-203.3800083488331
32,3248,-203.46306098701254
32,3249,-203.546113625192
32,3250,-203.62916626337145
32,3251,-203.7122189015509
32,3252,-203.79527153973035
32,3253,-203.8783241779098
32,3254,-203.96137681608926
32,3255,-204.0444294542687
32,3256,-204.12748209244816
32,3257,-204.21053473062761
32,3258,-204.29358736880707
32,3259,-204.37664000698652
32,3260,-204.45969264516597
32,3261,-204.54274528334543
32,3262,-204.62579792152488
32,3263,-204.70885055970433
32,3264,-204.79190319788378
32,3265,-204.87495583606324
32,3266,-204.9580084742427
32,3267,-205.04106111242214
32,3268,-205.1241137506016
32,3269,-205.20716638878105
32,3270,-205.2902190269605
32,3271,-205.37327166513995
32,3272,-205.4563243033194
32,3273,-205.53937694149886
32,3274,-205.6224295796783
32,3275,-205.70548221785776
32,3276,-205.78853485603722
32,3277,-205.87158749421667
32,3278,-205.95464013239612
32,3279,-206.03769277057557
32,3280,-206.14148262390069
32,3281,-206.2452724772258
32,3282,-206.3490623305509
32,3283,-206.45285218387602
32,3284,-206.55664203720113
32,3285,-206.66043189052624
32,3286,-206.76422174385135
32,3287,-206.86801159717646
32,3288,-206.97180145050157
32,3289,-207.07559130382668
32,3290,-207.1793811571518
32,3291,-207.2831710104769
32,3292,-207.38696086380202
32,3293,-207.49075071712713
32,3294,-207.59454057045224
32,3295,-207.69833042377735
32,3296,-207.80212027710246
32,3297,-207.90591013042757
32,3298,-208.00969998375268
32,3299,-208.1134898370778
32,3300,-208.2172796904029
32,3301,-208.32106954372802
32,3302,-208.42485939705313
32,3303,-208.52864925037824
32,3304,-208.63243910370335
32,3305,-208.73622895702846
32,3306,-208.84001881035357
32,3307,-208.94380866367868
32,3308,-209.0475985170038
32,3309,-209.1513883703289
32,3310,-209.255178223654
32,3311,-209.35896807697912
32,3312,-209.46275793030424
32,3313,-209.56654778362935
32,3314,-209.67033763695446
32,3315,-209.77412749027957
32,3316,-209.87791734360468
32,3317,-209.9817071969298
32,3318,-210.0854970502549
32,3319,-210.18928690358
32,3320,-210.29307675690512
32,3321,-210.39686661023023
32,3322,-210.50065646355534
32,3323,-210.60444631688046
32,3324,-210.70823617020557
32,3325,-210.81202602353068
32,3326,-210.9158158768558
32,3327,-211.0196057301809
32,3328,-211.123395583506
33,3329,-211.22718543683112
33,3330,-211.33097529015623
33,3331,-211.43476514348134
33,3332,-211.53855499680645
33,3333,-211.64234485013156
33,3334,-211.74613470345668
33,3335,-211.8499245567818
33,3336,-211.9537144101069
33,3337,-212.057504263432
33,3338,-212.16129411675712
33,3339,-212.26508397008223
33,3340,-212.36887382340734
33,3341,-212.47266367673245
33,3342,-212.57645353005756
33,3343,-212.68024338338267
33,3344,-212.78403323670778
33,3345,-212.8878230900329
33,3346,-212.991612943358
33,3347,-213.09540279668312
33,3348,-213.19919265000823
33,3349,-213.30298250333334
33,3350,-213.40677235665845
33,3351,-213.51056220998356
33,3352,-213.61435206330867
33,3353,-213.71814191663378
33,3354,-213.8219317699589
33,3355,-213.925721623284
33,3356,-214.02951147660912
33,3357,-214.13330132993423
33,3358,-214.23709118325934
33,3359,-214.34088103658445
33,3360,-214.44467088990956
33,3361,-214.54846074323467
33,3362,-214.65225059655978
33,3363,-214.7560404498849
33,3364,-214.85983030321
33,3365,-214.96362015653511
33,3366,-215.06741000986023
33,3367,-215.17119986318534
33,3368,-215.27498971651045
33,3369,-215.37877956983556
33,3370,-215.48256942316067
33,3371,-215.58635927648578
33,3372,-215.6901491298109
33,3373,-215.793938983136
33,3374,-215.8977288364611
33,3375,-216.00151868978622
33,3376,-216.10530854311133
33,3377,-216.20909839643645
33,3378,-216.31288824976156
33,3379,-216.41667810308667
33,3380,-216.54118692549892
33,3381,-216.66569574791117
33,3382,-216.79020457032343
33,3383,-216.91471339273568
33,3384,-217.03922221514793
33,3385,-217.16373103756018
33,3386,-217.28823985997244
33,3387,-217.4127486823847
33,3388,-217.53725750479694
33,3389,-217.6617663272092
33,3390,-217.78627514962145
33,3391,-217.9107839720337
33,3392,-218.03529279444595
33,3393,-218.1598016168582
33,3394,-218.28431043927046
33,3395,-218.4088192616827
33,3396,-218.53332808409496
33,3397,-218.6578369065072
33,3398,-218.78234572891947
33,3399,-218.90685455133172
33,3400,-219.03136337374397
33,3401,-219.15587219615622
33,3402,-219.28038101856848
33,3403,-219.40488984098073
33,3404,-219.52939866339298
33,3405,-219.65390748580523
33,3406,-219.7784163082175
33,3407,-219.90292513062974
33,3408,-220.027433953042
33,3409,-220.15194277545424
33,3410,-220.2764515978665
33,3411,-220.40096042027875
33,3412,-220.525469242691
33,3413,-220.64997806510326
33,3414,-220.7744868875155
33,3415,-220.89899570992776
33,3416,-221.02350453234
33,3417,-221.14801335475227
33,3418,-221.27252217716452
33,3419,-221.39703099957677
33,3420,-221.52153982198902
33,3421,-221.64604864440128
33,3422,-221.77055746681353
33,3423,-221.89506628922578
33,3424,-222.01957511163803
33,3425,-222.1440839340503
33,3426,-222.26859275646254
33,3427,-222.3931015788748
33,3428,-222.51761040128704
33,3429,-222.6421192236993
34,3430,-222.76662804611155
34,3431,-222.8911368685238
34,3432,-223.01564569093605
34,3433,-223.1401545133483
34,3434,-223.26466333576056
34,3435,-223.3891721581728
34,3436,-223.51368098058506
34,3437,-223.63818980299732
34,3438,-223.76269862540957
34,3439,-223.88720744782182
34,3440,-224.01171627023407
34,3441,-224.13622509264633
34,3442,-224.26073391505858
34,3443,-224.38524273747083
34,3444,-224.50975155988309
34,3445,-224.63426038229534
34,3446,-224.7587692047076
34,3447,-224.88327802711984
34,3448,-225.0077868495321
34,3449,-225.13229567194435
34,3450,-225.2568044943566
34,3451,-225.38131331676885
34,3452,-225.5058221391811
34,3453,-225.63033096159336
34,3454,-225.7548397840056
34,3455,-225.87934860641786
34,3456,-226.00385742883012
34,3457,-226.12836625124237
34,3458,-226.25287507365462
34,3459,-226.37738389606687
34,3460,-226.50189271847913
34,3461,-226.62640154089138
34,3462,-226.75091036330363
34,3463,-226.87541918571588
34,3464,-226.99992800812814
34,3465,-227.1244368305404
34,3466,-227.24894565295264
34,3467,-227.3734544753649
34,3468,-227.49796329777715
34,3469,-227.6224721201894
34,3470,-227.74698094260165
34,3471,-227.8714897650139
34,3472,-227.99599858742616
34,3473,-228.1205074098384
34,3474,-228.24501623225066
34,3475,-228.36952505466292
34,3476,-228.49403387707517
34,3477,-228.61854269948742
34,3478,-228.74305152189967
34,3479,-228.86756034431193
34,3480,-228.99206916672418
34,3481,-229.13727263416928
34,3482,-229.28247610161438
34,3483,-229.42767956905948
34,3484,-229.57288303650458
34,3485,-229.71808650394968
34,3486,-229.86328997139478
34,3487,-230.00849343883988
34,3488,-230.15369690628498
34,3489,-230.29890037373008
34,3490,-230.44410384117518
34,3491,-230.58930730862028
34,3492,-230.73451077606538
34,3493,-230.87971424351048
34,3494,-231.02491771095558
34,3495,-231.17012117840068
34,3496,-231.31532464584578
34,3497,-231.46052811329088
34,3498,-231.60573158073598
34,3499,-231.75093504818108
34,3500,-231.89613851562618
34,3501,-232.04134198307128
34,3502,-232.18654545051638
34,3503,-232.33174891796148
34,3504,-232.47695238540658
34,3505,-232.62215585285168
34,3506,-232.76735932029678
34,3507,-232.91256278774188
34,3508,-233.05776625518698
34,3509,-233.20296972263208
34,3510,-233.34817319007718
34,3511,-233.49337665752228
34,3512,-233.63858012496738
34,3513,-233.78378359241248
34,3514,-233.92898705985758
34,3515,-234.07419052730268
34,3516,-234.21939399474778
34,3517,-234.36459746219288
34,3518,-234.50980092963798
34,3519,-234.65500439708308
34,3520,-234.80020786452818
34,3521,-234.94541133197328
34,3522,-235.09061479941838
34,3523,-235.23581826686348
34,3524,-235.38102173430858
34,3525,-235.52622520175368
34,3526,-235.67142866919878
34,3527,-235.81663213664388
34,3528,-235.96183560408898
34,3529,-236.10703907153407
34,3530,-236.25224253897917
35,3531,-236.39744600642427
35,3532,-236.54264947386937
35,3533,-236.68785294131447
35,3534,-236.83305640875957
35,3535,-236.97825987620467
35,3536,-237.12346334364977
35,3537,-237.26866681109487
35,3538,-237.41387027853997
35,3539,-237.55907374598507
35,3540,-237.70427721343017
35,3541,-237.84948068087527
35,3542,-237.99468414832037
35,3543,-238.13988761576547
35,3544,-238.28509108321057
35,3545,-238.43029455065567
35,3546,-238.57549801810077
35,3547,-238.72070148554587
35,3548,-238.86590495299097
35,3549,-239.01110842043607
35,3550,-239.15631188788117
35,3551,-239.30151535532627
35,3552,-239.44671882277137
35,3553,-239.59192229021647
35,3554,-239.73712575766157
35,3555,-239.88232922510667
35,3556,-240.02753269255177
35,3557,-240.17273615999687
35,3558,-240.31793962744197
35,3559,-240.46314309488707
35,3560,-240.60834656233217
35,3561,-240.75355002977727
35,3562,-240.89875349722237
35,3563,-241.04395696466747
35,3564,-241.18916043211257
35,3565,-241.33436389955767
35,3566,-241.47956736700277
35,3567,-241.62477083444787
35,3568,-241.76997430189297
35,3569,-241.91517776933807
35,3570,-242.06038123678317
35,3571,-242.20558470422827
35,3572,-242.35078817167337
35,3573,-242.49599163911847
35,3574,-242.64119510656357
35,3575,-242.78639857400867
35,3576,-242.93160204145377
35,3577,-243.07680550889887
35,3578,-243.22200897634397
35,3579,-243.36721244378907
35,3580,-243.51241591123417
35,3581,-243.65761937867927
35,3582,-243.82348491701467
35,3583,-243.98935045535006
35,3584,-244.15521599368546
35,3585,-244.32108153202086
35,3586,-244.48694707035625
35,3587,-244.65281260869165
35,3588,-244.81867814702704
35,3589,-244.98454368536244
35,3590,-245.15040922369784
35,3591,-245.31627476203323
35,3592,-245.48214030036863
35,3593,-245.64800583870402
35,3594,-245.81387137703942
35,3595,-245.97973691537481
35,3596,-246.1456024537102
35,3597,-246.3114679920456
35,3598,-246.477333530381
35,3599,-246.6431990687164
35,3600,-246.8090646070518
35,3601,-246.9749301453872
35,3602,-247.1407956837226
35,3603,-247.30666122205798
35,3604,-247.47252676039338
35,3605,-247.63839229872877
35,3606,-247.80425783706417
35,3607,-247.97012337539957
35,3608,-248.13598891373496
35,3609,-248.30185445207036
35,3610,-248.46771999040575
35,3611,-248.63358552874115
35,3612,-248.79945106707655
35,3613,-248.96531660541194
35,3614,-249.13118214374734
35,3615,-249.29704768208273
35,3616,-249.46291322041813
35,3617,-249.62877875875353
35,3618,-249.79464429708892
35,3619,-249.96050983542432
35,3620,-250.1263753737597
35,3621,-250.2922409120951
35,3622,-250.4581064504305
35,3623,-250.6239719887659
35,3624,-250.7898375271013
35,3625,-250.9557030654367
35,3626,-251.1215686037721
35,3627,-251.2874341421075
35,3628,-251.45329968044288
35,3629,-251.61916521877828
35,3630,-251.78503075711367
35,3631,-251.95089629544907
36,3632,-252.11676183378447
36,3633,-252.28262737211986
36,3634,-252.44849291045526
36,3635,-252.61435844879065
36,3636,-252.78022398712605
36,3637,-252.94608952546145
36,3638,-253.11195506379684
36,3639,-253.27782060213224
36,3640,-253.44368614046763
36,3641,-253.60955167880303
36,3642,-253.77541721713843
36,3643,-253.94128275547382
36,3644,-254.10714829380922
36,3645,-254.2730138321446
36,3646,-254.43887937048
36,3647,-254.6047449088154
36,3648,-254.7706104471508
36,3649,-254.9364759854862
36,3650,-255.1023415238216
36,3651,-255.268207062157
36,3652,-255.43407260049239
36,3653,-255.59993813882778
36,3654,-255.76580367716318
36,3655,-255.93166921549857
36,3656,-256.09753475383394
36,3657,-256.2634002921693
36,3658,-256.4292658305047
36,3659,-256.59513136884004
36,3660,-256.7609969071754
36,3661,-256.9268624455108
36,3662,-257.09272798384615
36,3663,-257.2585935221815
36,3664,-257.4244590605169
36,3665,-257.59032459885225
36,3666,-257.7561901371876
36,3667,-257.922055675523
36,3668,-258.08792121385835
36,3669,-258.2537867521937
36,3670,-258.4196522905291
36,3671,-258.58551782886445
36,3672,-258.7513833671998
36,3673,-258.9172489055352
36,3674,-259.08311444387056
36,3675,-259.2489799822059
36,3676,-259.4148455205413
36,3677,-259.58071105887666
36,3678,-259.746576597212
36,3679,-259.9124421355474
36,3680,-260.07830767388276
36,3681,-260.24417321221813
36,3682,-260.4100387505535
36,3683,-260.59652536616284
36,3684,-260.7830119817722
36,3685,-260.9694985973815
36,3686,-261.15598521299086
36,3687,-261.3424718286002
36,3688,-261.52895844420954
36,3689,-261.7154450598189
36,3690,-261.9019316754282
36,3691,-262.08841829103756
36,3692,-262.2749049066469
36,3693,-262.46139152225624
36,3694,-262.6478781378656
36,3695,-262.8343647534749
36,3696,-263.02085136908426
36,3697,-263.2073379846936
36,3698,-263.39382460030293
36,3699,-263.5803112159123
36,3700,-263.7667978315216
36,3701,-263.95328444713095
36,3702,-264.1397710627403
36,3703,-264.32625767834963
36,3704,-264.512744293959
36,3705,-264.6992309095683
36,3706,-264.88571752517765
36,3707,-265.072204140787
36,3708,-265.25869075639633
36,3709,-265.4451773720057
36,3710,-265.631663987615
36,3711,-265.81815060322435
36,3712,-266.0046372188337
36,3713,-266.19112383444303
36,3714,-266.3776104500524
36,3715,-266.5640970656617
36,3716,-266.75058368127105
36,3717,-266.9370702968804
36,3718,-267.12355691248973
36,3719,-267.3100435280991
36,3720,-267.4965301437084
36,3721,-267.68301675931775
36,3722,-267.8695033749271
36,3723,-268.05598999053643
36,3724,-268.2424766061458
36,3725,-268.4289632217551
36,3726,-268.61544983736445
36,3727,-268.8019364529738
36,3728,-268.98842306858313
36,3729,-269.17490968419247
36,3730,-269.3613962998018
36,3731,-269.54788291541115
36,3732,-269.7343695310205
37,3733,-269.92085614662983
37,3734,-270.10734276223917
37,3735,-270.2938293778485
37,3736,-270.48031599345785
37,3737,-270.6668026090672
37,3738,-270.85328922467653
37,3739,-271.03977584028587
37,3740,-271.2262624558952
37,3741,-271.41274907150455
37,3742,-271.5992356871139
37,3743,-271.78572230272323
37,3744,-271.97220891833257
37,3745,-272.1586955339419
37,3746,-272.34518214955125
37,3747,-272.5316687651606
37,3748,-272.71815538076993
37,3749,-272.90464199637927
37,3750,-273.0911286119886
37,3751,-273.27761522759795
37,3752,-273.4641018432073
37,3753,-273.6505884588166
37,3754,-273.83707507442597
37,3755,-274.0235616900353
37,3756,-274.21004830564465
37,3757,-274.396534921254
37,3758,-274.5830215368633
37,3759,-274.76950815247267
37,3760,-274.955994768082
37,3761,-275.14248138369135
37,3762,-275.3289679993007
37,3763,-275.51545461491
37,3764,-275.70194123051937
37,3765,-275.8884278461287
37,3766,-276.07491446173805
37,3767,-275.74088493117733
37,3768,-275.4068554006166
37,3769,-275.0728258700559
37,3770,-274.7387963394952
37,3771,-274.4047668089345
37,3772,-274.07073727837377
37,3773,-273.73670774781306
37,3774,-273.40267821725234
37,3775,-273.06864868669163
37,3776,-272.7346191561309
37,3777,-272.4005896255702
37,3778,-272.0665600950095
37,3779,-271.7325305644488
37,3780,-271.39850103388807
37,3781,-271.06447150332735
37,3782,-270.73044197276664
37,3783,-270.39641244220593
37,3784,-270.0829509713976
37,3785,-269.7694895005893
37,3786,-269.456028029781
37,3787,-269.1425665589727
37,3788,-268.8291050881644
37,3789,-268.5156436173561
37,3790,-268.2021821465478
37,3791,-267.8887206757395
37,3792,-267.57525920493117
37,3793,-267.26179773412287
37,3794,-266.94833626331456
37,3795,-266.63487479250625
37,3796,-266.32141332169795
37,3797,-266.00795185088964
37,3798,-265.69449038008133
37,3799,-265.381028909273
37,3800,-265.0675674384647
37,3801,-264.7541059676564
37,3802,-264.4406444968481
37,3803,-264.1271830260398
37,3804,-263.8137215552315
37,3805,-263.5002600844232
37,3806,-263.1867986136149
37,3807,-262.8733371428066
37,3808,-262.55987567199827
37,3809,-262.24641420118996
37,3810,-261.93295273038166
37,3811,-261.61949125957335
37,3812,-261.30602978876504
37,3813,-260.99256831795674
37,3814,-260.67910684714843
37,3815,-260.3656453763401
37,3816,-260.0521839055318
37,3817,-259.7387224347235
37,3818,-259.4252609639152
37,3819,-259.1117994931069
37,3820,-258.7983380222986
37,3821,-258.4848765514903
37,3822,-258.171415080682
37,3823,-257.8579536098737
37,3824,-257.54449213906537
37,3825,-257.23103066825706
37,3826,-256.91756919744876
37,3827,-256.60410772664045
37,3828,-256.29064625583214
37,3829,-255.97718478502384
37,3830,-255.66372331421553
37,3831,-255.35026184340722
37,3832,-255.03680037259892
37,3833,-254.7233389017906
38,3834,-254.4098774309823
38,3835,-254.096415960174
38,3836,-253.7829544893657
38,3837,-253.4694930185574
38,3838,-253.15603154774908
38,3839,-252.84257007694077
38,3840,-252.52910860613247
38,3841,-252.21564713532416
38,3842,-251.90218566451586
38,3843,-251.58872419370755
38,3844,-251.27526272289924
38,3845,-250.96180125209094
38,3846,-250.64833978128263
38,3847,-250.33487831047432
38,3848,-250.02141683966602
38,3849,-249.7079553688577
38,3850,-249.3944938980494
38,3851,-249.0810324272411
38,3852,-248.7675709564328
38,3853,-248.45410948562449
38,3854,-248.14064801481618
38,3855,-247.82718654400787
38,3856,-247.51372507319957
38,3857,-247.20026360239126
38,3858,-246.88680213158295
38,3859,-246.57334066077465
38,3860,-246.25987918996634
38,3861,-245.94641771915803
38,3862,-245.63295624834973
38,3863,-245.31949477754142
38,3864,-245.00603330673312
38,3865,-244.6925718359248
38,3866,-244.3791103651165
38,3867,-244.0656488943082
38,3868,-243.7521874234999
38,3869,-243.43872595269158
38,3870,-243.12526448188328
38,3871,-242.81180301107497
38,3872,-242.49834154026667
38,3873,-242.18488006945836
38,3874,-241.87141859865005
38,3875,-241.55795712784175
38,3876,-241.24449565703344
38,3877,-240.93103418622513
38,3878,-240.61757271541683
38,3879,-240.30411124460852
38,3880,-239.99064977380021
38,3881,-239.6771883029919
38,3882,-239.3637268321836
38,3883,-239.0502653613753
38,3884,-238.736803890567
38,3885,-238.44384187287096
38,3886,-238.15087985517494
38,3887,-237.8579178374789
38,3888,-237.56495581978288
38,3889,-237.27199380208685
38,3890,-236.97903178439083
38,3891,-236.6860697666948
38,3892,-236.39310774899877
38,3893,-236.10014573130275
38,3894,-235.80718371360672
38,3895,-235.5142216959107
38,3896,-235.22125967821466
38,3897,-234.92829766051864
38,3898,-234.6353356428226
38,3899,-234.34237362512658
38,3900,-234.04941160743056
38,3901,-233.75644958973453
38,3902,-233.4634875720385
38,3903,-233.17052555434248
38,3904,-232.87756353664645
38,3905,-232.58460151895042
38,3906,-232.2916395012544
38,3907,-231.99867748355837
38,3908,-231.70571546586234
38,3909,-231.4127534481663
38,3910,-231.1197914304703
38,3911,-230.82682941277426
38,3912,-230.53386739507823
38,3913,-230.2409053773822
38,3914,-229.94794335968618
38,3915,-229.65498134199015
38,3916,-229.36201932429412
38,3917,-229.0690573065981
38,3918,-228.77609528890207
38,3919,-228.48313327120604
38,3920,-228.19017125351002
38,3921,-227.897209235814
38,3922,-227.60424721811796
38,3923,-227.31128520042193
38,3924,-227.0183231827259
38,3925,-226.72536116502988
38,3926,-226.43239914733385
38,3927,-226.13943712963783
38,3928,-225.8464751119418
38,3929,-225.55351309424577
38,3930,-225.26055107654975
38,3931,-224.96758905885372
38,3932,-224.6746270411577
38,3933,-224.38166502346166
38,3934,-224.08870300576564
39,3935,-223.7957409880696
39,3936,-223.50277897037358
39,3937,-223.20981695267756
39,3938,-222.91685493498153
39,3939,-222.6238929172855
39,3940,-222.33093089958948
39,3941,-222.03796888189345
39,3942,-221.74500686419742
39,3943,-221.4520448465014
39,3944,-221.15908282880537
39,3945,-220.86612081110934
39,3946,-220.5731587934133
39,3947,-220.2801967757173
39,3948,-219.98723475802126
39,3949,-219.69427274032523
39,3950,-219.4013107226292
39,3951,-219.10834870493318
39,3952,-218.81538668723715
39,3953,-218.52242466954112
39,3954,-218.2294626518451
39,3955,-217.93650063414907
39,3956,-217.64353861645304
39,3957,-217.35057659875702
39,3958,-217.057614581061
39,3959,-216.76465256336496
39,3960,-216.47169054566893
39,3961,-216.1787285279729
39,3962,-215.88576651027688
39,3963,-215.59280449258085
39,3964,-215.29984247488483
39,3965,-215.0068804571888
39,3966,-214.71391843949277
39,3967,-214.42095642179675
39,3968,-214.12799440410072
39,3969,-213.8350323864047
39,3970,-213.54207036870866
39,3971,-213.24910835101264
39,3972,-212.9561463333166
39,3973,-212.66318431562058
39,3974,-212.37022229792456
39,3975,-212.07726028022853
39,3976,-211.7842982625325
39,3977,-211.49133624483648
39,3978,-211.19837422714045
39,3979,-210.90541220944442
39,3980,-210.6124501917484
39,3981,-210.31948817405237
39,3982,-210.02652615635634
39,3983,-209.7335641386603
39,3984,-209.4406021209643
39,3985,-209.14764010326826
39,3986,-208.87508780568498
39,3987,-208.6025355081017
39,3988,-208.32998321051844
39,3989,-208.05743091293516
39,3990,-207.7848786153519
39,3991,-207.5123263177686
39,3992,-207.23977402018534
39,3993,-206.96722172260206
39,3994,-206.6946694250188
39,3995,-206.4221171274355
39,3996,-206.14956482985224
39,3997,-205.87701253226896
39,3998,-205.6044602346857
39,3999,-205.33190793710241
39,4000,-205.05935563951914
39,4001,-204.78680334193587
39,4002,-204.5142510443526
39,4003,-204.24169874676932
39,4004,-203.96914644918604
39,4005,-203.69659415160277
39,4006,-203.4240418540195
39,4007,-203.15148955643622
39,4008,-202.87893725885294
39,4009,-202.60638496126967
39,4010,-202.3338326636864
39,4011,-202.06128036610312
39,4012,-201.78872806851984
39,4013,-201.51617577093657
39,4014,-201.2436234733533
39,4015,-200.97107117577002
39,4016,-200.69851887818675
39,4017,-200.42596658060347
39,4018,-200.1534142830202
39,4019,-199.88086198543692
39,4020,-199.60830968785365
39,4021,-199.33575739027037
39,4022,-199.0632050926871
39,4023,-198.79065279510382
39,4024,-198.51810049752055
39,4025,-198.24554819993728
39,4026,-197.972995902354
39,4027,-197.70044360477073
39,4028,-197.42789130718745
39,4029,-197.15533900960418
39,4030,-196.8827867120209
39,4031,-196.61023441443763
39,4032,-196.33768211685435
39,4033,-196.06512981927108
39,4034,-195.7925775216878
39,4035,-195.52002522410453
40,4036,-195.24747292652125
40,4037,-194.97492062893798
40,4038,-194.7023683313547
40,4039,-194.42981603377143
40,4040,-194.15726373618816
40,4041,-193.88471143860488
40,4042,-193.6121591410216
40,4043,-193.33960684343833
40,4044,-193.06705454585506
40,4045,-192.79450224827178
40,4046,-192.5219499506885
40,4047,-192.24939765310523
40,4048,-191.97684535552196
40,4049,-191.70429305793868
40,4050,-191.4317407603554
40,4051,-191.15918846277214
40,4052,-190.88663616518886
40,4053,-190.6140838676056
40,4054,-190.3415315700223
40,4055,-190.06897927243904
40,4056,-189.79642697485576
40,4057,-189.5238746772725
40,4058,-189.2513223796892
40,4059,-188.97877008210594
40,4060,-188.70621778452266
40,4061,-188.4336654869394
40,4062,-188.16111318935612
40,4063,-187.88856089177284
40,4064,-187.61600859418957
40,4065,-187.3434562966063
40,4066,-187.07090399902302
40,4067,-186.79835170143974
40,4068,-186.52579940385647
40,4069,-186.2532471062732
40,4070,-185.98069480868992
40,4071,-185.70814251110664
40,4072,-185.43559021352337
40,4073,-185.1630379159401
40,4074,-184.89048561835682
40,4075,-184.61793332077355
40,4076,-184.34538102319027
40,4077,-184.072828725607
40,4078,-183.80027642802372
40,4079,-183.52772413044045
40,4080,-183.25517183285717
40,4081,-182.9826195352739
40,4082,-182.71006723769062
40,4083,-182.43751494010735
40,4084,-182.16496264252407
40,4085,-181.8924103449408
40,4086,-181.61985804735752
40,4087,-181.36759283117684
40,4088,-181.11532761499615
40,4089,-180.86306239881546
40,4090,-180.61079718263477
40,4091,-180.35853196645408
40,4092,-180.1062667502734
40,4093,-179.8540015340927
40,4094,-179.601736317912
40,4095,-179.34947110173133
40,4096,-179.09720588555064
40,4097,-178.84494066936995
40,4098,-178.59267545318926
40,4099,-178.34041023700857
40,4100,-178.08814502082788
40,4101,-177.8358798046472
40,4102,-177.5836145884665
40,4103,-177.3313493722858
40,4104,-177.07908415610513
40,4105,-176.82681893992444
40,4106,-176.57455372374375
40,4107,-176.32228850756306
40,4108,-176.07002329138237
40,4109,-175.81775807520168
40,4110,-175.565492859021
40,4111,-175.3132276428403
40,4112,-175.06096242665961
40,4113,-174.80869721047893
40,4114,-174.55643199429824
40,4115,-174.30416677811755
40,4116,-174.05190156193686
40,4117,-173.79963634575617
40,4118,-173.54737112957548
40,4119,-173.2951059133948
40,4120,-173.0428406972141
40,4121,-172.79057548103341
40,4122,-172.53831026485273
40,4123,-172.28604504867204
40,4124,-172.03377983249135
40,4125,-171.78151461631066
40,4126,-171.52924940012997
40,4127,-171.27698418394928
40,4128,-171.0247189677686
40,4129,-170.7724537515879
40,4130,-170.52018853540721
40,4131,-170.26792331922653
40,4132,-170.01565810304584
40,4133,-169.76339288686515
40,4134,-169.51112767068446
40,4135,-169.25886245450377
40,4136,-169.00659723832308
41,4137,-168.7543320221424
41,4138,-168.5020668059617
41,4139,-168.24980158978101
41,4140,-167.99753637360033
41,4141,-167.74527115741964
41,4142,-167.49300594123895
41,4143,-167.24074072505826
41,4144,-166.98847550887757
41,4145,-166.73621029269688
41,4146,-166.4839450765162
41,4147,-166.2316798603355
41,4148,-165.97941464415482
41,4149,-165.72714942797413
41,4150,-165.47488421179344
41,4151,-165.22261899561275
41,4152,-164.97035377943206
41,4153,-164.71808856325137
41,4154,-164.46582334707068
41,4155,-164.21355813089
41,4156,-163.9612929147093
41,4157,-163.70902769852862
41,4158,-163.45676248234793
41,4159,-163.20449726616724
41,4160,-162.95223204998655
41,4161,-162.69996683380586
41,4162,-162.44770161762517
41,4163,-162.19543640144448
41,4164,-161.9431711852638
41,4165,-161.6909059690831
41,4166,-161.43864075290242
41,4167,-161.18637553672173
41,4168,-160.93411032054104
41,4169,-160.68184510436035
41,4170,-160.42957988817966
41,4171,-160.17731467199897
41,4172,-159.92504945581828
41,4173,-159.6727842396376
41,4174,-159.4205190234569
41,4175,-159.16825380727622
41,4176,-158.91598859109553
41,4177,-158.66372337491484
41,4178,-158.41145815873415
41,4179,-158.15919294255346
41,4180,-157.90692772637277
41,4181,-157.65466251019208
41,4182,-157.4023972940114
41,4183,-157.1501320778307
41,4184,-156.89786686165002
41,4185,-156.64560164546933
41,4186,-156.39333642928864
41,4187,-156.14107121310795
41,4188,-155.90892450799592
41,4189,-155.6767778028839
41,4190,-155.44463109777186
41,4191,-155.21248439265983
41,4192,-154.9803376875478
41,4193,-154.74819098243577
41,4194,-154.51604427732374
41,4195,-154.2838975722117
41,4196,-154.05175086709968
41,4197,-153.81960416198766
41,4198,-153.58745745687563
41,4199,-153.3553107517636
41,4200,-153.12316404665157
41,4201,-152.89101734153954
41,4202,-152.6588706364275
41,4203,-152.42672393131548
41,4204,-152.19457722620345
41,4205,-151.96243052109142
41,4206,-151.7302838159794
41,4207,-151.49813711086736
41,4208,-151.26599040575533
41,4209,-151.0338437006433
41,4210,-150.80169699553127
41,4211,-150.56955029041924
41,4212,-150.33740358530721
41,4213,-150.10525688019518
41,4214,-149.87311017508316
41,4215,-149.64096346997113
41,4216,-149.4088167648591
41,4217,-149.17667005974707
41,4218,-148.94452335463504
41,4219,-148.712376649523
41,4220,-148.48022994441098
41,4221,-148.24808323929895
41,4222,-148.01593653418692
41,4223,-147.7837898290749
41,4224,-147.55164312396286
41,4225,-147.31949641885083
41,4226,-147.0873497137388
41,4227,-146.85520300862677
41,4228,-146.62305630351474
41,4229,-146.39090959840271
41,4230,-146.15876289329069
41,4231,-145.92661618817866
41,4232,-145.69446948306663
41,4233,-145.4623227779546
41,4234,-145.23017607284257
41,4235,-144.99802936773054
41,4236,-144.7658826626185
41,4237,-144.53373595750648
42,4238,-144.30158925239445
42,4239,-144.06944254728242
42,4240,-143.8372958421704
42,4241,-143.60514913705836
42,4242,-143.37300243194633
42,4243,-143.1408557268343
42,4244,-142.90870902172227
42,4245,-142.67656231661024
42,4246,-142.44441561149821
42,4247,-142.21226890638619
42,4248,-141.98012220127416
42,4249,-141.74797549616213
42,4250,-141.5158287910501
42,4251,-141.28368208593807
42,4252,-141.05153538082604
42,4253,-140.819388675714
42,4254,-140.58724197060198
42,4255,-140.35509526548995
42,4256,-140.12294856037792
42,4257,-139.8908018552659
42,4258,-139.65865515015386
42,4259,-139.42650844504183
42,4260,-139.1943617399298
42,4261,-138.96221503481777
42,4262,-138.73006832970574
42,4263,-138.49792162459372
42,4264,-138.2657749194817
42,4265,-138.03362821436966
42,4266,-137.80148150925763
42,4267,-137.5693348041456
42,4268,-137.33718809903357
42,4269,-137.10504139392154
42,4270,-136.8728946888095
42,4271,-136.64074798369748
42,4272,-136.40860127858545
42,4273,-136.17645457347342
42,4274,-135.9443078683614
42,4275,-135.71216116324936
42,4276,-135.48001445813733
42,4277,-135.2478677530253
42,4278,-135.01572104791327
42,4279,-134.78357434280124
42,4280,-134.55142763768922
42,4281,-134.3192809325772
42,4282,-134.08713422746516
42,4283,-133.85498752235313
42,4284,-133.6228408172411
42,4285,-133.39069411212907
42,4286,-133.15854740701704
42,4287,-132.926400701905
42,4288,-132.71414095096293
42,4289,-132.50188120002085
42,4290,-132.28962144907877
42,4291,-132.07736169813668
42,4292,-131.8651019471946
42,4293,-131.65284219625252
42,4294,-131.44058244531044
42,4295,-131.22832269436836
42,4296,-131.01606294342628
42,4297,-130.8038031924842
42,4298,-130.59154344154211
42,4299,-130.37928369060003
42,4300,-130.16702393965795
42,4301,-129.95476418871587
42,4302,-129.7425044377738
42,4303,-129.5302446868317
42,4304,-129.31798493588963
42,4305,-129.10572518494754
42,4306,-128.89346543400546
42,4307,-128.68120568306338
42,4308,-128.4689459321213
42,4309,-128.25668618117922
42,4310,-128.04442643023714
42,4311,-127.83216667929506
42,4312,-127.61990692835298
42,4313,-127.4076471774109
42,4314,-127.19538742646881
42,4315,-126.98312767552673
42,4316,-126.77086792458465
42,4317,-126.55860817364257
42,4318,-126.34634842270049
42,4319,-126.1340886717584
42,4320,-125.92182892081632
42,4321,-125.70956916987424
42,4322,-125.49730941893216
42,4323,-125.28504966799008
42,4324,-125.072789917048
42,4325,-124.86053016610592
42,4326,-124.64827041516384
42,4327,-124.43601066422175
42,4328,-124.22375091327967
42,4329,-124.01149116233759
42,4330,-123.79923141139551
42,4331,-123.58697166045343
42,4332,-123.37471190951135
42,4333,-123.16245215856927
42,4334,-122.95019240762718
42,4335,-122.7379326566851
42,4336,-122.52567290574302
42,4337,-122.31341315480094
43,4338,-122.10115340385886
43,4339,-121.88889365291678
43,4340,-121.6766339019747
43,4341,-121.46437415103262
43,4342,-121.25211440009053
43,4343,-121.03985464914845
43,4344,-120.82759489820637
43,4345,-120.61533514726429
43,4346,-120.40307539632221
43,4347,-120.19081564538013
43,4348,-119.97855589443805
43,4349,-119.76629614349596
43,4350,-119.55403639255388
43,4351,-119.3417766416118
43,4352,-119.12951689066972
43,4353,-118.91725713972764
43,4354,-118.70499738878556
43,4355,-118.49273763784348
43,4356,-118.2804778869014
43,4357,-118.06821813595931
43,4358,-117.85595838501723
43,4359,-117.64369863407515
43,4360,-117.43143888313307
43,4361,-117.21917913219099
43,4362,-117.0069193812489
43,4363,-116.79465963030682
43,4364,-116.58239987936474
43,4365,-116.37014012842266
43,4366,-116.15788037748058
43,4367,-115.9456206265385
43,4368,-115.73336087559642
43,4369,-115.52110112465434
43,4370,-115.30884137371226
43,4371,-115.09658162277017
43,4372,-114.88432187182809
43,4373,-114.67206212088601
43,4374,-114.45980236994393
43,4375,-114.24754261900185
43,4376,-114.03528286805977
43,4377,-113.82302311711769
43,4378,-113.6107633661756
43,4379,-113.39850361523352
43,4380,-113.18624386429144
43,4381,-112.97398411334936
43,4382,-112.76172436240728
43,4383,-112.5494646114652
43,4384,-112.33720486052312
43,4385,-112.12494510958103
43,4386,-111.91268535863895
43,4387,-111.70042560769687
43,4388,-111.48816585675479
43,4389,-111.29547253255728
43,4390,-111.10277920835978
43,4391,-110.91008588416227
43,4392,-110.71739255996476
43,4393,-110.52469923576726
43,4394,-110.33200591156975
43,4395,-110.13931258737225
43,4396,-109.94661926317474
43,4397,-109.75392593897723
43,4398,-109.56123261477973
43,4399,-109.36853929058222
43,4400,-109.17584596638471
43,4401,-108.9831526421872
43,4402,-108.7904593179897
43,4403,-108.5977659937922
43,4404,-108.40507266959469
43,4405,-108.21237934539718
43,4406,-108.01968602119967
43,4407,-107.82699269700217
43,4408,-107.63429937280466
43,4409,-107.44160604860716
43,4410,-107.24891272440965
43,4411,-107.05621940021214
43,4412,-106.86352607601464
43,4413,-106.67083275181713
43,4414,-106.47813942761962
43,4415,-106.28544610342212
43,4416,-106.09275277922461
43,4417,-105.9000594550271
43,4418,-105.7073661308296
43,4419,-105.51467280663209
43,4420,-105.32197948243459
43,4421,-105.12928615823708
43,4422,-104.93659283403957
43,4423,-104.74389950984207
43,4424,-104.55120618564456
43,4425,-104.35851286144705
43,4426,-104.16581953724955
43,4427,-103.97312621305204
43,4428,-103.78043288885453
43,4429,-103.58773956465703
43,4430,-103.39504624045952
43,4431,-103.20235291626202
43,4432,-103.00965959206451
43,4433,-102.816966267867
43,4434,-102.6242729436695
43,4435,-102.43157961947199
43,4436,-102.23888629527448
43,4437,-102.04619297107698
43,4438,-101.85349964687947
44,4439,-101.66080632268196
44,4440,-101.46811299848446
44,4441,-101.27541967428695
44,4442,-101.08272635008944
44,4443,-100.89003302589194
44,4444,-100.69733970169443
44,4445,-100.50464637749693
44,4446,-100.31195305329942
44,4447,-100.11925972910191
44,4448,-99.9265664049044
44,4449,-99.7338730807069
44,4450,-99.5411797565094
44,4451,-99.34848643231189
44,4452,-99.15579310811438
44,4453,-98.96309978391687
44,4454,-98.77040645971937
44,4455,-98.57771313552186
44,4456,-98.38501981132436
44,4457,-98.19232648712685
44,4458,-97.99963316292934
44,4459,-97.80693983873184
44,4460,-97.61424651453433
44,4461,-97.42155319033682
44,4462,-97.22885986613932
44,4463,-97.03616654194181
44,4464,-96.8434732177443
44,4465,-96.6507798935468
44,4466,-96.45808656934929
44,4467,-96.26539324515178
44,4468,-96.07269992095428
44,4469,-95.88000659675677
44,4470,-95.68731327255927
44,4471,-95.49461994836176
44,4472,-95.30192662416425
44,4473,-95.10923329996675
44,4474,-94.91653997576924
44,4475,-94.72384665157173
44,4476,-94.53115332737423
44,4477,-94.33846000317672
44,4478,-94.14576667897921
44,4479,-93.95307335478171
44,4480,-93.7603800305842
44,4481,-93.5676867063867
44,4482,-93.37499338218919
44,4483,-93.18230005799168
44,4484,-92.98960673379418
44,4485,-92.79691340959667
44,4486,-92.60422008539916
44,4487,-92.41152676120166
44,4488,-92.21883343700415
44,4489,-92.02614011280664
44,4490,-91.85276906995658
44,4491,-91.67939802710652
44,4492,-91.50602698425645
44,4493,-91.33265594140639
44,4494,-91.15928489855632
44,4495,-90.98591385570626
44,4496,-90.8125428128562
44,4497,-90.63917177000613
44,4498,-90.46580072715606
44,4499,-90.292429684306
44,4500,-90.11905864145594
44,4501,-89.94568759860587
44,4502,-89.77231655575581
44,4503,-89.59894551290574
44,4504,-89.42557447005568
44,4505,-89.25220342720561
44,4506,-89.07883238435555
44,4507,-88.90546134150549
44,4508,-88.73209029865542
44,4509,-88.55871925580536
44,4510,-88.3853482129553
44,4511,-88.21197717010523
44,4512,-88.03860612725516
44,4513,-87.8652350844051
44,4514,-87.69186404155504
44,4515,-87.51849299870497
44,4516,-87.3451219558549
44,4517,-87.17175091300484
44,4518,-86.99837987015478
44,4519,-86.82500882730471
44,4520,-86.65163778445465
44,4521,-86.47826674160459
44,4522,-86.30489569875452
44,4523,-86.13152465590446
44,4524,-85.95815361305439
44,4525,-85.78478257020433
44,4526,-85.61141152735426
44,4527,-85.4380404845042
44,4528,-85.26466944165414
44,4529,-85.09129839880407
44,4530,-84.917927355954
44,4531,-84.74455631310394
44,4532,-84.57118527025388
44,4533,-84.39781422740381
44,4534,-84.22444318455375
44,4535,-84.05107214170368
44,4536,-83.87770109885362
44,4537,-83.70433005600356
44,4538,-83.53095901315349
44,4539,-83.35758797030343
45,4540,-83.18421692745336
45,4541,-83.0108458846033
45,4542,-82.83747484175323
45,4543,-82.66410379890317
45,4544,-82.4907327560531
45,4545,-82.31736171320304
45,4546,-82.14399067035298
45,4547,-81.97061962750291
45,4548,-81.79724858465285
45,4549,-81.62387754180278
45,4550,-81.45050649895272
45,4551,-81.27713545610266
45,4552,-81.10376441325259
45,4553,-80.93039337040253
45,4554,-80.75702232755246
45,4555,-80.5836512847024
45,4556,-80.41028024185233
45,4557,-80.23690919900227
45,4558,-80.0635381561522
45,4559,-79.89016711330214
45,4560,-79.71679607045208
45,4561,-79.54342502760201
45,4562,-79.37005398475195
45,4563,-79.19668294190188
45,4564,-79.02331189905182
45,4565,-78.84994085620175
45,4566,-78.67656981335169
45,4567,-78.50319877050163
45,4568,-78.32982772765156
45,4569,-78.1564566848015
45,4570,-77.98308564195143
45,4571,-77.80971459910137
45,4572,-77.6363435562513
45,4573,-77.46297251340124
45,4574,-77.28960147055118
45,4575,-77.11623042770111
45,4576,-76.94285938485105
45,4577,-76.76948834200098
45,4578,-76.59611729915092
45,4579,-76.42274625630085
45,4580,-76.24937521345079
45,4581,-76.07600417060073
45,4582,-75.90263312775066
45,4583,-75.7292620849006
45,4584,-75.55589104205053
45,4585,-75.38251999920047
45,4586,-75.2091489563504
45,4587,-75.03577791350034
45,4588,-74.86240687065028
45,4589,-74.68903582780021
45,4590,-74.51566478495015
45,4591,-74.36143389219505
45,4592,-74.20720299943996
45,4593,-74.05297210668486
45,4594,-73.89874121392977
45,4595,-73.74451032117467
45,4596,-73.59027942841958
45,4597,-73.43604853566448
45,4598,-73.28181764290939
45,4599,-73.1275867501543
45,4600,-72.9733558573992
45,4601,-72.8191249646441
45,4602,-72.66489407188901
45,4603,-72.51066317913391
45,4604,-72.35643228637882
45,4605,-72.20220139362372
45,4606,-72.04797050086863
45,4607,-71.89373960811353
45,4608,-71.73950871535844
45,4609,-71.58527782260335
45,4610,-71.43104692984825
45,4611,-71.27681603709316
45,4612,-71.12258514433806
45,4613,-70.96835425158297
45,4614,-70.81412335882787
45,4615,-70.65989246607278
45,4616,-70.50566157331768
45,4617,-70.35143068056259
45,4618,-70.19719978780749
45,4619,-70.0429688950524
45,4620,-69.8887380022973
45,4621,-69.7345071095422
45,4622,-69.58027621678711
45,4623,-69.42604532403202
45,4624,-69.27181443127692
45,4625,-69.11758353852183
45,4626,-68.96335264576673
45,4627,-68.80912175301164
45,4628,-68.65489086025654
45,4629,-68.50065996750145
45,4630,-68.34642907474635
45,4631,-68.19219818199126
45,4632,-68.03796728923616
45,4633,-67.88373639648107
45,4634,-67.72950550372597
45,4635,-67.57527461097088
45,4636,-67.42104371821578
45,4637,-67.26681282546069
45,4638,-67.1125819327056
45,4639,-66.9583510399505
45,4640,-66.8041201471954
46,4641,-66.64988925444031
46,4642,-66.49565836168522
46,4643,-66.34142746893012
46,4644,-66.18719657617503
46,4645,-66.03296568341993
46,4646,-65.87873479066484
46,4647,-65.72450389790974
46,4648,-65.57027300515465
46,4649,-65.41604211239955
46,4650,-65.26181121964446
46,4651,-65.10758032688936
46,4652,-64.95334943413427
46,4653,-64.79911854137917
46,4654,-64.64488764862408
46,4655,-64.49065675586898
46,4656,-64.33642586311389
46,4657,-64.1821949703588
46,4658,-64.0279640776037
46,4659,-63.87373318484861
46,4660,-63.71950229209352
46,4661,-63.565271399338435
46,4662,-63.41104050658335
46,4663,-63.25680961382826
46,4664,-63.10257872107317
46,4665,-62.948347828318084
46,4666,-62.794116935563
46,4667,-62.63988604280791
46,4668,-62.48565515005282
46,4669,-62.33142425729773
46,4670,-62.177193364542646
46,4671,-62.02296247178756
46,4672,-61.86873157903247
46,4673,-61.71450068627738
46,4674,-61.560269793522295
46,4675,-61.40603890076721
46,4676,-61.25180800801212
46,4677,-61.09757711525703
46,4678,-60.943346222501944
46,4679,-60.789115329746856
46,4680,-60.63488443699177
46,4681,-60.48065354423668
46,4682,-60.32642265148159
46,4683,-60.172191758726505
46,4684,-60.01796086597142
46,4685,-59.86372997321633
46,4686,-59.70949908046124
46,4687,-59.555268187706154
46,4688,-59.40103729495107
46,4689,-59.24680640219598
46,4690,-59.09257550944089
46,4691,-58.938344616685804
46,4692,-58.80290051646915
46,4693,-58.6674564162525
46,4694,-58.532012316035846
46,4695,-58.396568215819194
46,4696,-58.26112411560254
46,4697,-58.12568001538589
46,4698,-57.99023591516924
46,4699,-57.854791814952584
46,4700,-57.71934771473593
46,4701,-57.58390361451928
46,4702,-57.44845951430263
46,4703,-57.313015414085974
46,4704,-57.17757131386932
46,4705,-57.04212721365267
46,4706,-56.90668311343602
46,4707,-56.771239013219365
46,4708,-56.63579491300271
46,4709,-56.50035081278606
46,4710,-56.36490671256941
46,4711,-56.229462612352755
46,4712,-56.0940185121361
46,4713,-55.95857441191945
46,4714,-55.8231303117028
46,4715,-55.687686211486145
46,4716,-55.55224211126949
46,4717,-55.41679801105284
46,4718,-55.28135391083619
46,4719,-55.145909810619536
46,4720,-55.01046571040288
46,4721,-54.87502161018623
46,4722,-54.73957750996958
46,4723,-54.604133409752926
46,4724,-54.46868930953627
46,4725,-54.33324520931962
46,4726,-54.19780110910297
46,4727,-54.062357008886316
46,4728,-53.926912908669664
46,4729,-53.79146880845301
46,4730,-53.65602470823636
46,4731,-53.520580608019706
46,4732,-53.385136507803054
46,4733,-53.2496924075864
46,4734,-53.11424830736975
46,4735,-52.9788042071531
46,4736,-52.843360106936444
46,4737,-52.70791600671979
46,4738,-52.57247190650314
46,4739,-52.43702780628649
46,4740,-52.301583706069835
46,4741,-52.16613960585318
47,4742,-52.03069550563653
47,4743,-51.89525140541988
47,4744,-51.759807305203225
47,4745,-51.62436320498657
47,4746,-51.48891910476992
47,4747,-51.35347500455327
47,4748,-51.218030904336615
47,4749,-51.08258680411996
47,4750,-50.94714270390331
47,4751,-50.81169860368666
47,4752,-50.676254503470005
47,4753,-50.54081040325335
47,4754,-50.4053663030367
47,4755,-50.26992220282005
47,4756,-50.134478102603396
47,4757,-49.99903400238674
47,4758,-49.86358990217009
47,4759,-49.72814580195344
47,4760,-49.592701701736786
47,4761,-49.45725760152013
47,4762,-49.32181350130348
47,4763,-49.18636940108683
47,4764,-49.050925300870176
47,4765,-48.915481200653524
47,4766,-48.78003710043687
47,4767,-48.64459300022022
47,4768,-48.50914890000357
47,4769,-48.373704799786914
47,4770,-48.23826069957026
47,4771,-48.10281659935361
47,4772,-47.96737249913696
47,4773,-47.831928398920304
47,4774,-47.69648429870365
47,4775,-47.561040198487
47,4776,-47.42559609827035
47,4777,-47.290151998053695
47,4778,-47.15470789783704
47,4779,-47.01926379762039
47,4780,-46.88381969740374
47,4781,-46.748375597187085
47,4782,-46.61293149697043
47,4783,-46.47748739675378
47,4784,-46.34204329653713
47,4785,-46.206599196320475
47,4786,-46.07115509610382
47,4787,-45.93571099588717
47,4788,-45.80026689567052
47,4789,-45.664822795453865
47,4790,-45.52937869523721
47,4791,-45.39393459502056
47,4792,-45.25849049480391
47,4793,-45.141222595044454
47,4794,-45.023954695285
47,4795,-44.906686795525545
47,4796,-44.78941889576609
47,4797,-44.672150996006636
47,4798,-44.55488309624718
47,4799,-44.43761519648773
47,4800,-44.32034729672827
47,4801,-44.20307939696882
47,4802,-44.08581149720936
47,4803,-43.96854359744991
47,4804,-43.851275697690454
47,4805,-43.734007797931
47,4806,-43.616739898171545
47,4807,-43.49947199841209
47,4808,-43.382204098652636
47,4809,-43.26493619889318
47,4810,-43.14766829913373
47,4811,-43.03040039937427
47,4812,-42.91313249961482
47,4813,-42.79586459985536
47,4814,-42.67859670009591
47,4815,-42.561328800336454
47,4816,-42.444060900577
47,4817,-42.326793000817545
47,4818,-42.20952510105809
47,4819,-42.09225720129864
47,4820,-41.97498930153918
47,4821,-41.85772140177973
47,4822,-41.74045350202027
47,4823,-41.62318560226082
47,4824,-41.505917702501364
47,4825,-41.38864980274191
47,4826,-41.271381902982455
47,4827,-41.154114003223
47,4828,-41.036846103463546
47,4829,-40.91957820370409
47,4830,-40.80231030394464
47,4831,-40.68504240418518
47,4832,-40.56777450442573
47,4833,-40.45050660466627
47,4834,-40.33323870490682
47,4835,-40.215970805147364
47,4836,-40.09870290538791
47,4837,-39.981435005628455
47,4838,-39.864167105869
47,4839,-39.746899206109546
47,4840,-39.62963130635009
47,4841,-39.51236340659064
47,4842,-39.39509550683118
48,4843,-39.27782760707173
48,4844,-39.160559707312274
48,4845,-39.04329180755282
48,4846,-38.926023907793365
48,4847,-38.80875600803391
48,4848,-38.691488108274456
48,4849,-38.574220208515
48,4850,-38.45695230875555
48,4851,-38.33968440899609
48,4852,-38.22241650923664
48,4853,-38.10514860947718
48,4854,-37.98788070971773
48,4855,-37.870612809958274
48,4856,-37.75334491019882
48,4857,-37.636077010439365
48,4858,-37.51880911067991
48,4859,-37.401541210920456
48,4860,-37.284273311161
48,4861,-37.16700541140155
48,4862,-37.04973751164209
48,4863,-36.93246961188264
48,4864,-36.815201712123184
48,4865,-36.69793381236373
48,4866,-36.580665912604275
48,4867,-36.46339801284482
48,4868,-36.346130113085366
48,4869,-36.22886221332591
48,4870,-36.11159431356646
48,4871,-35.994326413807
48,4872,-35.87705851404755
48,4873,-35.75979061428809
48,4874,-35.64252271452864
48,4875,-35.525254814769184
48,4876,-35.40798691500973
48,4877,-35.290719015250275
48,4878,-35.17345111549082
48,4879,-35.056183215731366
48,4880,-34.93891531597191
48,4881,-34.82164741621246
48,4882,-34.704379516453
48,4883,-34.58711161669355
48,4884,-34.46984371693409
48,4885,-34.35257581717464
48,4886,-34.235307917415184
48,4887,-34.11804001765573
48,4888,-34.000772117896275
48,4889,-33.88350421813682
48,4890,-33.766236318377366
48,4891,-33.64896841861791
48,4892,-33.53170051885846
48,4893,-33.414432619099
48,4894,-33.31487059482479
48,4895,-33.215308570550576
48,4896,-33.11574654627636
48,4897,-33.01618452200215
48,4898,-32.916622497727936
48,4899,-32.81706047345372
48,4900,-32.71749844917951
48,4901,-32.617936424905295
48,4902,-32.51837440063108
48,4903,-32.41881237635687
48,4904,-32.319250352082655
48,4905,-32.21968832780844
48,4906,-32.12012630353423
48,4907,-32.020564279260014
48,4908,-31.921002254985805
48,4909,-31.821440230711595
48,4910,-31.721878206437385
48,4911,-31.622316182163175
48,4912,-31.522754157888965
48,4913,-31.423192133614755
48,4914,-31.323630109340545
48,4915,-31.224068085066335
48,4916,-31.124506060792125
48,4917,-31.024944036517915
48,4918,-30.925382012243706
48,4919,-30.825819987969496
48,4920,-30.726257963695286
48,4921,-30.626695939421076
48,4922,-30.527133915146866
48,4923,-30.427571890872656
48,4924,-30.328009866598446
48,4925,-30.228447842324236
48,4926,-30.128885818050026
48,4927,-30.029323793775816
48,4928,-29.929761769501606
48,4929,-29.830199745227397
48,4930,-29.730637720953187
48,4931,-29.631075696678977
48,4932,-29.531513672404767
48,4933,-29.431951648130557
48,4934,-29.332389623856347
48,4935,-29.232827599582137
48,4936,-29.133265575307927
48,4937,-29.033703551033717
48,4938,-28.934141526759507
48,4939,-28.834579502485298
48,4940,-28.735017478211088
48,4941,-28.635455453936878
48,4942,-28.535893429662668
48,4943,-28.436331405388458
49,4944,-28.336769381114248
49,4945,-28.237207356840038
49,4946,-28.13764533256583
49,4947,-28.03808330829162
49,4948,-27.93852128401741
49,4949,-27.8389592597432
49,4950,-27.73939723546899
49,4951,-27.63983521119478
49,4952,-27.54027318692057
49,4953,-27.44071116264636
49,4954,-27.34114913837215
49,4955,-27.24158711409794
49,4956,-27.14202508982373
49,4957,-27.04246306554952
49,4958,-26.94290104127531
49,4959,-26.8433390170011
49,4960,-26.74377699272689
49,4961,-26.64421496845268
49,4962,-26.54465294417847
49,4963,-26.44509091990426
49,4964,-26.34552889563005
49,4965,-26.24596687135584
49,4966,-26.14640484708163
49,4967,-26.04684282280742
49,4968,-25.94728079853321
49,4969,-25.847718774259
49,4970,-25.74815674998479
49,4971,-25.64859472571058
49,4972,-25.54903270143637
49,4973,-25.44947067716216
49,4974,-25.34990865288795
49,4975,-25.25034662861374
49,4976,-25.15078460433953
49,4977,-25.05122258006532
49,4978,-24.95166055579111
49,4979,-24.8520985315169
49,4980,-24.75253650724269
49,4981,-24.65297448296848
49,4982,-24.55341245869427
49,4983,-24.453850434420062
49,4984,-24.354288410145852
49,4985,-24.254726385871642
49,4986,-24.155164361597432
49,4987,-24.055602337323222
49,4988,-23.956040313049012
49,4989,-23.856478288774802
49,4990,-23.756916264500592
49,4991,-23.657354240226383
49,4992,-23.557792215952173
49,4993,-23.458230191677963
49,4994,-23.358668167403753
49,4995,-23.27696709420946
49,4996,-23.19526602101517
49,4997,-23.113564947820876
49,4998,-23.031863874626584
49,4999,-22.950162801432292
49,5000,-22.868461728238
49,5001,-22.786760655043707
49,5002,-22.705059581849415
49,5003,-22.623358508655123
49,5004,-22.54165743546083
49,5005,-22.45995636226654
49,5006,-22.378255289072246
49,5007,-22.296554215877954
49,5008,-22.214853142683662
49,5009,-22.13315206948937
49,5010,-22.051450996295078
49,5011,-21.969749923100785
49,5012,-21.888048849906493
49,5013,-21.8063477767122
49,5014,-21.72464670351791
49,5015,-21.642945630323617
49,5016,-21.561244557129324
49,5017,-21.479543483935032
49,5018,-21.39784241074074
49,5019,-21.316141337546448
49,5020,-21.234440264352155
49,5021,-21.152739191157863
49,5022,-21.07103811796357
49,5023,-20.98933704476928
49,5024,-20.907635971574987
49,5025,-20.825934898380694
49,5026,-20.744233825186402
49,5027,-20.66253275199211
49,5028,-20.580831678797818
49,5029,-20.499130605603526
49,5030,-20.417429532409233
49,5031,-20.33572845921494
49,5032,-20.25402738602065
49,5033,-20.172326312826357
49,5034,-20.090625239632065
49,5035,-20.008924166437772
49,5036,-19.92722309324348
49,5037,-19.845522020049188
49,5038,-19.763820946854896
49,5039,-19.682119873660604
49,5040,-19.60041880046631
49,5041,-19.51871772727202
49,5042,-19.437016654077727
49,5043,-19.355315580883435
49,5044,-19.273614507689143
50,5045,-19.19191343449485
50,5046,-19.110212361300558
50,5047,-19.028511288106266
50,5048,-18.946810214911974
50,5049,-18.86510914171768
50,5050,-18.78340806852339
50,5051,-18.701706995329097
50,5052,-18.620005922134805
50,5053,-18.538304848940513
50,5054,-18.45660377574622
50,5055,-18.37490270255193
50,5056,-18.293201629357636
50,5057,-18.211500556163344
50,5058,-18.12979948296905
50,5059,-18.04809840977476
50,5060,-17.966397336580467
50,5061,-17.884696263386175
50,5062,-17.802995190191883
50,5063,-17.72129411699759
50,5064,-17.6395930438033
50,5065,-17.557891970609006
50,5066,-17.476190897414714
50,5067,-17.394489824220422
50,5068,-17.31278875102613
50,5069,-17.231087677831837
50,5070,-17.149386604637545
50,5071,-17.067685531443253
50,5072,-16.98598445824896
50,5073,-16.90428338505467
50,5074,-16.822582311860376
50,5075,-16.740881238666084
50,5076,-16.659180165471792
50,5077,-16.5774790922775
50,5078,-16.495778019083208
50,5079,-16.414076945888915
50,5080,-16.332375872694623
50,5081,-16.25067479950033
50,5082,-16.16897372630604
50,5083,-16.087272653111746
50,5084,-16.005571579917454
50,5085,-15.923870506723164
50,5086,-15.842169433528873
50,5087,-15.760468360334583
50,5088,-15.678767287140293
50,5089,-15.597066213946002
50,5090,-15.515365140751712
50,5091,-15.433664067557421
50,5092,-15.35196299436313
50,5093,-15.27026192116884
50,5094,-15.18856084797455
50,5095,-15.10685977478026
50,5096,-15.043436869356428
50,5097,-14.980013963932597
50,5098,-14.916591058508766
50,5099,-14.853168153084935
50,5100,-14.789745247661104
50,5101,-14.726322342237273
50,5102,-14.662899436813442
50,5103,-14.59947653138961
50,5104,-14.53605362596578
50,5105,-14.472630720541948
50,5106,-14.409207815118117
50,5107,-14.345784909694286
50,5108,-14.282362004270455
50,5109,-14.218939098846624
50,5110,-14.155516193422793
50,5111,-14.092093287998962
50,5112,-14.02867038257513
50,5113,-13.9652474771513
50,5114,-13.901824571727468
50,5115,-13.838401666303637
50,5116,-13.774978760879806
50,5117,-13.711555855455975
50,5118,-13.648132950032144
50,5119,-13.584710044608313
50,5120,-13.521287139184482
50,5121,-13.45786423376065
50,5122,-13.39444132833682
50,5123,-13.331018422912988
50,5124,-13.267595517489157
50,5125,-13.204172612065326
50,5126,-13.140749706641495
50,5127,-13.077326801217664
50,5128,-13.013903895793833
50,5129,-12.950480990370002
50,5130,-12.88705808494617
50,5131,-12.82363517952234
50,5132,-12.760212274098508
50,5133,-12.696789368674677
50,5134,-12.633366463250846
50,5135,-12.569943557827015
50,5136,-12.506520652403184
50,5137,-12.443097746979353
50,5138,-12.379674841555522
50,5139,-12.31625193613169
50,5140,-12.25282903070786
50,5141,-12.189406125284028
50,5142,-12.125983219860197
50,5143,-12.062560314436366
50,5144,-11.999137409012535
50,5145,-11.935714503588704
51,5146,-11.872291598164873
51,5147,-11.808868692741042
51,5148,-11.74544578731721
51,5149,-11.68202288189338
51,5150,-11.618599976469548
51,5151,-11.555177071045717
51,5152,-11.491754165621886
51,5153,-11.428331260198055
51,5154,-11.364908354774224
51,5155,-11.301485449350393
51,5156,-11.238062543926562
51,5157,-11.17463963850273
51,5158,-11.1112167330789
51,5159,-11.047793827655068
51,5160,-10.984370922231237
51,5161,-10.920948016807406
51,5162,-10.857525111383575
51,5163,-10.794102205959744
51,5164,-10.730679300535913
51,5165,-10.667256395112082
51,5166,-10.60383348968825
51,5167,-10.54041058426442
51,5168,-10.476987678840588
51,5169,-10.413564773416757
51,5170,-10.350141867992926
51,5171,-10.286718962569095
51,5172,-10.223296057145264
51,5173,-10.159873151721433
51,5174,-10.096450246297602
51,5175,-10.03302734087377
51,5176,-9.96960443544994
51,5177,-9.906181530026108
51,5178,-9.842758624602277
51,5179,-9.779335719178446
51,5180,-9.715912813754615
51,5181,-9.652489908330784
51,5182,-9.589067002906953
51,5183,-9.525644097483122
51,5184,-9.46222119205929
51,5185,-9.39879828663546
51,5186,-9.335375381211628
51,5187,-9.271952475787797
51,5188,-9.208529570363966
51,5189,-9.145106664940135
51,5190,-9.081683759516304
51,5191,-9.018260854092473
51,5192,-8.954837948668642
51,5193,-8.89141504324481
51,5194,-8.82799213782098
51,5195,-8.764569232397148
51,5196,-8.719538078810604
51,5197,-8.67450692522406
51,5198,-8.629475771637516
51,5199,-8.584444618050972
51,5200,-8.539413464464428
51,5201,-8.494382310877883
51,5202,-8.44935115729134
51,5203,-8.404320003704795
51,5204,-8.35928885011825
51,5205,-8.314257696531707
51,5206,-8.269226542945162
51,5207,-8.224195389358618
51,5208,-8.179164235772074
51,5209,-8.13413308218553
51,5210,-8.089101928598986
51,5211,-8.044070775012441
51,5212,-7.999039621425898
51,5213,-7.954008467839355
51,5214,-7.9089773142528115
51,5215,-7.863946160666268
51,5216,-7.818915007079725
51,5217,-7.773883853493182
51,5218,-7.728852699906638
51,5219,-7.683821546320095
51,5220,-7.638790392733552
51,5221,-7.593759239147008
51,5222,-7.548728085560465
51,5223,-7.503696931973922
51,5224,-7.458665778387378
51,5225,-7.413634624800835
51,5226,-7.368603471214292
51,5227,-7.3235723176277485
51,5228,-7.278541164041205
51,5229,-7.233510010454662
51,5230,-7.188478856868119
51,5231,-7.143447703281575
51,5232,-7.098416549695032
51,5233,-7.053385396108489
51,5234,-7.008354242521945
51,5235,-6.963323088935402
51,5236,-6.918291935348859
51,5237,-6.8732607817623155
51,5238,-6.828229628175772
51,5239,-6.783198474589229
51,5240,-6.738167321002686
51,5241,-6.693136167416142
51,5242,-6.648105013829599
51,5243,-6.603073860243056
51,5244,-6.558042706656512
51,5245,-6.513011553069969
52,5246,-6.467980399483426
52,5247,-6.422949245896882
52,5248,-6.377918092310339
52,5249,-6.332886938723796
52,5250,-6.2878557851372525
52,5251,-6.242824631550709
52,5252,-6.197793477964166
52,5253,-6.152762324377623
52,5254,-6.107731170791079
52,5255,-6.062700017204536
52,5256,-6.017668863617993
52,5257,-5.972637710031449
52,5258,-5.927606556444906
52,5259,-5.882575402858363
52,5260,-5.8375442492718195
52,5261,-5.792513095685276
52,5262,-5.747481942098733
52,5263,-5.70245078851219
52,5264,-5.657419634925646
52,5265,-5.612388481339103
52,5266,-5.56735732775256
52,5267,-5.522326174166016
52,5268,-5.477295020579473
52,5269,-5.43226386699293
52,5270,-5.387232713406386
52,5271,-5.342201559819843
52,5272,-5.2971704062333
52,5273,-5.2521392526467565
52,5274,-5.207108099060213
52,5275,-5.16207694547367
52,5276,-5.117045791887127
52,5277,-5.072014638300583
52,5278,-5.02698348471404
52,5279,-4.981952331127497
52,5280,-4.936921177540953
52,5281,-4.89189002395441
52,5282,-4.846858870367867
52,5283,-4.8018277167813235
52,5284,-4.75679656319478
52,5285,-4.711765409608237
52,5286,-4.666734256021694
52,5287,-4.62170310243515
52,5288,-4.576671948848607
52,5289,-4.531640795262064
52,5290,-4.48660964167552
52,5291,-4.441578488088977
52,5292,-4.396547334502434
52,5293,-4.35151618091589
52,5294,-4.306485027329347
52,5295,-4.261453873742804
52,5296,-4.2164227201562605
52,5297,-4.189107482315783
52,5298,-4.161792244475305
52,5299,-4.134477006634827
52,5300,-4.10716176879435
52,5301,-4.079846530953872
52,5302,-4.052531293113394
52,5303,-4.025216055272916
52,5304,-3.9979008174324386
52,5305,-3.970585579591961
52,5306,-3.943270341751483
52,5307,-3.9159551039110054
52,5308,-3.8886398660705277
52,5309,-3.86132462823005
52,5310,-3.8340093903895722
52,5311,-3.8066941525490945
52,5312,-3.7793789147086168
52,5313,-3.752063676868139
52,5314,-3.7247484390276613
52,5315,-3.6974332011871835
52,5316,-3.670117963346706
52,5317,-3.642802725506228
52,5318,-3.6154874876657503
52,5319,-3.5881722498252726
52,5320,-3.560857011984795
52,5321,-3.533541774144317
52,5322,-3.5062265363038394
52,5323,-3.4789112984633617
52,5324,-3.451596060622884
52,5325,-3.424280822782406
52,5326,-3.3969655849419285
52,5327,-3.3696503471014507
52,5328,-3.342335109260973
52,5329,-3.3150198714204953
52,5330,-3.2877046335800175
52,5331,-3.26038939573954
52,5332,-3.233074157899062
52,5333,-3.2057589200585843
52,5334,-3.1784436822181066
52,5335,-3.151128444377629
52,5336,-3.123813206537151
52,5337,-3.0964979686966734
52,5338,-3.0691827308561956
52,5339,-3.041867493015718
52,5340,-3.01455225517524
52,5341,-2.9872370173347624
52,5342,-2.9599217794942847
52,5343,-2.932606541653807
52,5344,-2.9052913038133292
52,5345,-2.8779760659728515
52,5346,-2.8506608281323738
53,5347,-2.823345590291896
53,5348,-2.7960303524514183
53,5349,-2.7687151146109406
53,5350,-2.741399876770463
53,5351,-2.714084638929985
53,5352,-2.6867694010895073
53,5353,-2.6594541632490296
53,5354,-2.632138925408552
53,5355,-2.604823687568074
53,5356,-2.5775084497275964
53,5357,-2.5501932118871187
53,5358,-2.522877974046641
53,5359,-2.495562736206163
53,5360,-2.4682474983656855
53,5361,-2.4409322605252077
53,5362,-2.41361702268473
53,5363,-2.3863017848442523
53,5364,-2.3589865470037745
53,5365,-2.331671309163297
53,5366,-2.304356071322819
53,5367,-2.2770408334823413
53,5368,-2.2497255956418636
53,5369,-2.222410357801386
53,5370,-2.195095119960908
53,5371,-2.1677798821204304
53,5372,-2.1404646442799526
53,5373,-2.113149406439475
53,5374,-2.085834168598997
53,5375,-2.0585189307585194
53,5376,-2.0312036929180417
53,5377,-2.003888455077564
53,5378,-1.9765732172370862
53,5379,-1.9492579793966085
53,5380,-1.9219427415561308
53,5381,-1.894627503715653
53,5382,-1.8673122658751753
53,5383,-1.8399970280346976
53,5384,-1.8126817901942198
53,5385,-1.785366552353742
53,5386,-1.7580513145132644
53,5387,-1.7307360766727866
53,5388,-1.7034208388323089
53,5389,-1.6761056009918311
53,5390,-1.6487903631513534
53,5391,-1.6214751253108757
53,5392,-1.594159887470398
53,5393,-1.5668446496299202
53,5394,-1.5395294117894425
53,5395,-1.5122141739489647
53,5396,-1.484898936108487
53,5397,-1.4575836982680093
53,5398,-1.4454563980669728
53,5399,-1.4333290978659363
53,5400,-1.4212017976648998
53,5401,-1.4090744974638634
53,5402,-1.396947197262827
53,5403,-1.3848198970617904
53,5404,-1.372692596860754
53,5405,-1.3605652966597175
53,5406,-1.348437996458681
53,5407,-1.3363106962576445
53,5408,-1.324183396056608
53,5409,-1.3120560958555716
53,5410,-1.2999287956545351
53,5411,-1.2878014954534986
53,5412,-1.2756741952524622
53,5413,-1.2635468950514257
53,5414,-1.2514195948503892
53,5415,-1.2392922946493528
53,5416,-1.2271649944483163
53,5417,-1.2150376942472798
53,5418,-1.2029103940462433
53,5419,-1.1907830938452069
53,5420,-1.1786557936441704
53,5421,-1.166528493443134
53,5422,-1.1544011932420974
53,5423,-1.142273893041061
53,5424,-1.1301465928400245
53,5425,-1.118019292638988
53,5426,-1.1058919924379516
53,5427,-1.093764692236915
53,5428,-1.0816373920358786
53,5429,-1.0695100918348421
53,5430,-1.0573827916338057
53,5431,-1.0452554914327692
53,5432,-1.0331281912317327
53,5433,-1.0210008910306962
53,5434,-1.0088735908296598
53,5435,-0.9967462906286234
53,5436,-0.984618990427587
53,5437,-0.9724916902265507
53,5438,-0.9603643900255143
53,5439,-0.948237089824478
53,5440,-0.9361097896234416
53,5441,-0.9239824894224052
53,5442,-0.9118551892213689
53,5443,-0.8997278890203325
53,5444,-0.8876005888192962
53,5445,-0.8754732886182598
53,5446,-0.8633459884172234
53,5447,-0.8512186882161871
54,5448,-0.8390913880151507
54,5449,-0.8269640878141143
54,5450,-0.814836787613078
54,5451,-0.8027094874120416
54,5452,-0.7905821872110053
54,5453,-0.7784548870099689
54,5454,-0.7663275868089325
54,5455,-0.7542002866078962
54,5456,-0.7420729864068598
54,5457,-0.7299456862058235
54,5458,-0.7178183860047871
54,5459,-0.7056910858037507
54,5460,-0.6935637856027144
54,5461,-0.681436485401678
54,5462,-0.6693091852006416
54,5463,-0.6571818849996053
54,5464,-0.6450545847985689
54,5465,-0.6329272845975326
54,5466,-0.6207999843964962
54,5467,-0.6086726841954598
54,5468,-0.5965453839944235
54,5469,-0.5844180837933871
54,5470,-0.5722907835923507
54,5471,-0.5601634833913144
54,5472,-0.548036183190278
54,5473,-0.5359088829892417
54,5474,-0.5237815827882053
54,5475,-0.5116542825871689
54,5476,-0.4995269823861325
54,5477,-0.4873996821850961
54,5478,-0.4752723819840597
54,5479,-0.46314508178302327
54,5480,-0.45101778158198685
54,5481,-0.43889048138095044
54,5482,-0.426763181179914
54,5483,-0.4146358809788776
54,5484,-0.4025085807778412
54,5485,-0.39038128057680477
54,5486,-0.37825398037576835
54,5487,-0.36612668017473193
54,5488,-0.3539993799736955
54,5489,-0.3418720797726591
54,5490,-0.3297447795716227
54,5491,-0.31761747937058626
54,5492,-0.30549017916954985
54,5493,-0.29336287896851343
54,5494,-0.281235578767477
54,5495,-0.2691082785664406
54,5496,-0.2569809783654042
54,5497,-0.24485367816436776
54,5498,-0.23272637796333134
54,5499,-0.23042033643500673
54,5500,-0.2281142949066821
54,5501,-0.2258082533783575
54,5502,-0.22350221185003288
54,5503,-0.22119617032170827
54,5504,-0.21889012879338365
54,5505,-0.21658408726505904
54,5506,-0.21427804573673442
54,5507,-0.2119720042084098
54,5508,-0.2096659626800852
54,5509,-0.20735992115176058
54,5510,-0.20505387962343596
54,5511,-0.20274783809511135
54,5512,-0.20044179656678673
54,5513,-0.19813575503846212
54,5514,-0.1958297135101375
54,5515,-0.1935236719818129
54,5516,-0.19121763045348827
54,5517,-0.18891158892516366
54,5518,-0.18660554739683904
54,5519,-0.18429950586851443
54,5520,-0.18199346434018981
54,5521,-0.1796874228118652
54,5522,-0.17738138128354058
54,5523,-0.17507533975521597
54,5524,-0.17276929822689135
54,5525,-0.17046325669856674
54,5526,-0.16815721517024212
54,5527,-0.1658511736419175
54,5528,-0.1635451321135929
54,5529,-0.16123909058526828
54,5530,-0.15893304905694366
54,5531,-0.15662700752861905
54,5532,-0.15432096600029444
54,5533,-0.15201492447196982
54,5534,-0.1497088829436452
54,5535,-0.1474028414153206
54,5536,-0.14509679988699598
54,5537,-0.14279075835867136
54,5538,-0.14048471683034675
54,5539,-0.13817867530202213
54,5540,-0.13587263377369752
54,5541,-0.1335665922453729
54,5542,-0.13126055071704829
54,5543,-0.12895450918872367
54,5544,-0.12664846766039906
54,5545,-0.12434242613207444
54,5546,-0.12203638460374983
54,5547,-0.11973034307542521
54,5548,-0.1174243015471006
55,5549,-0.11511826001877598
55,5550,-0.11281221849045137
55,5551,-0.11050617696212675
55,5552,-0.10820013543380214
55,5553,-0.10589409390547752
55,5554,-0.1035880523771529
55,5555,-0.10128201084882829
55,5556,-0.09897596932050368
55,5557,-0.09666992779217906
55,5558,-0.09436388626385445
55,5559,-0.09205784473552983
55,5560,-0.08975180320720522
55,5561,-0.0874457616788806
55,5562,-0.08513972015055599
55,5563,-0.08283367862223137
55,5564,-0.08052763709390676
55,5565,-0.07822159556558214
55,5566,-0.07591555403725753
55,5567,-0.07360951250893291
55,5568,-0.0713034709806083
55,5569,-0.06899742945228368
55,5570,-0.06669138792395907
55,5571,-0.06438534639563445
55,5572,-0.06207930486730984
55,5573,-0.05977326333898522
55,5574,-0.05746722181066061
55,5575,-0.05516118028233599
55,5576,-0.05285513875401138
55,5577,-0.05054909722568676
55,5578,-0.04824305569736215
55,5579,-0.04593701416903753
55,5580,-0.04363097264071292
55,5581,-0.0413249311123883
55,5582,-0.03901888958406369
55,5583,-0.03671284805573907
55,5584,-0.03440680652741446
55,5585,-0.03210076499908984
55,5586,-0.02979472347076523
55,5587,-0.02748868194244062
55,5588,-0.025182640414116008
55,5589,-0.022876598885791397
55,5590,-0.020570557357466785
55,5591,-0.018264515829142174
55,5592,-0.015958474300817562
55,5593,-0.013652432772492949
55,5594,-0.011346391244168336
55,5595,-0.009040349715843722
55,5596,-0.006734308187519109
55,5597,-0.004428266659194496
55,5598,-0.0021222251308698832
55,5599,0.00018381639745472956
55,5600,0.00018381639745495694
55,5601,0.00018381639745518433
55,5602,0.0001838163974554117
55,5603,0.0001838163974556391
55,5604,0.00018381639745586648
55,5605,0.00018381639745609386
55,5606,0.00018381639745632125
55,5607,0.00018381639745654863
55,5608,0.00018381639745677602
55,5609,0.0001838163974570034
55,5610,0.00018381639745723079
55,5611,0.00018381639745745817
55,5612,0.00018381639745768555
55,5613,0.00018381639745791294
55,5614,0.00018381639745814032
55,5615,0.0001838163974583677
55,5616,0.0001838163974585951
55,5617,0.00018381639745882248
55,5618,0.00018381639745904986
55,5619,0.00018381639745927725
55,5620,0.00018381639745950463
55,5621,0.00018381639745973201
55,5622,0.0001838163974599594
55,5623,0.00018381639746018678
55,5624,0.00018381639746041417
55,5625,0.00018381639746064155
55,5626,0.00018381639746086894
55,5627,0.00018381639746109632
55,5628,0.0001838163974613237
55,5629,0.0001838163974615511
55,5630,0.00018381639746177847
55,5631,0.00018381639746200586
55,5632,0.00018381639746223324
55,5633,0.00018381639746246063
55,5634,0.000183816397462688
55,5635,0.0001838163974629154
55,5636,0.00018381639746314278
55,5637,0.00018381639746337016
55,5638,0.00018381639746359755
55,5639,0.00018381639746382493
55,5640,0.00018381639746405232
55,5641,0.0001838163974642797
55,5642,0.00018381639746450708
55,5643,0.00018381639746473447
55,5644,0.00018381639746496185
55,5645,0.00018381639746518924
55,5646,0.00018381639746541662
55,5647,0.000183816397465644
55,5648,0.0001838163974658714
55,5649,0.00018381639746609877
