,Value,Station No,Max Width [mm],Max Depth [mm],Station Thickness [mm]
Positive Shear [N],691.6567953386298,14,509.602042,327.4999985,102.67857099999992
Negative Shear [N],-556.4204518252619,35,635.10616,327.5,102.67857099999992
Positive Bending Moment [Nm],405.8249010523336,35,635.10616,327.5,102.67857099999992
Negative Bending Moment [Nm],0.0,1,25.927714,110.901309,102.678571
Moment at the end [Nm],0.34993467069256917,56,,,
