,Value,Station No,Max Width [mm],Max Depth [mm]
Positive Shear [N],615.2792729268938,41,502.035382,340.0
Negative Shear [N],-712.298321680527,17,518.7602180000001,340.0
Positive Bending Moment [Nm],276.1605428414946,17,518.7602180000001,340.0
Negative Bending Moment [Nm],-195.993987564276,30,599.042368,340.0
Moment at the end [Nm],0.09970882392511365,56,,
