,Value,Station No,Max Width [mm],Max Depth [mm],Station Thickness [mm]
Positive Shear [N],689.6115604725794,35,577.363608,355.9999845,100.89285699999982
Negative Shear [N],-697.9794366892763,12,417.20638599999995,355.319046,100.89285699999982
Positive Bending Moment [Nm],94.11473630497706,12,417.20638599999995,355.319046,100.89285699999982
Negative Bending Moment [Nm],-173.89750504288818,29,599.831847,356.0,99.89285699999982
Moment at the end [Nm],-0.0043661235618128735,56,,,
