,Value,Station No,Max Width [mm],Max Depth [mm]
Positive Shear [N],662.0600539952595,46,391.368659,339.9996385
Negative Shear [N],-835.9810289521073,17,518.7602180000001,340.0
Positive Bending Moment [Nm],130.89837281273236,17,518.7602180000001,340.0
Negative Bending Moment [Nm],-553.7703990936678,32,594.265663,340.0
Moment at the end [Nm],-0.2626504545336404,56,,
