,Value,Station No,Max Width [mm],Max Depth [mm],Station Thickness [mm]
Positive Shear [N],326.13366293184947,38,547.073821,355.9989775,100.89285699999982
Negative Shear [N],-326.13366293184913,19,547.073821,355.9989775,100.89285699999982
Positive Bending Moment [Nm],0.00017947130415882096,56,23.5657595,64.7176825,100.89285699999982
Negative Bending Moment [Nm],-269.54917098070945,19,547.073821,355.9989775,100.89285699999982
Moment at the end [Nm],0.00017947130415882096,56,,,
