,Value,Station No,Max Width [mm],Max Depth [mm]
Positive Shear [N],607.1398699551937,46,391.368659,339.9996385
Negative Shear [N],-786.6727245662412,17,518.7602180000001,340.0
Positive Bending Moment [Nm],201.23949598753723,17,518.7602180000001,340.0
Negative Bending Moment [Nm],-453.58051574849486,32,594.265663,340.0
Moment at the end [Nm],-0.26265045451788466,56,,
