,Value,Station No,Max Width [mm],Max Depth [mm],Station Thickness [mm]
Positive Shear [N],467.8920777127919,32,594.265663,340.0,102.6785719999998
Negative Shear [N],-725.8117978251216,16,502.03538199999997,340.0,102.67857200000003
Positive Bending Moment [Nm],213.9936865151202,16,502.03538199999997,340.0,102.67857200000003
Negative Bending Moment [Nm],-162.96708207003303,26,597.238387,340.0,102.67857099999992
Moment at the end [Nm],0.5760952259780492,56,,,
