,Value,Station No,Max Width [mm],Max Depth [mm],Station Thickness [mm]
Positive Shear [N],584.2259103328611,14,559.408027,352.4999985,104.4642859999999
Negative Shear [N],-949.9094517697135,22,641.7239890000001,352.5,104.4642859999999
Positive Bending Moment [Nm],344.5409372150083,15,576.848351,352.5,104.4642859999999
Negative Bending Moment [Nm],-811.892225621696,56,33.592611,96.962893,104.46428600000036
Moment at the end [Nm],-811.892225621696,56,,,
