,Value,Station No,Max Width [mm],Max Depth [mm],Station Thickness [mm]
Positive Shear [N],147.7426539755383,38,547.080931,340.0,102.67857099999992
Negative Shear [N],-147.74265397553856,19,547.080931,340.0,102.67857100000015
Positive Bending Moment [Nm],1.635466258947942e-13,56,23.570649,92.9781165,102.67857100000037
Negative Bending Moment [Nm],-98.57208459325471,19,547.080931,340.0,102.67857100000015
Moment at the end [Nm],1.635466258947942e-13,56,,,
