,Value,Station No,Max Width [mm],Max Depth [mm],Station Thickness [mm]
Positive Shear [N],560.9102677682583,30,599.042368,340.0,102.67857200000026
Negative Shear [N],-544.9973659680563,15,483.55158200000005,340.0,102.67857099999992
Positive Bending Moment [Nm],197.4587478822204,15,483.55158200000005,340.0,102.67857099999992
Negative Bending Moment [Nm],-49.211396536543624,23,584.408808,340.0,102.67857200000026
Moment at the end [Nm],0.48888511077602415,56,,,
