,Value,Station No,Max Width [mm],Max Depth [mm],Station Thickness [mm]
Positive Shear [N],604.0397114747196,14,509.602042,327.4999985,102.67857099999992
Negative Shear [N],-947.6116113988314,22,635.10616,327.5,102.67857099999992
Positive Bending Moment [Nm],393.78333646933163,15,531.90674,327.5,102.67857099999992
Negative Bending Moment [Nm],-657.5718022993972,56,25.927714,110.901309,102.67857100000037
Moment at the end [Nm],-657.5718022993972,56,,,
