,Value,Station No,Max Width [mm],Max Depth [mm],Station Thickness [mm]
Positive Shear [N],454.792808420897,42,483.551582,340.0,102.67857100000037
Negative Shear [N],-599.2288152716278,15,483.55158200000005,340.0,102.67857099999992
Positive Bending Moment [Nm],157.90594419015014,15,483.55158200000005,340.0,102.67857099999992
Negative Bending Moment [Nm],-149.72819975461826,24,590.0173110000001,340.0,102.67857099999992
Moment at the end [Nm],-0.017516114428706875,56,,,
