,Value,Station No,Max Width [mm],Max Depth [mm]
Positive Shear [N],625.5653122734013,41,502.035382,340.0
Negative Shear [N],-722.1285864923577,17,518.7602180000001,340.0
Positive Bending Moment [Nm],261.8505617785991,17,518.7602180000001,340.0
Negative Bending Moment [Nm],-216.4506745116376,30,599.042368,340.0
Moment at the end [Nm],0.09970882393075267,56,,
