,Value,Station No,Max Width [mm],Max Depth [mm],Station Thickness [mm]
Positive Shear [N],687.1387921600192,36,568.837002,340.0,102.67857099999992
Negative Shear [N],-747.7591490424072,23,584.408808,340.0,102.67857200000026
Positive Bending Moment [Nm],234.38760758404067,13,441.172011,339.99998949999997,102.67857200000003
Negative Bending Moment [Nm],-56.64994559465581,30,599.042368,340.0,102.67857200000026
Moment at the end [Nm],-21.102131358323824,56,,,
