,Value,Station No,Max Width [mm],Max Depth [mm],Station Thickness [mm]
Positive Shear [N],442.3644743906643,38,634.008291,352.5,102.67857099999992
Negative Shear [N],-442.3644743906646,19,634.008291,352.5,102.67857100000015
Positive Bending Moment [Nm],0.0,1,34.109421,96.962893,102.678571
Negative Bending Moment [Nm],-307.0354097374171,38,634.008291,352.5,102.67857099999992
Moment at the end [Nm],-3.227326166727051e-13,56,,,
