,Value,Station No,Max Width [mm],Max Depth [mm]
Positive Shear [N],741.8681957165741,41,502.03117499999996,355.9746245
Negative Shear [N],-888.8326441533368,18,533.7553559999999,355.9967345
Positive Bending Moment [Nm],198.14999691690613,18,533.7553559999999,355.9967345
Negative Bending Moment [Nm],-358.2909138145133,30,599.038172,356.0
Moment at the end [Nm],-0.004326340982999113,56,,
