,Value,Station No,Max Width [mm],Max Depth [mm]
Positive Shear [N],671.1248596768223,42,483.551582,340.0
Negative Shear [N],-722.1285864923577,16,502.03538199999997,340.0
Positive Bending Moment [Nm],237.93631735817854,16,502.03538199999997,340.0
Negative Bending Moment [Nm],-280.08199118912904,30,599.042368,340.0
Moment at the end [Nm],-0.767981065371933,56,,
