,Value,Station No,Max Width [mm],Max Depth [mm],Station Thickness [mm]
Positive Shear [N],32.283694081995236,19,363.606046,355.998062,102.67857100000015
Negative Shear [N],-1365.4779700654012,9,558.7541745,356.0,102.67857199999992
Positive Bending Moment [Nm],0.0,9,558.7541745,356.0,102.67857199999992
Negative Bending Moment [Nm],-1832.128464877493,19,363.606046,355.998062,102.67857100000015
Moment at the end [Nm],-1826.823970604008,56,,,
