,Value,Station No,Max Width [mm],Max Depth [mm]
Positive Shear [N],727.5803308131024,41,502.03117499999996,355.9746245
Negative Shear [N],-765.6457664519504,17,518.7574205,355.990509
Positive Bending Moment [Nm],145.1933755288403,17,518.7574205,355.990509
Negative Bending Moment [Nm],-339.00870201307396,30,599.038172,356.0
Moment at the end [Nm],-0.006547283506514829,56,,
