,Value,Station No,Max Width [mm],Max Depth [mm],Station Thickness [mm]
Positive Shear [N],671.0630364554263,14,568.014304,352.4999985,102.67857099999992
Negative Shear [N],-743.1808668258367,42,585.722941,352.5,102.67857100000037
Positive Bending Moment [Nm],410.0952884830184,15,585.722941,352.5,102.67857099999992
Negative Bending Moment [Nm],-10.797778931555968,56,34.109421,96.962893,102.67857100000037
Moment at the end [Nm],-10.797778931555877,56,,,
