,Value,Station No,Max Width [mm],Max Depth [mm],Station Thickness [mm]
Positive Shear [N],705.5803696801381,32,653.692229,327.5,102.6785719999998
Negative Shear [N],-737.3798806333566,47,399.971691,327.498062,102.67857099999947
Positive Bending Moment [Nm],263.1904788999116,47,399.971691,327.498062,102.67857099999947
Negative Bending Moment [Nm],0.0,1,25.927714,110.901309,102.678571
Moment at the end [Nm],8.686593111484342e-13,56,,,
