,Value,Station No,Max Width [mm],Max Depth [mm],Station Thickness [mm]
Positive Shear [N],599.8381261369968,33,590.0114380000001,356.0,100.89285699999982
Negative Shear [N],-647.789059372775,16,502.03117499999996,355.9746245,100.89285700000005
Positive Bending Moment [Nm],115.65311360011526,16,502.03117499999996,355.9746245,100.89285700000005
Negative Bending Moment [Nm],-213.69800322761563,26,597.2342150000001,356.0,100.89285699999982
Moment at the end [Nm],0.006727889215432515,56,,,
