,Value,Station No,Max Width [mm],Max Depth [mm],Station Thickness [mm]
Positive Shear [N],725.6746624466869,39,533.762456,340.0,102.6785719999998
Negative Shear [N],-725.6746624466875,18,533.762456,340.0,102.6785719999998
Positive Bending Moment [Nm],101.28610551345466,47,363.610629,339.9981415,102.67857099999947
Negative Bending Moment [Nm],-272.24623801932233,28,599.833653,340.0,102.67857099999992
Moment at the end [Nm],-3.05089287166993e-13,56,,,
