,Value,Station No,Max Width [mm],Max Depth [mm],Station Thickness [mm]
Positive Shear [N],429.81553487648193,38,634.008291,342.5,102.67857099999992
Negative Shear [N],-429.8155348764826,19,634.008291,342.5,102.67857100000015
Positive Bending Moment [Nm],0.0,1,34.109421,94.3063755,102.678571
Negative Bending Moment [Nm],-298.3261361938826,19,634.008291,342.5,102.67857100000015
Moment at the end [Nm],-6.948160848757614e-13,56,,,
