,Value,Station No,Max Width [mm],Max Depth [mm],Station Thickness [mm]
Positive Shear [N],332.9996347830461,38,547.073821,355.9989775,100.89285699999982
Negative Shear [N],-332.9996347830459,19,547.073821,355.9989775,100.89285699999982
Positive Bending Moment [Nm],0.0001832496480782193,56,23.5657595,64.7176825,100.89285699999982
Negative Bending Moment [Nm],-275.2238903697767,19,547.073821,355.9989775,100.89285699999982
Moment at the end [Nm],0.0001832496480782193,56,,,
