,Value,Station No,Max Width [mm],Max Depth [mm],Station Thickness [mm]
Positive Shear [N],679.0864792733146,39,533.762456,340.0,102.6785719999998
Negative Shear [N],-679.0864792733146,18,533.762456,340.0,102.6785719999998
Positive Bending Moment [Nm],136.00786115648032,47,363.610629,339.9981415,102.67857099999947
Negative Bending Moment [Nm],-169.09988557984852,28,599.833653,340.0,102.67857099999992
Moment at the end [Nm],2.208751195831294e-12,56,,,
