,Value,Station No,Max Width [mm],Max Depth [mm],Station Thickness [mm]
Positive Shear [N],650.8664738994473,36,568.837002,340.0,102.67857099999992
Negative Shear [N],-719.7387891346636,23,584.408808,340.0,102.67857200000026
Positive Bending Moment [Nm],289.0293589521723,23,584.408808,340.0,102.67857200000026
Negative Bending Moment [Nm],-21.102131358320946,56,23.570649,92.9781165,102.67857100000037
Moment at the end [Nm],-21.102131358320765,56,,,
