,Value,Station No,Max Width [mm],Max Depth [mm],Station Thickness [mm]
Positive Shear [N],805.3500874482879,46,391.3618095,354.6292265,100.89285799999925
Negative Shear [N],-805.3500874482854,10,363.601649,353.344161,100.89285700000005
Positive Bending Moment [Nm],0.0,1,23.5657595,64.7176825,100.892857
Negative Bending Moment [Nm],-546.0615093749086,28,599.8318469999999,356.0,101.89285699999982
Moment at the end [Nm],-0.9618785771170474,56,,,
