,Value,Station No,Max Width [mm],Max Depth [mm]
Positive Shear [N],694.9366777168023,41,502.03117499999996,355.9746245
Negative Shear [N],-675.2289488503635,17,518.7574205,355.990509
Positive Bending Moment [Nm],289.30595672931304,17,518.7574205,355.990509
Negative Bending Moment [Nm],-136.4949907097922,30,599.038172,356.0
Moment at the end [Nm],0.00924792100779232,56,,
