,Value,Station No,Max Width [mm],Max Depth [mm],Station Thickness [mm]
Positive Shear [N],562.5284204443867,35,577.369236,340.0,102.67857099999992
Negative Shear [N],-627.4881714967905,24,590.0173110000001,340.0,102.67857099999992
Positive Bending Moment [Nm],224.0253052028181,36,568.837002,340.0,102.67857099999992
Negative Bending Moment [Nm],0.0,1,23.570649,92.9781165,102.678571
Moment at the end [Nm],0.5903071691769877,56,,,
