,Value,Station No,Max Width [mm],Max Depth [mm],Station Thickness [mm]
Positive Shear [N],43.1930922565376,38,547.080931,340.0,102.67857099999992
Negative Shear [N],-43.19309225653781,19,547.080931,340.0,102.67857100000015
Positive Bending Moment [Nm],2.779887257886582e-14,56,23.570649,92.9781165,102.67857100000037
Negative Bending Moment [Nm],-28.89614087004072,19,547.080931,340.0,102.67857100000015
Moment at the end [Nm],2.779887257886582e-14,56,,,
