,Value,Station No,Max Width [mm],Max Depth [mm],Station Thickness [mm]
Positive Shear [N],688.3746477087379,39,533.762456,340.0,102.6785719999998
Negative Shear [N],-688.3746477087375,18,533.762456,340.0,102.6785719999998
Positive Bending Moment [Nm],129.0931911022128,47,363.610629,339.9981415,102.67857099999947
Negative Bending Moment [Nm],-189.655507584847,28,599.833653,340.0,102.67857099999992
Moment at the end [Nm],1.5530892544246555e-12,56,,,
