,Value,Station No,Max Width [mm],Max Depth [mm],Station Thickness [mm]
Positive Shear [N],488.39407965203986,43,463.274583,339.9999985,102.67857100000037
Negative Shear [N],-777.4075501139853,16,502.03538199999997,340.0,102.67857200000003
Positive Bending Moment [Nm],146.718828003849,16,502.03538199999997,340.0,102.67857200000003
Negative Bending Moment [Nm],-264.63654951716234,26,597.238387,340.0,102.67857099999992
Moment at the end [Nm],0.57609522596768,56,,,
