,Value,Station No,Max Width [mm],Max Depth [mm],Station Thickness [mm]
Positive Shear [N],539.6688853081171,34,584.408808,340.0,102.67857200000026
Negative Shear [N],-689.1664381829569,22,577.369236,340.0,102.67857099999992
Positive Bending Moment [Nm],272.29715700832367,22,577.369236,340.0,102.67857099999992
Negative Bending Moment [Nm],0.0,1,23.570649,92.9781165,102.678571
Moment at the end [Nm],0.25905947188083606,56,,,
