,Value,Station No,Max Width [mm],Max Depth [mm]
Positive Shear [N],694.9314502605168,41,502.03117499999996,355.9746245
Negative Shear [N],-675.2189109663329,17,518.7574205,355.990509
Positive Bending Moment [Nm],289.3133784874122,17,518.7574205,355.990509
Negative Bending Moment [Nm],-136.47401125885867,30,599.038172,356.0
Moment at the end [Nm],0.00935097912671012,56,,
