,Value,Station No,Max Width [mm],Max Depth [mm],Station Thickness [mm]
Positive Shear [N],602.8357239675938,34,584.4029995000001,356.0,100.89285700000028
Negative Shear [N],-905.3136840018433,16,502.03117499999996,355.9746245,100.89285700000005
Positive Bending Moment [Nm],174.92237034748547,16,502.03117499999996,355.9746245,100.89285700000005
Negative Bending Moment [Nm],-339.60139857282087,27,599.038172,356.0,100.89285700000028
Moment at the end [Nm],-0.004367169569639764,56,,,
