,Value,Station No,Max Width [mm],Max Depth [mm],Station Thickness [mm]
Positive Shear [N],375.55572232539214,38,634.008291,342.5,102.67857099999992
Negative Shear [N],-375.5557223253933,19,634.008291,342.5,102.67857100000015
Positive Bending Moment [Nm],0.0,1,34.109421,94.3063755,102.678571
Negative Bending Moment [Nm],-260.66848736289705,19,634.008291,342.5,102.67857100000015
Moment at the end [Nm],-5.075653716768449e-13,56,,,
