,Value,Station No,Max Width [mm],Max Depth [mm],Station Thickness [mm]
Positive Shear [N],595.9944498728873,42,483.551582,340.0,102.67857100000037
Negative Shear [N],-595.293402578005,14,463.274583,339.9999985,102.67857099999992
Positive Bending Moment [Nm],167.62210592595648,43,463.274583,339.9999985,102.67857100000037
Negative Bending Moment [Nm],-131.35705688224328,34,584.408808,340.0,102.67857200000026
Moment at the end [Nm],0.48995636277890237,56,,,
