,Value,Station No,Max Width [mm],Max Depth [mm],Station Thickness [mm]
Positive Shear [N],361.43348897797546,38,601.7890239999999,327.5,102.67857099999992
Negative Shear [N],-361.43348897797586,19,601.789024,327.5,102.67857100000015
Positive Bending Moment [Nm],2.380203239366052e-13,56,25.927714,110.901309,102.67857100000037
Negative Bending Moment [Nm],-241.40899297686525,19,601.789024,327.5,102.67857100000015
Moment at the end [Nm],2.380203239366052e-13,56,,,
