,Value,Station No,Max Width [mm],Max Depth [mm],Station Thickness [mm]
Positive Shear [N],558.9932848644557,30,599.042368,340.0,102.67857200000026
Negative Shear [N],-534.7113266215501,15,483.55158200000005,340.0,102.67857099999992
Positive Bending Moment [Nm],209.95735002180135,15,483.55158200000005,340.0,102.67857099999992
Negative Bending Moment [Nm],-30.11621572835534,23,584.408808,340.0,102.67857200000026
Moment at the end [Nm],0.48888511077941127,56,,,
