,Value,Station No,Max Width [mm],Max Depth [mm],Station Thickness [mm]
Positive Shear [N],173.8154896154365,38,547.080931,340.0,102.67857099999992
Negative Shear [N],-173.81548961543749,19,547.080931,340.0,102.67857100000015
Positive Bending Moment [Nm],8.496115876804878e-14,56,23.570649,92.9781165,102.67857100000037
Negative Bending Moment [Nm],-115.96756033768446,19,547.080931,340.0,102.67857100000015
Moment at the end [Nm],8.496115876804878e-14,56,,,
